Suite/Test/Step Name,Browser,Description,Start time,End time,Duration,Status
TestSuites_1,Chrome 70.0.3538.110,,2018-12-14 16:40:10,2018-12-14 16:43:02,2m - 52.273s,PASSED
,,,,,,
Test Cases/TestCase/TC2_AddBlogEntry,Chrome 70.0.3538.110,,2018-12-14 16:40:10,2018-12-14 16:40:52,41.803s,PASSED
Start listener action : beforeTestCase,Chrome 70.0.3538.110,,2018-12-14 16:40:10,2018-12-14 16:40:39,29.171s,ERROR
"Statement - header = ""["" + CustomKeywords.com.kms.cms.MyKeyword.getCurrentDateTime() + ""]"" + "" U23 Vietnam won U23 Irag""",Chrome 70.0.3538.110,PREPARE,2018-12-14 16:40:39,2018-12-14 16:40:39,0.020s,PASSED
"Statement - body = ""U23 Vietnam went to the final match with U23 Uzbekistan""",Chrome 70.0.3538.110,,2018-12-14 16:40:39,2018-12-14 16:40:39,0.002s,PASSED
"Statement - tag = ""football""",Chrome 70.0.3538.110,,2018-12-14 16:40:39,2018-12-14 16:40:39,0.001s,PASSED
"Statement - blogEntryTitle = header + "" :: Powered by Subrion 4.2""",Chrome 70.0.3538.110,,2018-12-14 16:40:39,2018-12-14 16:40:39,0.001s,PASSED
"Comment - ""Step 1: Log in to System""",Chrome 70.0.3538.110,,2018-12-14 16:40:39,2018-12-14 16:40:39,0.000s,PASSED
click,Chrome 70.0.3538.110,VP: Login to the System,2018-12-14 16:40:39,2018-12-14 16:40:40,0.631s,PASSED
callTestCase,Chrome 70.0.3538.110,,2018-12-14 16:40:40,2018-12-14 16:40:42,1.522s,PASSED
click,Chrome 70.0.3538.110,"Step 2: Click on ""Blog"" menu",2018-12-14 16:40:42,2018-12-14 16:40:42,0.953s,PASSED
callTestCase,Chrome 70.0.3538.110,Step 3: Add blog,2018-12-14 16:40:42,2018-12-14 16:40:51,8.193s,PASSED
verifyMatch,Chrome 70.0.3538.110,"VP: Brought to ""Blog Entry"" page",2018-12-14 16:40:51,2018-12-14 16:40:51,0.017s,PASSED
"Comment - ""Step 4: Verify the ""Blog Entry"" page""",Chrome 70.0.3538.110,,2018-12-14 16:40:51,2018-12-14 16:40:51,0.001s,PASSED
verifyMatch,Chrome 70.0.3538.110,"VP: Verify the title, the content, the tags are displayed correctly",2018-12-14 16:40:51,2018-12-14 16:40:51,0.037s,PASSED
verifyMatch,Chrome 70.0.3538.110,,2018-12-14 16:40:51,2018-12-14 16:40:51,0.034s,PASSED
verifyMatch,Chrome 70.0.3538.110,,2018-12-14 16:40:51,2018-12-14 16:40:51,0.031s,PASSED
Start listener action : afterTestCase,Chrome 70.0.3538.110,,2018-12-14 16:40:51,2018-12-14 16:40:52,1.055s,PASSED
,,,,,,
Test Cases/TestCase/TC3_OnlyActiveMemberCanLoginToSystem,Chrome 70.0.3538.110,,2018-12-14 16:40:52,2018-12-14 16:42:04,1m - 12.582s,PASSED
Start listener action : beforeTestCase,Chrome 70.0.3538.110,,2018-12-14 16:40:52,2018-12-14 16:41:20,27.844s,ERROR
Statement - userName = CustomKeywords.com.kms.cms.MyKeyword.getRandomUser(),Chrome 70.0.3538.110,PREPARE DATA,2018-12-14 16:41:20,2018-12-14 16:41:20,0.006s,PASSED
"Statement - fullName = userName + ""_fullName""",Chrome 70.0.3538.110,,2018-12-14 16:41:20,2018-12-14 16:41:20,0.001s,PASSED
"Statement - email = userName + ""@gmail.com""",Chrome 70.0.3538.110,,2018-12-14 16:41:20,2018-12-14 16:41:20,0.000s,PASSED
"Statement - passWord = ""BiNouLunM3UiJsgMQbjdfQ==""",Chrome 70.0.3538.110,,2018-12-14 16:41:20,2018-12-14 16:41:20,0.001s,PASSED
Statement - confirmPass = passWord,Chrome 70.0.3538.110,,2018-12-14 16:41:20,2018-12-14 16:41:20,0.000s,PASSED
"Statement - invalidLogin = ""Either login or password is invalid.""",Chrome 70.0.3538.110,,2018-12-14 16:41:20,2018-12-14 16:41:20,0.000s,PASSED
"Statement - status = ""Active""",Chrome 70.0.3538.110,,2018-12-14 16:41:20,2018-12-14 16:41:20,0.001s,PASSED
Statement - currentTab = com.kms.katalon.core.webui.keyword.WebUiBuiltInKeywords.getWindowIndex(),Chrome 70.0.3538.110,,2018-12-14 16:41:20,2018-12-14 16:41:20,0.011s,PASSED
"Comment - ""Step 1: Navigate to CMS Home page""",Chrome 70.0.3538.110,,2018-12-14 16:41:20,2018-12-14 16:41:20,0.000s,PASSED
verifyMatch,Chrome 70.0.3538.110,VP: Brought to Home page,2018-12-14 16:41:20,2018-12-14 16:41:20,0.007s,PASSED
click,Chrome 70.0.3538.110,Step 2: Follow steps in TC#1 to create a new user,2018-12-14 16:41:20,2018-12-14 16:41:20,0.630s,PASSED
callTestCase,Chrome 70.0.3538.110,,2018-12-14 16:41:20,2018-12-14 16:41:22,1.634s,PASSED
click,Chrome 70.0.3538.110,"Step 3: Click on ""Log In"" menu",2018-12-14 16:41:22,2018-12-14 16:41:23,0.604s,PASSED
verifyMatch,Chrome 70.0.3538.110,VP: Brought to Login page,2018-12-14 16:41:23,2018-12-14 16:41:23,0.005s,PASSED
callTestCase,Chrome 70.0.3538.110,Step 4: Log in with newly created user,2018-12-14 16:41:23,2018-12-14 16:41:24,0.923s,PASSED
verifyMatch,Chrome 70.0.3538.110,VP:User is still in Log In page,2018-12-14 16:41:24,2018-12-14 16:41:24,0.006s,PASSED
verifyTextPresent,Chrome 70.0.3538.110,Step 5: Verify error message is displayed: “Either login or password is invalid.”  ,2018-12-14 16:41:24,2018-12-14 16:41:24,0.057s,PASSED
"Comment - ""Step 6: Login Admin page""",Chrome 70.0.3538.110,,2018-12-14 16:41:24,2018-12-14 16:41:24,0.001s,PASSED
clearText,Chrome 70.0.3538.110,VP: Clear data in User textbox,2018-12-14 16:41:24,2018-12-14 16:41:24,0.041s,PASSED
callTestCase,Chrome 70.0.3538.110,,2018-12-14 16:41:24,2018-12-14 16:41:25,1.203s,PASSED
verifyMatch,Chrome 70.0.3538.110,VP: Brought to My Profile page,2018-12-14 16:41:25,2018-12-14 16:41:25,0.004s,PASSED
click,Chrome 70.0.3538.110,Step 7: Navigate to Administration Panel page ,2018-12-14 16:41:25,2018-12-14 16:41:25,0.077s,PASSED
switchToWindowUrl,Chrome 70.0.3538.110,,2018-12-14 16:41:25,2018-12-14 16:41:26,1.070s,PASSED
waitForPageLoad,Chrome 70.0.3538.110,VP: Brought to Dashboard page,2018-12-14 16:41:26,2018-12-14 16:41:26,0.011s,PASSED
verifyMatch,Chrome 70.0.3538.110,,2018-12-14 16:41:26,2018-12-14 16:41:26,0.006s,PASSED
delay,Chrome 70.0.3538.110,"Step 8: Click on ""Member"" menu of main menu",2018-12-14 16:41:26,2018-12-14 16:41:36,10.007s,PASSED
click,Chrome 70.0.3538.110,,2018-12-14 16:41:36,2018-12-14 16:41:36,0.069s,PASSED
click,Chrome 70.0.3538.110,"Step 9: Click on "" Member"" menu on Sub menu",2018-12-14 16:41:36,2018-12-14 16:41:37,1.063s,PASSED
waitForElementVisible,Chrome 70.0.3538.110,Step 10: Click on Edit icon of created member,2018-12-14 16:41:37,2018-12-14 16:41:37,0.077s,PASSED
setText,Chrome 70.0.3538.110,,2018-12-14 16:41:37,2018-12-14 16:41:38,0.322s,PASSED
click,Chrome 70.0.3538.110,,2018-12-14 16:41:38,2018-12-14 16:41:38,0.104s,PASSED
delay,Chrome 70.0.3538.110,,2018-12-14 16:41:38,2018-12-14 16:41:48,10.000s,PASSED
click,Chrome 70.0.3538.110,,2018-12-14 16:41:48,2018-12-14 16:41:48,0.055s,PASSED
click,Chrome 70.0.3538.110,,2018-12-14 16:41:48,2018-12-14 16:41:49,0.938s,PASSED
verifyMatch,Chrome 70.0.3538.110,VP: Brought to Edit Member page,2018-12-14 16:41:49,2018-12-14 16:41:49,0.006s,PASSED
selectOptionByLabel,Chrome 70.0.3538.110,"Step 11: Select ""Active"" status",2018-12-14 16:41:49,2018-12-14 16:41:49,0.094s,PASSED
click,Chrome 70.0.3538.110,"Step 12: Click on ""Save"" button",2018-12-14 16:41:49,2018-12-14 16:41:50,1.149s,PASSED
waitForPageLoad,Chrome 70.0.3538.110,Brought to Members page,2018-12-14 16:41:50,2018-12-14 16:41:50,0.078s,PASSED
delay,Chrome 70.0.3538.110,Step 13: Log out of the system,2018-12-14 16:41:50,2018-12-14 16:42:00,10.001s,PASSED
click,Chrome 70.0.3538.110,,2018-12-14 16:42:00,2018-12-14 16:42:01,0.585s,PASSED
click,Chrome 70.0.3538.110,Step 14: Navigate to Home Page,2018-12-14 16:42:01,2018-12-14 16:42:01,0.738s,PASSED
click,Chrome 70.0.3538.110,"Step 15: Click on ""Log In"" menu",2018-12-14 16:42:01,2018-12-14 16:42:02,0.556s,PASSED
callTestCase,Chrome 70.0.3538.110,Step 16: Log in with activated user,2018-12-14 16:42:02,2018-12-14 16:42:03,1.403s,PASSED
verifyMatch,Chrome 70.0.3538.110,"Brought to Home Page, username is displayed in the menu bar",2018-12-14 16:42:03,2018-12-14 16:42:03,0.005s,PASSED
verifyMatch,Chrome 70.0.3538.110,,2018-12-14 16:42:03,2018-12-14 16:42:03,0.040s,PASSED
Start listener action : afterTestCase,Chrome 70.0.3538.110,,2018-12-14 16:42:03,2018-12-14 16:42:04,1.026s,PASSED
,,,,,,
Test Cases/TestCase/TC1_RegisterMember,Chrome 70.0.3538.110,,2018-12-14 16:42:04,2018-12-14 16:43:02,57.501s,PASSED
Start listener action : beforeTestCase,Chrome 70.0.3538.110,,2018-12-14 16:42:04,2018-12-14 16:42:33,28.847s,ERROR
Statement - userName = CustomKeywords.com.kms.cms.MyKeyword.getRandomUser(),Chrome 70.0.3538.110,PREPARE DATA,2018-12-14 16:42:33,2018-12-14 16:42:33,0.000s,PASSED
"Statement - fullName = userName + ""_fullName""",Chrome 70.0.3538.110,,2018-12-14 16:42:33,2018-12-14 16:42:33,0.001s,PASSED
"Statement - email = userName + ""@gmail.com""",Chrome 70.0.3538.110,,2018-12-14 16:42:33,2018-12-14 16:42:33,0.000s,PASSED
"Statement - passWord = ""BiNouLunM3UiJsgMQbjdfQ==""",Chrome 70.0.3538.110,,2018-12-14 16:42:33,2018-12-14 16:42:33,0.000s,PASSED
Statement - confirmPass = passWord,Chrome 70.0.3538.110,,2018-12-14 16:42:33,2018-12-14 16:42:33,0.000s,PASSED
"Comment - ""Step 1: Navigate to CMS Home page""",Chrome 70.0.3538.110,,2018-12-14 16:42:33,2018-12-14 16:42:33,0.001s,PASSED
verifyMatch,Chrome 70.0.3538.110,VP: Brought to Home page,2018-12-14 16:42:33,2018-12-14 16:42:33,0.007s,PASSED
click,Chrome 70.0.3538.110,"Step 2: Click on ""Sign Up"" link in Main Menu",2018-12-14 16:42:33,2018-12-14 16:42:34,0.678s,PASSED
callTestCase,Chrome 70.0.3538.110,Step 3: Register a Member ,2018-12-14 16:42:34,2018-12-14 16:42:35,1.455s,PASSED
verifyMatch,Chrome 70.0.3538.110,VP: Brought to Registration page,2018-12-14 16:42:35,2018-12-14 16:42:35,0.009s,PASSED
verifyTextPresent,Chrome 70.0.3538.110,"Step 4: Verify the successful message ""Member registered! Thank you!"" is displayed correctly",2018-12-14 16:42:35,2018-12-14 16:42:36,0.050s,PASSED
verifyTextPresent,Chrome 70.0.3538.110,Step 5: Verify the registration email is displayed in the information message,2018-12-14 16:42:36,2018-12-14 16:42:36,0.037s,PASSED
callTestCase,Chrome 70.0.3538.110,CLEAN UP,2018-12-14 16:42:36,2018-12-14 16:43:01,25.313s,PASSED
Start listener action : afterTestCase,Chrome 70.0.3538.110,,2018-12-14 16:43:01,2018-12-14 16:43:02,1.018s,PASSED
