{"devicePlatform":"","logFolder":"D:\\MyDocument\\Katalon\\KATALON\\KatalonTest\\Reports\\TestSuites_1\\20181214_164008","runData":{"hostName":"yentran - SGH734TXL4.kms.com.vn","os":"Windows 10 64bit","katalonVersion":"5.7.1.1","browser":"Chrome 70.0.3538.110","hostAddress":"192.168.11.55","sessionId":"c214a9a07f1edbdf5e14bb6710c683c9","seleniumVersion":"3.7.1","proxyInformation":"ProxyInformation{proxyOption\u003dNO_PROXY, proxyServerType\u003dHTTP, password\u003d, proxyServerAddress\u003d, proxyServerPort\u003d0}","platform":"Windows 10"},"type":"TEST_SUITE","name":"TestSuites_1","id":"Test Suites/TestSuites_1","source":"","message":"Test Cases/TestCase/TC1_RegisterMember","description":"","startTime":1544780410158,"endTime":1544780582431,"childRecords":[{"isOptional":false,"type":"TEST_CASE","name":"Test Cases/TestCase/TC2_AddBlogEntry","id":"Test Cases/TestCase/TC2_AddBlogEntry","source":"D:\\\\MyDocument\\\\Katalon\\\\KATALON\\\\KatalonTest\\\\Test Cases\\\\TestCase\\\\TC2_AddBlogEntry.tc","message":"Test Cases/TestCase/TC2_AddBlogEntry","description":"","startTime":1544780410521,"endTime":1544780452324,"childRecords":[{"testStatus":{"stackTrace":"","statusValue":"INFO"},"type":"MESSAGE","name":"","message":"Evaluating variables for test case","startTime":1544780410547,"endTime":0,"childRecords":[],"interuppted":false},{"index":-1,"isIgnoredIfFailed":false,"type":"TEST_STEP","name":"Start listener action : beforeTestCase","message":"Variable \u0027ShortTimeout\u0027 is not defined for test case.","description":"","startTime":1544780410549,"endTime":1544780439720,"childRecords":[{"index":1,"isIgnoredIfFailed":false,"type":"TEST_STEP","name":"Statement - println(testCaseContext.getTestCaseId())","description":"","startTime":1544780410550,"endTime":1544780410553,"childRecords":[],"interuppted":false},{"index":2,"isIgnoredIfFailed":false,"type":"TEST_STEP","name":"Statement - println(testCaseContext.getTestCaseVariables())","description":"","startTime":1544780410553,"endTime":1544780410554,"childRecords":[],"interuppted":false},{"index":3,"isIgnoredIfFailed":false,"type":"TEST_STEP","name":"openBrowser","message":"Browser is opened with url: \u0027http://13.250.134.32/subrion/\u0027","description":"","startTime":1544780410555,"endTime":1544780438574,"childRecords":[{"testStatus":{"stackTrace":"","statusValue":"PASSED"},"type":"MESSAGE","name":"","message":"Browser is opened with url: \u0027http://13.250.134.32/subrion/\u0027","startTime":1544780438574,"endTime":0,"childRecords":[],"interuppted":false}],"interuppted":false},{"index":4,"isIgnoredIfFailed":false,"type":"TEST_STEP","name":"maximizeWindow","message":"Current window maximized","description":"","startTime":1544780438575,"endTime":1544780439717,"childRecords":[{"testStatus":{"stackTrace":"","statusValue":"PASSED"},"type":"MESSAGE","name":"","message":"Current window maximized","startTime":1544780439717,"endTime":0,"childRecords":[],"interuppted":false}],"interuppted":false},{"index":5,"isIgnoredIfFailed":false,"type":"TEST_STEP","name":"waitForPageLoad","message":"Variable \u0027ShortTimeout\u0027 is not defined for test case.","description":"","startTime":1544780439718,"endTime":1544780439720,"childRecords":[{"testStatus":{"stackTrace":"","statusValue":"ERROR"},"type":"MESSAGE","name":"","message":"Variable \u0027ShortTimeout\u0027 is not defined for test case.","startTime":1544780439719,"endTime":0,"childRecords":[],"interuppted":false}],"interuppted":false}],"interuppted":false},{"index":1,"isIgnoredIfFailed":false,"type":"TEST_STEP","name":"Statement - header \u003d \"[\" + CustomKeywords.com.kms.cms.MyKeyword.getCurrentDateTime() + \"]\" + \" U23 Vietnam won U23 Irag\"","message":"com.kms.cms.MyKeyword.getCurrentDateTime is PASSED","description":"PREPARE","startTime":1544780439823,"endTime":1544780439843,"childRecords":[{"testStatus":{"stackTrace":"","statusValue":"PASSED"},"type":"MESSAGE","name":"","message":"com.kms.cms.MyKeyword.getCurrentDateTime is PASSED","startTime":1544780439843,"endTime":0,"childRecords":[],"interuppted":false}],"interuppted":false},{"index":2,"isIgnoredIfFailed":false,"type":"TEST_STEP","name":"Statement - body \u003d \"U23 Vietnam went to the final match with U23 Uzbekistan\"","description":"","startTime":1544780439843,"endTime":1544780439845,"childRecords":[],"interuppted":false},{"index":3,"isIgnoredIfFailed":false,"type":"TEST_STEP","name":"Statement - tag \u003d \"football\"","description":"","startTime":1544780439845,"endTime":1544780439846,"childRecords":[],"interuppted":false},{"index":4,"isIgnoredIfFailed":false,"type":"TEST_STEP","name":"Statement - blogEntryTitle \u003d header + \" :: Powered by Subrion 4.2\"","description":"","startTime":1544780439846,"endTime":1544780439847,"childRecords":[],"interuppted":false},{"index":5,"isIgnoredIfFailed":false,"type":"TEST_STEP","name":"Comment - \"Step 1: Log in to System\"","description":"","startTime":1544780439847,"endTime":1544780439847,"childRecords":[],"interuppted":false},{"index":6,"isIgnoredIfFailed":false,"type":"TEST_STEP","name":"click","message":"Object: \u0027Object Repository/HomePage/lnk_LogIn\u0027 is clicked on","description":"VP: Login to the System","startTime":1544780439848,"endTime":1544780440479,"childRecords":[{"testStatus":{"stackTrace":"","statusValue":"PASSED"},"type":"MESSAGE","name":"","message":"Object: \u0027Object Repository/HomePage/lnk_LogIn\u0027 is clicked on","startTime":1544780440477,"endTime":0,"childRecords":[],"interuppted":false}],"interuppted":false},{"index":7,"isIgnoredIfFailed":false,"type":"TEST_STEP","name":"callTestCase","message":"Call Test Case \u0027Test Cases/CommonTestcase/LoginSystem\u0027 successfully","description":"","startTime":1544780440479,"endTime":1544780442001,"childRecords":[{"isOptional":false,"type":"TEST_CASE","name":"Test Cases/CommonTestcase/LoginSystem","id":"Test Cases/CommonTestcase/LoginSystem","source":"D:\\\\MyDocument\\\\Katalon\\\\KATALON\\\\KatalonTest\\\\Test Cases\\\\CommonTestcase\\\\LoginSystem.tc","message":"Test Cases/CommonTestcase/LoginSystem","description":"","startTime":1544780440551,"endTime":1544780441998,"childRecords":[{"testStatus":{"stackTrace":"","statusValue":"INFO"},"type":"MESSAGE","name":"","message":"Evaluating variables for test case","startTime":1544780440556,"endTime":0,"childRecords":[],"interuppted":false},{"index":1,"isIgnoredIfFailed":false,"type":"TEST_STEP","name":"setText","message":"Text \u0027katalontest\u0027 is set on object \u0027Object Repository/LoginPage/txt_Username\u0027","description":"Input username to \"username\" textbox","startTime":1544780440656,"endTime":1544780440763,"childRecords":[{"testStatus":{"stackTrace":"","statusValue":"PASSED"},"type":"MESSAGE","name":"","message":"Text \u0027katalontest\u0027 is set on object \u0027Object Repository/LoginPage/txt_Username\u0027","startTime":1544780440762,"endTime":0,"childRecords":[],"interuppted":false}],"interuppted":false},{"index":2,"isIgnoredIfFailed":false,"type":"TEST_STEP","name":"setEncryptedText","message":"Text ****** has been set on object \u0027Object Repository/LoginPage/txt_Password\u0027","description":"Input password to \"password\" textbox","startTime":1544780440763,"endTime":1544780440913,"childRecords":[{"testStatus":{"stackTrace":"","statusValue":"PASSED"},"type":"MESSAGE","name":"","message":"Text ****** has been set on object \u0027Object Repository/LoginPage/txt_Password\u0027","startTime":1544780440912,"endTime":0,"childRecords":[],"interuppted":false}],"interuppted":false},{"index":3,"isIgnoredIfFailed":false,"type":"TEST_STEP","name":"click","message":"Object: \u0027Object Repository/LoginPage/btn_Login\u0027 is clicked on","description":"Click Log in button","startTime":1544780440913,"endTime":1544780441998,"childRecords":[{"testStatus":{"stackTrace":"","statusValue":"PASSED"},"type":"MESSAGE","name":"","message":"Object: \u0027Object Repository/LoginPage/btn_Login\u0027 is clicked on","startTime":1544780441997,"endTime":0,"childRecords":[],"interuppted":false}],"interuppted":false},{"testStatus":{"stackTrace":"","statusValue":"PASSED"},"type":"MESSAGE","name":"","message":"Test Cases/CommonTestcase/LoginSystem","startTime":1544780441998,"endTime":0,"childRecords":[],"interuppted":false}],"interuppted":false},{"testStatus":{"stackTrace":"","statusValue":"PASSED"},"type":"MESSAGE","name":"","message":"Call Test Case \u0027Test Cases/CommonTestcase/LoginSystem\u0027 successfully","startTime":1544780442000,"endTime":0,"childRecords":[],"interuppted":false}],"interuppted":false},{"index":8,"isIgnoredIfFailed":false,"type":"TEST_STEP","name":"click","message":"Object: \u0027Object Repository/HomePage/lnk_Blog\u0027 is clicked on","description":"Step 2: Click on \"Blog\" menu","startTime":1544780442001,"endTime":1544780442954,"childRecords":[{"testStatus":{"stackTrace":"","statusValue":"PASSED"},"type":"MESSAGE","name":"","message":"Object: \u0027Object Repository/HomePage/lnk_Blog\u0027 is clicked on","startTime":1544780442953,"endTime":0,"childRecords":[],"interuppted":false}],"interuppted":false},{"index":9,"isIgnoredIfFailed":false,"type":"TEST_STEP","name":"callTestCase","message":"Call Test Case \u0027Test Cases/CommonTestcase/AddBlogEntry\u0027 successfully","description":"Step 3: Add blog","startTime":1544780442954,"endTime":1544780451147,"childRecords":[{"isOptional":false,"type":"TEST_CASE","name":"Test Cases/CommonTestcase/AddBlogEntry","id":"Test Cases/CommonTestcase/AddBlogEntry","source":"D:\\\\MyDocument\\\\Katalon\\\\KATALON\\\\KatalonTest\\\\Test Cases\\\\CommonTestcase\\\\AddBlogEntry.tc","message":"Test Cases/CommonTestcase/AddBlogEntry","description":"","startTime":1544780443010,"endTime":1544780451146,"childRecords":[{"testStatus":{"stackTrace":"","statusValue":"INFO"},"type":"MESSAGE","name":"","message":"Evaluating variables for test case","startTime":1544780443015,"endTime":0,"childRecords":[],"interuppted":false},{"index":1,"isIgnoredIfFailed":false,"type":"TEST_STEP","name":"click","message":"Object: \u0027Object Repository/AddBlogPage/btn_AddBlogEntry\u0027 is clicked on","description":"Click on \"Add Blog Entry\" button","startTime":1544780443085,"endTime":1544780444113,"childRecords":[{"testStatus":{"stackTrace":"","statusValue":"PASSED"},"type":"MESSAGE","name":"","message":"Object: \u0027Object Repository/AddBlogPage/btn_AddBlogEntry\u0027 is clicked on","startTime":1544780444112,"endTime":0,"childRecords":[],"interuppted":false}],"interuppted":false},{"index":2,"isIgnoredIfFailed":false,"type":"TEST_STEP","name":"setText","message":"Text \u0027[20181214-041239] U23 Vietnam won U23 Irag\u0027 is set on object \u0027Object Repository/AddBlogPage/txt_Title\u0027","description":"Input value into \"Title\" field","startTime":1544780444113,"endTime":1544780444295,"childRecords":[{"testStatus":{"stackTrace":"","statusValue":"PASSED"},"type":"MESSAGE","name":"","message":"Text \u0027[20181214-041239] U23 Vietnam won U23 Irag\u0027 is set on object \u0027Object Repository/AddBlogPage/txt_Title\u0027","startTime":1544780444295,"endTime":0,"childRecords":[],"interuppted":false}],"interuppted":false},{"index":3,"isIgnoredIfFailed":false,"type":"TEST_STEP","name":"switchToFrame","message":"Switched to iframe: \u0027Object Repository/AddBlogPage/fra_Iframe\u0027","description":"Input value into \"Body\" field","startTime":1544780444295,"endTime":1544780447010,"childRecords":[],"interuppted":false},{"index":4,"isIgnoredIfFailed":false,"type":"TEST_STEP","name":"setText","message":"Text \u0027U23 Vietnam went to the final match with U23 Uzbekistan\u0027 is set on object \u0027Object Repository/AddBlogPage/txt_body\u0027","description":"","startTime":1544780447011,"endTime":1544780447724,"childRecords":[{"testStatus":{"stackTrace":"","statusValue":"PASSED"},"type":"MESSAGE","name":"","message":"Text \u0027U23 Vietnam went to the final match with U23 Uzbekistan\u0027 is set on object \u0027Object Repository/AddBlogPage/txt_body\u0027","startTime":1544780447724,"endTime":0,"childRecords":[],"interuppted":false}],"interuppted":false},{"index":5,"isIgnoredIfFailed":false,"type":"TEST_STEP","name":"switchToDefaultContent","message":"Switching to default content","description":"","startTime":1544780447725,"endTime":1544780447744,"childRecords":[],"interuppted":false},{"index":6,"isIgnoredIfFailed":false,"type":"TEST_STEP","name":"setText","message":"Text \u0027football\u0027 is set on object \u0027Object Repository/AddBlogPage/txt_Tag\u0027","description":"Input value into \"Tags\"  field","startTime":1544780447745,"endTime":1544780447844,"childRecords":[{"testStatus":{"stackTrace":"","statusValue":"PASSED"},"type":"MESSAGE","name":"","message":"Text \u0027football\u0027 is set on object \u0027Object Repository/AddBlogPage/txt_Tag\u0027","startTime":1544780447843,"endTime":0,"childRecords":[],"interuppted":false}],"interuppted":false},{"index":7,"isIgnoredIfFailed":false,"type":"TEST_STEP","name":"click","message":"Object: \u0027Object Repository/AddBlogPage/btn_Save\u0027 is clicked on","description":"Click on \"Save\" button","startTime":1544780447844,"endTime":1544780451119,"childRecords":[{"testStatus":{"stackTrace":"","statusValue":"PASSED"},"type":"MESSAGE","name":"","message":"Object: \u0027Object Repository/AddBlogPage/btn_Save\u0027 is clicked on","startTime":1544780451118,"endTime":0,"childRecords":[],"interuppted":false}],"interuppted":false},{"index":8,"isIgnoredIfFailed":false,"type":"TEST_STEP","name":"waitForPageLoad","message":"Wait for page load successfully","description":"","startTime":1544780451119,"endTime":1544780451146,"childRecords":[{"testStatus":{"stackTrace":"","statusValue":"PASSED"},"type":"MESSAGE","name":"","message":"Wait for page load successfully","startTime":1544780451146,"endTime":0,"childRecords":[],"interuppted":false}],"interuppted":false},{"testStatus":{"stackTrace":"","statusValue":"PASSED"},"type":"MESSAGE","name":"","message":"Test Cases/CommonTestcase/AddBlogEntry","startTime":1544780451146,"endTime":0,"childRecords":[],"interuppted":false}],"interuppted":false},{"testStatus":{"stackTrace":"","statusValue":"PASSED"},"type":"MESSAGE","name":"","message":"Call Test Case \u0027Test Cases/CommonTestcase/AddBlogEntry\u0027 successfully","startTime":1544780451146,"endTime":0,"childRecords":[],"interuppted":false}],"interuppted":false},{"index":10,"isIgnoredIfFailed":false,"type":"TEST_STEP","name":"verifyMatch","message":"Actual text \u0027[20181214-041239] U23 Vietnam won U23 Irag :: Powered by Subrion 4.2\u0027 and expected text \u0027[20181214-041239] U23 Vietnam won U23 Irag :: Powered by Subrion 4.2\u0027 are matched ","description":"VP: Brought to \"Blog Entry\" page","startTime":1544780451147,"endTime":1544780451164,"childRecords":[{"testStatus":{"stackTrace":"","statusValue":"PASSED"},"type":"MESSAGE","name":"","message":"Current window\u0027s title is: \u0027[20181214-041239] U23 Vietnam won U23 Irag :: Powered by Subrion 4.2\u0027","startTime":1544780451160,"endTime":0,"childRecords":[],"interuppted":false},{"testStatus":{"stackTrace":"","statusValue":"PASSED"},"type":"MESSAGE","name":"","message":"Actual text \u0027[20181214-041239] U23 Vietnam won U23 Irag :: Powered by Subrion 4.2\u0027 and expected text \u0027[20181214-041239] U23 Vietnam won U23 Irag :: Powered by Subrion 4.2\u0027 are matched ","startTime":1544780451164,"endTime":0,"childRecords":[],"interuppted":false}],"interuppted":false},{"index":11,"isIgnoredIfFailed":false,"type":"TEST_STEP","name":"Comment - \"Step 4: Verify the \"Blog Entry\" page\"","description":"","startTime":1544780451164,"endTime":1544780451165,"childRecords":[],"interuppted":false},{"index":12,"isIgnoredIfFailed":false,"type":"TEST_STEP","name":"verifyMatch","message":"Actual text \u0027[20181214-041239] U23 Vietnam won U23 Irag\u0027 and expected text \u0027[20181214-041239] U23 Vietnam won U23 Irag\u0027 are matched ","description":"VP: Verify the title, the content, the tags are displayed correctly","startTime":1544780451165,"endTime":1544780451202,"childRecords":[{"testStatus":{"stackTrace":"","statusValue":"PASSED"},"type":"MESSAGE","name":"","message":"Text of object \u0027Object Repository/AdminPage/dat_header\u0027 is: \u0027[20181214-041239] U23 Vietnam won U23 Irag\u0027","startTime":1544780451202,"endTime":0,"childRecords":[],"interuppted":false},{"testStatus":{"stackTrace":"","statusValue":"PASSED"},"type":"MESSAGE","name":"","message":"Actual text \u0027[20181214-041239] U23 Vietnam won U23 Irag\u0027 and expected text \u0027[20181214-041239] U23 Vietnam won U23 Irag\u0027 are matched ","startTime":1544780451202,"endTime":0,"childRecords":[],"interuppted":false}],"interuppted":false},{"index":13,"isIgnoredIfFailed":false,"type":"TEST_STEP","name":"verifyMatch","message":"Actual text \u0027U23 Vietnam went to the final match with U23 Uzbekistan\u0027 and expected text \u0027U23 Vietnam went to the final match with U23 Uzbekistan\u0027 are matched ","description":"","startTime":1544780451203,"endTime":1544780451237,"childRecords":[{"testStatus":{"stackTrace":"","statusValue":"PASSED"},"type":"MESSAGE","name":"","message":"Text of object \u0027Object Repository/AdminPage/dat_contentBody\u0027 is: \u0027U23 Vietnam went to the final match with U23 Uzbekistan\u0027","startTime":1544780451236,"endTime":0,"childRecords":[],"interuppted":false},{"testStatus":{"stackTrace":"","statusValue":"PASSED"},"type":"MESSAGE","name":"","message":"Actual text \u0027U23 Vietnam went to the final match with U23 Uzbekistan\u0027 and expected text \u0027U23 Vietnam went to the final match with U23 Uzbekistan\u0027 are matched ","startTime":1544780451237,"endTime":0,"childRecords":[],"interuppted":false}],"interuppted":false},{"index":14,"isIgnoredIfFailed":false,"type":"TEST_STEP","name":"verifyMatch","message":"Actual text \u0027football\u0027 and expected text \u0027football\u0027 are matched ","description":"","startTime":1544780451237,"endTime":1544780451268,"childRecords":[{"testStatus":{"stackTrace":"","statusValue":"PASSED"},"type":"MESSAGE","name":"","message":"Text of object \u0027Object Repository/AdminPage/dat_Tag\u0027 is: \u0027football\u0027","startTime":1544780451267,"endTime":0,"childRecords":[],"interuppted":false},{"testStatus":{"stackTrace":"","statusValue":"PASSED"},"type":"MESSAGE","name":"","message":"Actual text \u0027football\u0027 and expected text \u0027football\u0027 are matched ","startTime":1544780451268,"endTime":0,"childRecords":[],"interuppted":false}],"interuppted":false},{"testStatus":{"stackTrace":"","statusValue":"PASSED"},"type":"MESSAGE","name":"","message":"Test Cases/TestCase/TC2_AddBlogEntry","startTime":1544780451269,"endTime":0,"childRecords":[],"interuppted":false},{"index":-1,"isIgnoredIfFailed":false,"type":"TEST_STEP","name":"Start listener action : afterTestCase","message":"Browser is closed","description":"","startTime":1544780451269,"endTime":1544780452324,"childRecords":[{"index":1,"isIgnoredIfFailed":false,"type":"TEST_STEP","name":"Statement - println(testCaseContext.getTestCaseId())","description":"","startTime":1544780451269,"endTime":1544780451269,"childRecords":[],"interuppted":false},{"index":2,"isIgnoredIfFailed":false,"type":"TEST_STEP","name":"Statement - println(testCaseContext.getTestCaseStatus())","description":"","startTime":1544780451269,"endTime":1544780451270,"childRecords":[],"interuppted":false},{"index":3,"isIgnoredIfFailed":false,"type":"TEST_STEP","name":"closeBrowser","message":"Browser is closed","description":"","startTime":1544780451270,"endTime":1544780452324,"childRecords":[{"testStatus":{"stackTrace":"","statusValue":"PASSED"},"type":"MESSAGE","name":"","message":"Browser is closed","startTime":1544780452323,"endTime":0,"childRecords":[],"interuppted":false}],"interuppted":false}],"interuppted":false}],"interuppted":false},{"isOptional":false,"type":"TEST_CASE","name":"Test Cases/TestCase/TC3_OnlyActiveMemberCanLoginToSystem","id":"Test Cases/TestCase/TC3_OnlyActiveMemberCanLoginToSystem","source":"D:\\\\MyDocument\\\\Katalon\\\\KATALON\\\\KatalonTest\\\\Test Cases\\\\TestCase\\\\TC3_OnlyActiveMemberCanLoginToSystem.tc","message":"Test Cases/TestCase/TC3_OnlyActiveMemberCanLoginToSystem","description":"","startTime":1544780452327,"endTime":1544780524909,"childRecords":[{"testStatus":{"stackTrace":"","statusValue":"INFO"},"type":"MESSAGE","name":"","message":"Evaluating variables for test case","startTime":1544780452339,"endTime":0,"childRecords":[],"interuppted":false},{"index":-1,"isIgnoredIfFailed":false,"type":"TEST_STEP","name":"Start listener action : beforeTestCase","message":"Variable \u0027ShortTimeout\u0027 is not defined for test case.","description":"","startTime":1544780452339,"endTime":1544780480183,"childRecords":[{"index":1,"isIgnoredIfFailed":false,"type":"TEST_STEP","name":"Statement - println(testCaseContext.getTestCaseId())","description":"","startTime":1544780452340,"endTime":1544780452340,"childRecords":[],"interuppted":false},{"index":2,"isIgnoredIfFailed":false,"type":"TEST_STEP","name":"Statement - println(testCaseContext.getTestCaseVariables())","description":"","startTime":1544780452340,"endTime":1544780452340,"childRecords":[],"interuppted":false},{"index":3,"isIgnoredIfFailed":false,"type":"TEST_STEP","name":"openBrowser","message":"Browser is opened with url: \u0027http://13.250.134.32/subrion/\u0027","description":"","startTime":1544780452340,"endTime":1544780479064,"childRecords":[{"testStatus":{"stackTrace":"","statusValue":"PASSED"},"type":"MESSAGE","name":"","message":"Browser is opened with url: \u0027http://13.250.134.32/subrion/\u0027","startTime":1544780479063,"endTime":0,"childRecords":[],"interuppted":false}],"interuppted":false},{"index":4,"isIgnoredIfFailed":false,"type":"TEST_STEP","name":"maximizeWindow","message":"Current window maximized","description":"","startTime":1544780479065,"endTime":1544780480182,"childRecords":[{"testStatus":{"stackTrace":"","statusValue":"PASSED"},"type":"MESSAGE","name":"","message":"Current window maximized","startTime":1544780480182,"endTime":0,"childRecords":[],"interuppted":false}],"interuppted":false},{"index":5,"isIgnoredIfFailed":false,"type":"TEST_STEP","name":"waitForPageLoad","message":"Variable \u0027ShortTimeout\u0027 is not defined for test case.","description":"","startTime":1544780480182,"endTime":1544780480182,"childRecords":[{"testStatus":{"stackTrace":"","statusValue":"ERROR"},"type":"MESSAGE","name":"","message":"Variable \u0027ShortTimeout\u0027 is not defined for test case.","startTime":1544780480182,"endTime":0,"childRecords":[],"interuppted":false}],"interuppted":false}],"interuppted":false},{"index":1,"isIgnoredIfFailed":false,"type":"TEST_STEP","name":"Statement - userName \u003d CustomKeywords.com.kms.cms.MyKeyword.getRandomUser()","message":"com.kms.cms.MyKeyword.getRandomUser is PASSED","description":"PREPARE DATA","startTime":1544780480290,"endTime":1544780480296,"childRecords":[{"testStatus":{"stackTrace":"","statusValue":"PASSED"},"type":"MESSAGE","name":"","message":"com.kms.cms.MyKeyword.getRandomUser is PASSED","startTime":1544780480296,"endTime":0,"childRecords":[],"interuppted":false}],"interuppted":false},{"index":2,"isIgnoredIfFailed":false,"type":"TEST_STEP","name":"Statement - fullName \u003d userName + \"_fullName\"","description":"","startTime":1544780480297,"endTime":1544780480298,"childRecords":[],"interuppted":false},{"index":3,"isIgnoredIfFailed":false,"type":"TEST_STEP","name":"Statement - email \u003d userName + \"@gmail.com\"","description":"","startTime":1544780480298,"endTime":1544780480298,"childRecords":[],"interuppted":false},{"index":4,"isIgnoredIfFailed":false,"type":"TEST_STEP","name":"Statement - passWord \u003d \"BiNouLunM3UiJsgMQbjdfQ\u003d\u003d\"","description":"","startTime":1544780480298,"endTime":1544780480299,"childRecords":[],"interuppted":false},{"index":5,"isIgnoredIfFailed":false,"type":"TEST_STEP","name":"Statement - confirmPass \u003d passWord","description":"","startTime":1544780480299,"endTime":1544780480299,"childRecords":[],"interuppted":false},{"index":6,"isIgnoredIfFailed":false,"type":"TEST_STEP","name":"Statement - invalidLogin \u003d \"Either login or password is invalid.\"","description":"","startTime":1544780480299,"endTime":1544780480299,"childRecords":[],"interuppted":false},{"index":7,"isIgnoredIfFailed":false,"type":"TEST_STEP","name":"Statement - status \u003d \"Active\"","description":"","startTime":1544780480299,"endTime":1544780480300,"childRecords":[],"interuppted":false},{"index":8,"isIgnoredIfFailed":false,"type":"TEST_STEP","name":"Statement - currentTab \u003d com.kms.katalon.core.webui.keyword.WebUiBuiltInKeywords.getWindowIndex()","message":"Current window\u0027s index is: 0","description":"","startTime":1544780480300,"endTime":1544780480311,"childRecords":[{"testStatus":{"stackTrace":"","statusValue":"PASSED"},"type":"MESSAGE","name":"","message":"Current window\u0027s index is: 0","startTime":1544780480311,"endTime":0,"childRecords":[],"interuppted":false}],"interuppted":false},{"index":9,"isIgnoredIfFailed":false,"type":"TEST_STEP","name":"Comment - \"Step 1: Navigate to CMS Home page\"","description":"","startTime":1544780480312,"endTime":1544780480312,"childRecords":[],"interuppted":false},{"index":10,"isIgnoredIfFailed":false,"type":"TEST_STEP","name":"verifyMatch","message":"Actual text \u0027Home :: Powered by Subrion 4.2\u0027 and expected text \u0027Home :: Powered by Subrion 4.2\u0027 are matched ","description":"VP: Brought to Home page","startTime":1544780480312,"endTime":1544780480319,"childRecords":[{"testStatus":{"stackTrace":"","statusValue":"PASSED"},"type":"MESSAGE","name":"","message":"Current window\u0027s title is: \u0027Home :: Powered by Subrion 4.2\u0027","startTime":1544780480318,"endTime":0,"childRecords":[],"interuppted":false},{"testStatus":{"stackTrace":"","statusValue":"PASSED"},"type":"MESSAGE","name":"","message":"Actual text \u0027Home :: Powered by Subrion 4.2\u0027 and expected text \u0027Home :: Powered by Subrion 4.2\u0027 are matched ","startTime":1544780480319,"endTime":0,"childRecords":[],"interuppted":false}],"interuppted":false},{"index":11,"isIgnoredIfFailed":false,"type":"TEST_STEP","name":"click","message":"Object: \u0027Object Repository/HomePage/lnk_SignUp\u0027 is clicked on","description":"Step 2: Follow steps in TC#1 to create a new user","startTime":1544780480319,"endTime":1544780480949,"childRecords":[{"testStatus":{"stackTrace":"","statusValue":"PASSED"},"type":"MESSAGE","name":"","message":"Object: \u0027Object Repository/HomePage/lnk_SignUp\u0027 is clicked on","startTime":1544780480948,"endTime":0,"childRecords":[],"interuppted":false}],"interuppted":false},{"index":12,"isIgnoredIfFailed":false,"type":"TEST_STEP","name":"callTestCase","message":"Call Test Case \u0027Test Cases/CommonTestcase/CreateNewUser\u0027 successfully","description":"","startTime":1544780480949,"endTime":1544780482583,"childRecords":[{"isOptional":false,"type":"TEST_CASE","name":"Test Cases/CommonTestcase/CreateNewUser","id":"Test Cases/CommonTestcase/CreateNewUser","source":"D:\\\\MyDocument\\\\Katalon\\\\KATALON\\\\KatalonTest\\\\Test Cases\\\\CommonTestcase\\\\CreateNewUser.tc","message":"Test Cases/CommonTestcase/CreateNewUser","description":"","startTime":1544780481005,"endTime":1544780482583,"childRecords":[{"testStatus":{"stackTrace":"","statusValue":"INFO"},"type":"MESSAGE","name":"","message":"Evaluating variables for test case","startTime":1544780481010,"endTime":0,"childRecords":[],"interuppted":false},{"index":1,"isIgnoredIfFailed":false,"type":"TEST_STEP","name":"setText","message":"Text \u0027154478048029\u0027 is set on object \u0027Object Repository/RegisterPage/txt_Username\u0027","description":"Step 1: Input value into \"Username\" field","startTime":1544780481124,"endTime":1544780481257,"childRecords":[{"testStatus":{"stackTrace":"","statusValue":"PASSED"},"type":"MESSAGE","name":"","message":"Text \u0027154478048029\u0027 is set on object \u0027Object Repository/RegisterPage/txt_Username\u0027","startTime":1544780481256,"endTime":0,"childRecords":[],"interuppted":false}],"interuppted":false},{"index":2,"isIgnoredIfFailed":false,"type":"TEST_STEP","name":"setText","message":"Text \u0027154478048029_fullName\u0027 is set on object \u0027Object Repository/RegisterPage/txt_Fullname\u0027","description":"Step 2: Input value into \"Full Name\" field","startTime":1544780481258,"endTime":1544780481403,"childRecords":[{"testStatus":{"stackTrace":"","statusValue":"PASSED"},"type":"MESSAGE","name":"","message":"Text \u0027154478048029_fullName\u0027 is set on object \u0027Object Repository/RegisterPage/txt_Fullname\u0027","startTime":1544780481402,"endTime":0,"childRecords":[],"interuppted":false}],"interuppted":false},{"index":3,"isIgnoredIfFailed":false,"type":"TEST_STEP","name":"setText","message":"Text \u0027154478048029@gmail.com\u0027 is set on object \u0027Object Repository/RegisterPage/txt_Email\u0027","description":"Step 3: Input value into \"Email\" field","startTime":1544780481403,"endTime":1544780481554,"childRecords":[{"testStatus":{"stackTrace":"","statusValue":"PASSED"},"type":"MESSAGE","name":"","message":"Text \u0027154478048029@gmail.com\u0027 is set on object \u0027Object Repository/RegisterPage/txt_Email\u0027","startTime":1544780481554,"endTime":0,"childRecords":[],"interuppted":false}],"interuppted":false},{"index":4,"isIgnoredIfFailed":false,"type":"TEST_STEP","name":"selectOptionByLabel","message":"All options with label \u0027Male\u0027 are selected in object \u0027Object Repository/RegisterPage/ddl_Gender\u0027 ","description":"Step 4: Select value into \"Gender\" field","startTime":1544780481554,"endTime":1544780481641,"childRecords":[{"testStatus":{"stackTrace":"","statusValue":"PASSED"},"type":"MESSAGE","name":"","message":"All options with label \u0027Male\u0027 are selected in object \u0027Object Repository/RegisterPage/ddl_Gender\u0027 ","startTime":1544780481640,"endTime":0,"childRecords":[],"interuppted":false}],"interuppted":false},{"index":5,"isIgnoredIfFailed":false,"type":"TEST_STEP","name":"setEncryptedText","message":"Text ****** has been set on object \u0027Object Repository/RegisterPage/txt_Pass\u0027","description":"Step 5: Input value into \"Your password\" field","startTime":1544780481641,"endTime":1544780481720,"childRecords":[{"testStatus":{"stackTrace":"","statusValue":"PASSED"},"type":"MESSAGE","name":"","message":"Text ****** has been set on object \u0027Object Repository/RegisterPage/txt_Pass\u0027","startTime":1544780481719,"endTime":0,"childRecords":[],"interuppted":false}],"interuppted":false},{"index":6,"isIgnoredIfFailed":false,"type":"TEST_STEP","name":"setEncryptedText","message":"Text ****** has been set on object \u0027Object Repository/RegisterPage/txt_Confirmpass\u0027","description":"Step 6: Input value into \"Confirm your password:\" field","startTime":1544780481720,"endTime":1544780481803,"childRecords":[{"testStatus":{"stackTrace":"","statusValue":"PASSED"},"type":"MESSAGE","name":"","message":"Text ****** has been set on object \u0027Object Repository/RegisterPage/txt_Confirmpass\u0027","startTime":1544780481802,"endTime":0,"childRecords":[],"interuppted":false}],"interuppted":false},{"index":7,"isIgnoredIfFailed":false,"type":"TEST_STEP","name":"click","message":"Object: \u0027Object Repository/RegisterPage/btn_Registration\u0027 is clicked on","description":"Step 7: Click on \"Registration\" button ","startTime":1544780481803,"endTime":1544780482582,"childRecords":[{"testStatus":{"stackTrace":"","statusValue":"PASSED"},"type":"MESSAGE","name":"","message":"Object: \u0027Object Repository/RegisterPage/btn_Registration\u0027 is clicked on","startTime":1544780482582,"endTime":0,"childRecords":[],"interuppted":false}],"interuppted":false},{"testStatus":{"stackTrace":"","statusValue":"PASSED"},"type":"MESSAGE","name":"","message":"Test Cases/CommonTestcase/CreateNewUser","startTime":1544780482583,"endTime":0,"childRecords":[],"interuppted":false}],"interuppted":false},{"testStatus":{"stackTrace":"","statusValue":"PASSED"},"type":"MESSAGE","name":"","message":"Call Test Case \u0027Test Cases/CommonTestcase/CreateNewUser\u0027 successfully","startTime":1544780482583,"endTime":0,"childRecords":[],"interuppted":false}],"interuppted":false},{"index":13,"isIgnoredIfFailed":false,"type":"TEST_STEP","name":"click","message":"Object: \u0027Object Repository/HomePage/lnk_LogIn\u0027 is clicked on","description":"Step 3: Click on \"Log In\" menu","startTime":1544780482583,"endTime":1544780483187,"childRecords":[{"testStatus":{"stackTrace":"","statusValue":"PASSED"},"type":"MESSAGE","name":"","message":"Object: \u0027Object Repository/HomePage/lnk_LogIn\u0027 is clicked on","startTime":1544780483187,"endTime":0,"childRecords":[],"interuppted":false}],"interuppted":false},{"index":14,"isIgnoredIfFailed":false,"type":"TEST_STEP","name":"verifyMatch","message":"Actual text \u0027Login :: Powered by Subrion 4.2\u0027 and expected text \u0027Login :: Powered by Subrion 4.2\u0027 are matched ","description":"VP: Brought to Login page","startTime":1544780483187,"endTime":1544780483192,"childRecords":[{"testStatus":{"stackTrace":"","statusValue":"PASSED"},"type":"MESSAGE","name":"","message":"Current window\u0027s title is: \u0027Login :: Powered by Subrion 4.2\u0027","startTime":1544780483191,"endTime":0,"childRecords":[],"interuppted":false},{"testStatus":{"stackTrace":"","statusValue":"PASSED"},"type":"MESSAGE","name":"","message":"Actual text \u0027Login :: Powered by Subrion 4.2\u0027 and expected text \u0027Login :: Powered by Subrion 4.2\u0027 are matched ","startTime":1544780483192,"endTime":0,"childRecords":[],"interuppted":false}],"interuppted":false},{"index":15,"isIgnoredIfFailed":false,"type":"TEST_STEP","name":"callTestCase","message":"Call Test Case \u0027Test Cases/CommonTestcase/LoginSystem\u0027 successfully","description":"Step 4: Log in with newly created user","startTime":1544780483192,"endTime":1544780484115,"childRecords":[{"isOptional":false,"type":"TEST_CASE","name":"Test Cases/CommonTestcase/LoginSystem","id":"Test Cases/CommonTestcase/LoginSystem","source":"D:\\\\MyDocument\\\\Katalon\\\\KATALON\\\\KatalonTest\\\\Test Cases\\\\CommonTestcase\\\\LoginSystem.tc","message":"Test Cases/CommonTestcase/LoginSystem","description":"","startTime":1544780483249,"endTime":1544780484115,"childRecords":[{"testStatus":{"stackTrace":"","statusValue":"INFO"},"type":"MESSAGE","name":"","message":"Evaluating variables for test case","startTime":1544780483252,"endTime":0,"childRecords":[],"interuppted":false},{"index":1,"isIgnoredIfFailed":false,"type":"TEST_STEP","name":"setText","message":"Text \u0027154478048029\u0027 is set on object \u0027Object Repository/LoginPage/txt_Username\u0027","description":"Input username to \"username\" textbox","startTime":1544780483253,"endTime":1544780483361,"childRecords":[{"testStatus":{"stackTrace":"","statusValue":"PASSED"},"type":"MESSAGE","name":"","message":"Text \u0027154478048029\u0027 is set on object \u0027Object Repository/LoginPage/txt_Username\u0027","startTime":1544780483361,"endTime":0,"childRecords":[],"interuppted":false}],"interuppted":false},{"index":2,"isIgnoredIfFailed":false,"type":"TEST_STEP","name":"setEncryptedText","message":"Text ****** has been set on object \u0027Object Repository/LoginPage/txt_Password\u0027","description":"Input password to \"password\" textbox","startTime":1544780483362,"endTime":1544780483446,"childRecords":[{"testStatus":{"stackTrace":"","statusValue":"PASSED"},"type":"MESSAGE","name":"","message":"Text ****** has been set on object \u0027Object Repository/LoginPage/txt_Password\u0027","startTime":1544780483446,"endTime":0,"childRecords":[],"interuppted":false}],"interuppted":false},{"index":3,"isIgnoredIfFailed":false,"type":"TEST_STEP","name":"click","message":"Object: \u0027Object Repository/LoginPage/btn_Login\u0027 is clicked on","description":"Click Log in button","startTime":1544780483447,"endTime":1544780484114,"childRecords":[{"testStatus":{"stackTrace":"","statusValue":"PASSED"},"type":"MESSAGE","name":"","message":"Object: \u0027Object Repository/LoginPage/btn_Login\u0027 is clicked on","startTime":1544780484114,"endTime":0,"childRecords":[],"interuppted":false}],"interuppted":false},{"testStatus":{"stackTrace":"","statusValue":"PASSED"},"type":"MESSAGE","name":"","message":"Test Cases/CommonTestcase/LoginSystem","startTime":1544780484115,"endTime":0,"childRecords":[],"interuppted":false}],"interuppted":false},{"testStatus":{"stackTrace":"","statusValue":"PASSED"},"type":"MESSAGE","name":"","message":"Call Test Case \u0027Test Cases/CommonTestcase/LoginSystem\u0027 successfully","startTime":1544780484115,"endTime":0,"childRecords":[],"interuppted":false}],"interuppted":false},{"index":16,"isIgnoredIfFailed":false,"type":"TEST_STEP","name":"verifyMatch","message":"Actual text \u0027Login :: Powered by Subrion 4.2\u0027 and expected text \u0027Login :: Powered by Subrion 4.2\u0027 are matched ","description":"VP:User is still in Log In page","startTime":1544780484116,"endTime":1544780484122,"childRecords":[{"testStatus":{"stackTrace":"","statusValue":"PASSED"},"type":"MESSAGE","name":"","message":"Current window\u0027s title is: \u0027Login :: Powered by Subrion 4.2\u0027","startTime":1544780484121,"endTime":0,"childRecords":[],"interuppted":false},{"testStatus":{"stackTrace":"","statusValue":"PASSED"},"type":"MESSAGE","name":"","message":"Actual text \u0027Login :: Powered by Subrion 4.2\u0027 and expected text \u0027Login :: Powered by Subrion 4.2\u0027 are matched ","startTime":1544780484122,"endTime":0,"childRecords":[],"interuppted":false}],"interuppted":false},{"index":17,"isIgnoredIfFailed":false,"type":"TEST_STEP","name":"verifyTextPresent","message":"Text \u0027Either login or password is invalid.\u0027 is present on page ","description":"Step 5: Verify error message is displayed: “Either login or password is invalid.”  ","startTime":1544780484122,"endTime":1544780484179,"childRecords":[{"testStatus":{"stackTrace":"","statusValue":"PASSED"},"type":"MESSAGE","name":"","message":"Text \u0027Either login or password is invalid.\u0027 is present on page ","startTime":1544780484179,"endTime":0,"childRecords":[],"interuppted":false}],"interuppted":false},{"index":18,"isIgnoredIfFailed":false,"type":"TEST_STEP","name":"Comment - \"Step 6: Login Admin page\"","description":"","startTime":1544780484179,"endTime":1544780484180,"childRecords":[],"interuppted":false},{"index":19,"isIgnoredIfFailed":false,"type":"TEST_STEP","name":"clearText","message":"Text of object \u0027Object Repository/LoginPage/txt_Username\u0027 is cleared","description":"VP: Clear data in User textbox","startTime":1544780484180,"endTime":1544780484221,"childRecords":[{"testStatus":{"stackTrace":"","statusValue":"PASSED"},"type":"MESSAGE","name":"","message":"Text of object \u0027Object Repository/LoginPage/txt_Username\u0027 is cleared","startTime":1544780484219,"endTime":0,"childRecords":[],"interuppted":false}],"interuppted":false},{"index":20,"isIgnoredIfFailed":false,"type":"TEST_STEP","name":"callTestCase","message":"Call Test Case \u0027Test Cases/CommonTestcase/LoginSystem\u0027 successfully","description":"","startTime":1544780484221,"endTime":1544780485424,"childRecords":[{"isOptional":false,"type":"TEST_CASE","name":"Test Cases/CommonTestcase/LoginSystem","id":"Test Cases/CommonTestcase/LoginSystem","source":"D:\\\\MyDocument\\\\Katalon\\\\KATALON\\\\KatalonTest\\\\Test Cases\\\\CommonTestcase\\\\LoginSystem.tc","message":"Test Cases/CommonTestcase/LoginSystem","description":"","startTime":1544780484275,"endTime":1544780485423,"childRecords":[{"testStatus":{"stackTrace":"","statusValue":"INFO"},"type":"MESSAGE","name":"","message":"Evaluating variables for test case","startTime":1544780484277,"endTime":0,"childRecords":[],"interuppted":false},{"index":1,"isIgnoredIfFailed":false,"type":"TEST_STEP","name":"setText","message":"Text \u0027admin\u0027 is set on object \u0027Object Repository/LoginPage/txt_Username\u0027","description":"Input username to \"username\" textbox","startTime":1544780484279,"endTime":1544780484340,"childRecords":[{"testStatus":{"stackTrace":"","statusValue":"PASSED"},"type":"MESSAGE","name":"","message":"Text \u0027admin\u0027 is set on object \u0027Object Repository/LoginPage/txt_Username\u0027","startTime":1544780484340,"endTime":0,"childRecords":[],"interuppted":false}],"interuppted":false},{"index":2,"isIgnoredIfFailed":false,"type":"TEST_STEP","name":"setEncryptedText","message":"Text ****** has been set on object \u0027Object Repository/LoginPage/txt_Password\u0027","description":"Input password to \"password\" textbox","startTime":1544780484340,"endTime":1544780484427,"childRecords":[{"testStatus":{"stackTrace":"","statusValue":"PASSED"},"type":"MESSAGE","name":"","message":"Text ****** has been set on object \u0027Object Repository/LoginPage/txt_Password\u0027","startTime":1544780484426,"endTime":0,"childRecords":[],"interuppted":false}],"interuppted":false},{"index":3,"isIgnoredIfFailed":false,"type":"TEST_STEP","name":"click","message":"Object: \u0027Object Repository/LoginPage/btn_Login\u0027 is clicked on","description":"Click Log in button","startTime":1544780484427,"endTime":1544780485423,"childRecords":[{"testStatus":{"stackTrace":"","statusValue":"PASSED"},"type":"MESSAGE","name":"","message":"Object: \u0027Object Repository/LoginPage/btn_Login\u0027 is clicked on","startTime":1544780485423,"endTime":0,"childRecords":[],"interuppted":false}],"interuppted":false},{"testStatus":{"stackTrace":"","statusValue":"PASSED"},"type":"MESSAGE","name":"","message":"Test Cases/CommonTestcase/LoginSystem","startTime":1544780485423,"endTime":0,"childRecords":[],"interuppted":false}],"interuppted":false},{"testStatus":{"stackTrace":"","statusValue":"PASSED"},"type":"MESSAGE","name":"","message":"Call Test Case \u0027Test Cases/CommonTestcase/LoginSystem\u0027 successfully","startTime":1544780485423,"endTime":0,"childRecords":[],"interuppted":false}],"interuppted":false},{"index":21,"isIgnoredIfFailed":false,"type":"TEST_STEP","name":"verifyMatch","message":"Actual text \u0027My Profile :: Powered by Subrion 4.2\u0027 and expected text \u0027My Profile :: Powered by Subrion 4.2\u0027 are matched ","description":"VP: Brought to My Profile page","startTime":1544780485424,"endTime":1544780485428,"childRecords":[{"testStatus":{"stackTrace":"","statusValue":"PASSED"},"type":"MESSAGE","name":"","message":"Current window\u0027s title is: \u0027My Profile :: Powered by Subrion 4.2\u0027","startTime":1544780485427,"endTime":0,"childRecords":[],"interuppted":false},{"testStatus":{"stackTrace":"","statusValue":"PASSED"},"type":"MESSAGE","name":"","message":"Actual text \u0027My Profile :: Powered by Subrion 4.2\u0027 and expected text \u0027My Profile :: Powered by Subrion 4.2\u0027 are matched ","startTime":1544780485428,"endTime":0,"childRecords":[],"interuppted":false}],"interuppted":false},{"index":22,"isIgnoredIfFailed":false,"type":"TEST_STEP","name":"click","message":"Object: \u0027Object Repository/AdminPage/btn_AdminDashboard\u0027 is clicked on","description":"Step 7: Navigate to Administration Panel page ","startTime":1544780485428,"endTime":1544780485505,"childRecords":[{"testStatus":{"stackTrace":"","statusValue":"PASSED"},"type":"MESSAGE","name":"","message":"Object: \u0027Object Repository/AdminPage/btn_AdminDashboard\u0027 is clicked on","startTime":1544780485504,"endTime":0,"childRecords":[],"interuppted":false}],"interuppted":false},{"index":23,"isIgnoredIfFailed":false,"type":"TEST_STEP","name":"switchToWindowUrl","message":"Switched to window with url: \u0027http://13.250.134.32/subrion/panel/\u0027","description":"","startTime":1544780485505,"endTime":1544780486575,"childRecords":[{"testStatus":{"stackTrace":"","statusValue":"PASSED"},"type":"MESSAGE","name":"","message":"Switched to window with url: \u0027http://13.250.134.32/subrion/panel/\u0027","startTime":1544780486575,"endTime":0,"childRecords":[],"interuppted":false}],"interuppted":false},{"index":24,"isIgnoredIfFailed":false,"type":"TEST_STEP","name":"waitForPageLoad","message":"Wait for page load successfully","description":"VP: Brought to Dashboard page","startTime":1544780486575,"endTime":1544780486586,"childRecords":[{"testStatus":{"stackTrace":"","statusValue":"PASSED"},"type":"MESSAGE","name":"","message":"Wait for page load successfully","startTime":1544780486586,"endTime":0,"childRecords":[],"interuppted":false}],"interuppted":false},{"index":25,"isIgnoredIfFailed":false,"type":"TEST_STEP","name":"verifyMatch","message":"Actual text \u0027Dashboard :: Powered by Subrion 4.2\u0027 and expected text \u0027Dashboard :: Powered by Subrion 4.2\u0027 are matched ","description":"","startTime":1544780486586,"endTime":1544780486592,"childRecords":[{"testStatus":{"stackTrace":"","statusValue":"PASSED"},"type":"MESSAGE","name":"","message":"Current window\u0027s title is: \u0027Dashboard :: Powered by Subrion 4.2\u0027","startTime":1544780486591,"endTime":0,"childRecords":[],"interuppted":false},{"testStatus":{"stackTrace":"","statusValue":"PASSED"},"type":"MESSAGE","name":"","message":"Actual text \u0027Dashboard :: Powered by Subrion 4.2\u0027 and expected text \u0027Dashboard :: Powered by Subrion 4.2\u0027 are matched ","startTime":1544780486592,"endTime":0,"childRecords":[],"interuppted":false}],"interuppted":false},{"index":26,"isIgnoredIfFailed":false,"type":"TEST_STEP","name":"delay","message":"Delayed 10 second(s)","description":"Step 8: Click on \"Member\" menu of main menu","startTime":1544780486592,"endTime":1544780496599,"childRecords":[{"testStatus":{"stackTrace":"","statusValue":"PASSED"},"type":"MESSAGE","name":"","message":"Delayed 10 second(s)","startTime":1544780496599,"endTime":0,"childRecords":[],"interuppted":false}],"interuppted":false},{"index":27,"isIgnoredIfFailed":false,"type":"TEST_STEP","name":"click","message":"Object: \u0027Object Repository/AdminPage/lnk_Members\u0027 is clicked on","description":"","startTime":1544780496599,"endTime":1544780496668,"childRecords":[{"testStatus":{"stackTrace":"","statusValue":"PASSED"},"type":"MESSAGE","name":"","message":"Object: \u0027Object Repository/AdminPage/lnk_Members\u0027 is clicked on","startTime":1544780496668,"endTime":0,"childRecords":[],"interuppted":false}],"interuppted":false},{"index":28,"isIgnoredIfFailed":false,"type":"TEST_STEP","name":"click","message":"Object: \u0027Object Repository/AdminPage/lnk_subMember\u0027 is clicked on","description":"Step 9: Click on \" Member\" menu on Sub menu","startTime":1544780496668,"endTime":1544780497731,"childRecords":[{"testStatus":{"stackTrace":"","statusValue":"PASSED"},"type":"MESSAGE","name":"","message":"Object: \u0027Object Repository/AdminPage/lnk_subMember\u0027 is clicked on","startTime":1544780497730,"endTime":0,"childRecords":[],"interuppted":false}],"interuppted":false},{"index":29,"isIgnoredIfFailed":false,"type":"TEST_STEP","name":"waitForElementVisible","message":"Object \u0027Object Repository/MemberPage/txt_Search\u0027 is visible","description":"Step 10: Click on Edit icon of created member","startTime":1544780497731,"endTime":1544780497808,"childRecords":[{"testStatus":{"stackTrace":"","statusValue":"PASSED"},"type":"MESSAGE","name":"","message":"Object \u0027Object Repository/MemberPage/txt_Search\u0027 is visible","startTime":1544780497808,"endTime":0,"childRecords":[],"interuppted":false}],"interuppted":false},{"index":30,"isIgnoredIfFailed":false,"type":"TEST_STEP","name":"setText","message":"Text \u0027154478048029\u0027 is set on object \u0027Object Repository/MemberPage/txt_Search\u0027","description":"","startTime":1544780497808,"endTime":1544780498130,"childRecords":[{"testStatus":{"stackTrace":"","statusValue":"PASSED"},"type":"MESSAGE","name":"","message":"Text \u0027154478048029\u0027 is set on object \u0027Object Repository/MemberPage/txt_Search\u0027","startTime":1544780498130,"endTime":0,"childRecords":[],"interuppted":false}],"interuppted":false},{"index":31,"isIgnoredIfFailed":false,"type":"TEST_STEP","name":"click","message":"Object: \u0027Object Repository/MemberPage/btn_Search\u0027 is clicked on","description":"","startTime":1544780498130,"endTime":1544780498234,"childRecords":[{"testStatus":{"stackTrace":"","statusValue":"PASSED"},"type":"MESSAGE","name":"","message":"Object: \u0027Object Repository/MemberPage/btn_Search\u0027 is clicked on","startTime":1544780498233,"endTime":0,"childRecords":[],"interuppted":false}],"interuppted":false},{"index":32,"isIgnoredIfFailed":false,"type":"TEST_STEP","name":"delay","message":"Delayed 10 second(s)","description":"","startTime":1544780498234,"endTime":1544780508234,"childRecords":[{"testStatus":{"stackTrace":"","statusValue":"PASSED"},"type":"MESSAGE","name":"","message":"Delayed 10 second(s)","startTime":1544780508234,"endTime":0,"childRecords":[],"interuppted":false}],"interuppted":false},{"index":33,"isIgnoredIfFailed":false,"type":"TEST_STEP","name":"click","message":"Object: \u0027Object Repository/MemberPage/chk_user\u0027 is clicked on","description":"","startTime":1544780508234,"endTime":1544780508289,"childRecords":[{"testStatus":{"stackTrace":"","statusValue":"PASSED"},"type":"MESSAGE","name":"","message":"Object: \u0027Object Repository/MemberPage/chk_user\u0027 is clicked on","startTime":1544780508289,"endTime":0,"childRecords":[],"interuppted":false}],"interuppted":false},{"index":34,"isIgnoredIfFailed":false,"type":"TEST_STEP","name":"click","message":"Object: \u0027Object Repository/AdminPage/btn_Edit\u0027 is clicked on","description":"","startTime":1544780508290,"endTime":1544780509228,"childRecords":[{"testStatus":{"stackTrace":"","statusValue":"PASSED"},"type":"MESSAGE","name":"","message":"Object: \u0027Object Repository/AdminPage/btn_Edit\u0027 is clicked on","startTime":1544780509227,"endTime":0,"childRecords":[],"interuppted":false}],"interuppted":false},{"index":35,"isIgnoredIfFailed":false,"type":"TEST_STEP","name":"verifyMatch","message":"Actual text \u0027Edit Member :: Powered by Subrion 4.2\u0027 and expected text \u0027Edit Member :: Powered by Subrion 4.2\u0027 are matched ","description":"VP: Brought to Edit Member page","startTime":1544780509228,"endTime":1544780509234,"childRecords":[{"testStatus":{"stackTrace":"","statusValue":"PASSED"},"type":"MESSAGE","name":"","message":"Current window\u0027s title is: \u0027Edit Member :: Powered by Subrion 4.2\u0027","startTime":1544780509233,"endTime":0,"childRecords":[],"interuppted":false},{"testStatus":{"stackTrace":"","statusValue":"PASSED"},"type":"MESSAGE","name":"","message":"Actual text \u0027Edit Member :: Powered by Subrion 4.2\u0027 and expected text \u0027Edit Member :: Powered by Subrion 4.2\u0027 are matched ","startTime":1544780509234,"endTime":0,"childRecords":[],"interuppted":false}],"interuppted":false},{"index":36,"isIgnoredIfFailed":false,"type":"TEST_STEP","name":"selectOptionByLabel","message":"All options with label \u0027Active\u0027 are selected in object \u0027Object Repository/EditMemberPage/ddl_Status\u0027 ","description":"Step 11: Select \"Active\" status","startTime":1544780509234,"endTime":1544780509328,"childRecords":[{"testStatus":{"stackTrace":"","statusValue":"PASSED"},"type":"MESSAGE","name":"","message":"All options with label \u0027Active\u0027 are selected in object \u0027Object Repository/EditMemberPage/ddl_Status\u0027 ","startTime":1544780509328,"endTime":0,"childRecords":[],"interuppted":false}],"interuppted":false},{"index":37,"isIgnoredIfFailed":false,"type":"TEST_STEP","name":"click","message":"Object: \u0027Object Repository/EditMemberPage/btn_Save\u0027 is clicked on","description":"Step 12: Click on \"Save\" button","startTime":1544780509328,"endTime":1544780510477,"childRecords":[{"testStatus":{"stackTrace":"","statusValue":"PASSED"},"type":"MESSAGE","name":"","message":"Object: \u0027Object Repository/EditMemberPage/btn_Save\u0027 is clicked on","startTime":1544780510477,"endTime":0,"childRecords":[],"interuppted":false}],"interuppted":false},{"index":38,"isIgnoredIfFailed":false,"type":"TEST_STEP","name":"waitForPageLoad","message":"Wait for page load successfully","description":"Brought to Members page","startTime":1544780510477,"endTime":1544780510555,"childRecords":[{"testStatus":{"stackTrace":"","statusValue":"PASSED"},"type":"MESSAGE","name":"","message":"Wait for page load successfully","startTime":1544780510554,"endTime":0,"childRecords":[],"interuppted":false}],"interuppted":false},{"index":39,"isIgnoredIfFailed":false,"type":"TEST_STEP","name":"delay","message":"Delayed 10 second(s)","description":"Step 13: Log out of the system","startTime":1544780510555,"endTime":1544780520556,"childRecords":[{"testStatus":{"stackTrace":"","statusValue":"PASSED"},"type":"MESSAGE","name":"","message":"Delayed 10 second(s)","startTime":1544780520556,"endTime":0,"childRecords":[],"interuppted":false}],"interuppted":false},{"index":40,"isIgnoredIfFailed":false,"type":"TEST_STEP","name":"click","message":"Object: \u0027Object Repository/MemberPage/btn_Logout\u0027 is clicked on","description":"","startTime":1544780520556,"endTime":1544780521141,"childRecords":[{"testStatus":{"stackTrace":"","statusValue":"PASSED"},"type":"MESSAGE","name":"","message":"Object: \u0027Object Repository/MemberPage/btn_Logout\u0027 is clicked on","startTime":1544780521140,"endTime":0,"childRecords":[],"interuppted":false}],"interuppted":false},{"index":41,"isIgnoredIfFailed":false,"type":"TEST_STEP","name":"click","message":"Object: \u0027Object Repository/AdminPage/btn_BackToHomePage\u0027 is clicked on","description":"Step 14: Navigate to Home Page","startTime":1544780521141,"endTime":1544780521879,"childRecords":[{"testStatus":{"stackTrace":"","statusValue":"PASSED"},"type":"MESSAGE","name":"","message":"Object: \u0027Object Repository/AdminPage/btn_BackToHomePage\u0027 is clicked on","startTime":1544780521878,"endTime":0,"childRecords":[],"interuppted":false}],"interuppted":false},{"index":42,"isIgnoredIfFailed":false,"type":"TEST_STEP","name":"click","message":"Object: \u0027Object Repository/HomePage/lnk_LogIn\u0027 is clicked on","description":"Step 15: Click on \"Log In\" menu","startTime":1544780521879,"endTime":1544780522435,"childRecords":[{"testStatus":{"stackTrace":"","statusValue":"PASSED"},"type":"MESSAGE","name":"","message":"Object: \u0027Object Repository/HomePage/lnk_LogIn\u0027 is clicked on","startTime":1544780522434,"endTime":0,"childRecords":[],"interuppted":false}],"interuppted":false},{"index":43,"isIgnoredIfFailed":false,"type":"TEST_STEP","name":"callTestCase","message":"Call Test Case \u0027Test Cases/CommonTestcase/LoginSystem\u0027 successfully","description":"Step 16: Log in with activated user","startTime":1544780522435,"endTime":1544780523838,"childRecords":[{"isOptional":false,"type":"TEST_CASE","name":"Test Cases/CommonTestcase/LoginSystem","id":"Test Cases/CommonTestcase/LoginSystem","source":"D:\\\\MyDocument\\\\Katalon\\\\KATALON\\\\KatalonTest\\\\Test Cases\\\\CommonTestcase\\\\LoginSystem.tc","message":"Test Cases/CommonTestcase/LoginSystem","description":"","startTime":1544780522492,"endTime":1544780523837,"childRecords":[{"testStatus":{"stackTrace":"","statusValue":"INFO"},"type":"MESSAGE","name":"","message":"Evaluating variables for test case","startTime":1544780522495,"endTime":0,"childRecords":[],"interuppted":false},{"index":1,"isIgnoredIfFailed":false,"type":"TEST_STEP","name":"setText","message":"Text \u0027154478048029\u0027 is set on object \u0027Object Repository/LoginPage/txt_Username\u0027","description":"Input username to \"username\" textbox","startTime":1544780522496,"endTime":1544780522587,"childRecords":[{"testStatus":{"stackTrace":"","statusValue":"PASSED"},"type":"MESSAGE","name":"","message":"Text \u0027154478048029\u0027 is set on object \u0027Object Repository/LoginPage/txt_Username\u0027","startTime":1544780522586,"endTime":0,"childRecords":[],"interuppted":false}],"interuppted":false},{"index":2,"isIgnoredIfFailed":false,"type":"TEST_STEP","name":"setEncryptedText","message":"Text ****** has been set on object \u0027Object Repository/LoginPage/txt_Password\u0027","description":"Input password to \"password\" textbox","startTime":1544780522587,"endTime":1544780522658,"childRecords":[{"testStatus":{"stackTrace":"","statusValue":"PASSED"},"type":"MESSAGE","name":"","message":"Text ****** has been set on object \u0027Object Repository/LoginPage/txt_Password\u0027","startTime":1544780522658,"endTime":0,"childRecords":[],"interuppted":false}],"interuppted":false},{"index":3,"isIgnoredIfFailed":false,"type":"TEST_STEP","name":"click","message":"Object: \u0027Object Repository/LoginPage/btn_Login\u0027 is clicked on","description":"Click Log in button","startTime":1544780522658,"endTime":1544780523837,"childRecords":[{"testStatus":{"stackTrace":"","statusValue":"PASSED"},"type":"MESSAGE","name":"","message":"Object: \u0027Object Repository/LoginPage/btn_Login\u0027 is clicked on","startTime":1544780523837,"endTime":0,"childRecords":[],"interuppted":false}],"interuppted":false},{"testStatus":{"stackTrace":"","statusValue":"PASSED"},"type":"MESSAGE","name":"","message":"Test Cases/CommonTestcase/LoginSystem","startTime":1544780523837,"endTime":0,"childRecords":[],"interuppted":false}],"interuppted":false},{"testStatus":{"stackTrace":"","statusValue":"PASSED"},"type":"MESSAGE","name":"","message":"Call Test Case \u0027Test Cases/CommonTestcase/LoginSystem\u0027 successfully","startTime":1544780523837,"endTime":0,"childRecords":[],"interuppted":false}],"interuppted":false},{"index":44,"isIgnoredIfFailed":false,"type":"TEST_STEP","name":"verifyMatch","message":"Actual text \u0027Home :: Powered by Subrion 4.2\u0027 and expected text \u0027Home :: Powered by Subrion 4.2\u0027 are matched ","description":"Brought to Home Page, username is displayed in the menu bar","startTime":1544780523838,"endTime":1544780523843,"childRecords":[{"testStatus":{"stackTrace":"","statusValue":"PASSED"},"type":"MESSAGE","name":"","message":"Current window\u0027s title is: \u0027Home :: Powered by Subrion 4.2\u0027","startTime":1544780523842,"endTime":0,"childRecords":[],"interuppted":false},{"testStatus":{"stackTrace":"","statusValue":"PASSED"},"type":"MESSAGE","name":"","message":"Actual text \u0027Home :: Powered by Subrion 4.2\u0027 and expected text \u0027Home :: Powered by Subrion 4.2\u0027 are matched ","startTime":1544780523843,"endTime":0,"childRecords":[],"interuppted":false}],"interuppted":false},{"index":45,"isIgnoredIfFailed":false,"type":"TEST_STEP","name":"verifyMatch","message":"Actual text \u0027154478048029_fullName\u0027 and expected text \u0027154478048029_fullName\u0027 are matched ","description":"","startTime":1544780523843,"endTime":1544780523883,"childRecords":[{"testStatus":{"stackTrace":"","statusValue":"PASSED"},"type":"MESSAGE","name":"","message":"Attribute \u0027title\u0027 of object \u0027Object Repository/HomePage/img_User\u0027 is: \u0027154478048029_fullName\u0027","startTime":1544780523882,"endTime":0,"childRecords":[],"interuppted":false},{"testStatus":{"stackTrace":"","statusValue":"PASSED"},"type":"MESSAGE","name":"","message":"Actual text \u0027154478048029_fullName\u0027 and expected text \u0027154478048029_fullName\u0027 are matched ","startTime":1544780523882,"endTime":0,"childRecords":[],"interuppted":false}],"interuppted":false},{"testStatus":{"stackTrace":"","statusValue":"PASSED"},"type":"MESSAGE","name":"","message":"Test Cases/TestCase/TC3_OnlyActiveMemberCanLoginToSystem","startTime":1544780523883,"endTime":0,"childRecords":[],"interuppted":false},{"index":-1,"isIgnoredIfFailed":false,"type":"TEST_STEP","name":"Start listener action : afterTestCase","message":"Browser is closed","description":"","startTime":1544780523883,"endTime":1544780524909,"childRecords":[{"index":1,"isIgnoredIfFailed":false,"type":"TEST_STEP","name":"Statement - println(testCaseContext.getTestCaseId())","description":"","startTime":1544780523883,"endTime":1544780523883,"childRecords":[],"interuppted":false},{"index":2,"isIgnoredIfFailed":false,"type":"TEST_STEP","name":"Statement - println(testCaseContext.getTestCaseStatus())","description":"","startTime":1544780523883,"endTime":1544780523884,"childRecords":[],"interuppted":false},{"index":3,"isIgnoredIfFailed":false,"type":"TEST_STEP","name":"closeBrowser","message":"Browser is closed","description":"","startTime":1544780523884,"endTime":1544780524909,"childRecords":[{"testStatus":{"stackTrace":"","statusValue":"PASSED"},"type":"MESSAGE","name":"","message":"Browser is closed","startTime":1544780524909,"endTime":0,"childRecords":[],"interuppted":false}],"interuppted":false}],"interuppted":false}],"interuppted":false},{"isOptional":false,"type":"TEST_CASE","name":"Test Cases/TestCase/TC1_RegisterMember","id":"Test Cases/TestCase/TC1_RegisterMember","source":"D:\\\\MyDocument\\\\Katalon\\\\KATALON\\\\KatalonTest\\\\Test Cases\\\\TestCase\\\\TC1_RegisterMember.tc","message":"Test Cases/TestCase/TC1_RegisterMember","description":"","startTime":1544780524911,"endTime":1544780582412,"childRecords":[{"testStatus":{"stackTrace":"","statusValue":"INFO"},"type":"MESSAGE","name":"","message":"Evaluating variables for test case","startTime":1544780524916,"endTime":0,"childRecords":[],"interuppted":false},{"index":-1,"isIgnoredIfFailed":false,"type":"TEST_STEP","name":"Start listener action : beforeTestCase","message":"Variable \u0027ShortTimeout\u0027 is not defined for test case.","description":"","startTime":1544780524916,"endTime":1544780553763,"childRecords":[{"index":1,"isIgnoredIfFailed":false,"type":"TEST_STEP","name":"Statement - println(testCaseContext.getTestCaseId())","description":"","startTime":1544780524916,"endTime":1544780524916,"childRecords":[],"interuppted":false},{"index":2,"isIgnoredIfFailed":false,"type":"TEST_STEP","name":"Statement - println(testCaseContext.getTestCaseVariables())","description":"","startTime":1544780524916,"endTime":1544780524917,"childRecords":[],"interuppted":false},{"index":3,"isIgnoredIfFailed":false,"type":"TEST_STEP","name":"openBrowser","message":"Browser is opened with url: \u0027http://13.250.134.32/subrion/\u0027","description":"","startTime":1544780524917,"endTime":1544780552641,"childRecords":[{"testStatus":{"stackTrace":"","statusValue":"PASSED"},"type":"MESSAGE","name":"","message":"Browser is opened with url: \u0027http://13.250.134.32/subrion/\u0027","startTime":1544780552640,"endTime":0,"childRecords":[],"interuppted":false}],"interuppted":false},{"index":4,"isIgnoredIfFailed":false,"type":"TEST_STEP","name":"maximizeWindow","message":"Current window maximized","description":"","startTime":1544780552641,"endTime":1544780553762,"childRecords":[{"testStatus":{"stackTrace":"","statusValue":"PASSED"},"type":"MESSAGE","name":"","message":"Current window maximized","startTime":1544780553762,"endTime":0,"childRecords":[],"interuppted":false}],"interuppted":false},{"index":5,"isIgnoredIfFailed":false,"type":"TEST_STEP","name":"waitForPageLoad","message":"Variable \u0027ShortTimeout\u0027 is not defined for test case.","description":"","startTime":1544780553762,"endTime":1544780553762,"childRecords":[{"testStatus":{"stackTrace":"","statusValue":"ERROR"},"type":"MESSAGE","name":"","message":"Variable \u0027ShortTimeout\u0027 is not defined for test case.","startTime":1544780553762,"endTime":0,"childRecords":[],"interuppted":false}],"interuppted":false}],"interuppted":false},{"index":1,"isIgnoredIfFailed":false,"type":"TEST_STEP","name":"Statement - userName \u003d CustomKeywords.com.kms.cms.MyKeyword.getRandomUser()","message":"com.kms.cms.MyKeyword.getRandomUser is PASSED","description":"PREPARE DATA","startTime":1544780553841,"endTime":1544780553841,"childRecords":[{"testStatus":{"stackTrace":"","statusValue":"PASSED"},"type":"MESSAGE","name":"","message":"com.kms.cms.MyKeyword.getRandomUser is PASSED","startTime":1544780553841,"endTime":0,"childRecords":[],"interuppted":false}],"interuppted":false},{"index":2,"isIgnoredIfFailed":false,"type":"TEST_STEP","name":"Statement - fullName \u003d userName + \"_fullName\"","description":"","startTime":1544780553841,"endTime":1544780553842,"childRecords":[],"interuppted":false},{"index":3,"isIgnoredIfFailed":false,"type":"TEST_STEP","name":"Statement - email \u003d userName + \"@gmail.com\"","description":"","startTime":1544780553842,"endTime":1544780553842,"childRecords":[],"interuppted":false},{"index":4,"isIgnoredIfFailed":false,"type":"TEST_STEP","name":"Statement - passWord \u003d \"BiNouLunM3UiJsgMQbjdfQ\u003d\u003d\"","description":"","startTime":1544780553842,"endTime":1544780553842,"childRecords":[],"interuppted":false},{"index":5,"isIgnoredIfFailed":false,"type":"TEST_STEP","name":"Statement - confirmPass \u003d passWord","description":"","startTime":1544780553842,"endTime":1544780553842,"childRecords":[],"interuppted":false},{"index":6,"isIgnoredIfFailed":false,"type":"TEST_STEP","name":"Comment - \"Step 1: Navigate to CMS Home page\"","description":"","startTime":1544780553842,"endTime":1544780553843,"childRecords":[],"interuppted":false},{"index":7,"isIgnoredIfFailed":false,"type":"TEST_STEP","name":"verifyMatch","message":"Actual text \u0027Home :: Powered by Subrion 4.2\u0027 and expected text \u0027Home :: Powered by Subrion 4.2\u0027 are matched ","description":"VP: Brought to Home page","startTime":1544780553843,"endTime":1544780553850,"childRecords":[{"testStatus":{"stackTrace":"","statusValue":"PASSED"},"type":"MESSAGE","name":"","message":"Current window\u0027s title is: \u0027Home :: Powered by Subrion 4.2\u0027","startTime":1544780553848,"endTime":0,"childRecords":[],"interuppted":false},{"testStatus":{"stackTrace":"","statusValue":"PASSED"},"type":"MESSAGE","name":"","message":"Actual text \u0027Home :: Powered by Subrion 4.2\u0027 and expected text \u0027Home :: Powered by Subrion 4.2\u0027 are matched ","startTime":1544780553849,"endTime":0,"childRecords":[],"interuppted":false}],"interuppted":false},{"index":8,"isIgnoredIfFailed":false,"type":"TEST_STEP","name":"click","message":"Object: \u0027Object Repository/HomePage/lnk_SignUp\u0027 is clicked on","description":"Step 2: Click on \"Sign Up\" link in Main Menu","startTime":1544780553850,"endTime":1544780554528,"childRecords":[{"testStatus":{"stackTrace":"","statusValue":"PASSED"},"type":"MESSAGE","name":"","message":"Object: \u0027Object Repository/HomePage/lnk_SignUp\u0027 is clicked on","startTime":1544780554528,"endTime":0,"childRecords":[],"interuppted":false}],"interuppted":false},{"index":9,"isIgnoredIfFailed":false,"type":"TEST_STEP","name":"callTestCase","message":"Call Test Case \u0027Test Cases/CommonTestcase/CreateNewUser\u0027 successfully","description":"Step 3: Register a Member ","startTime":1544780554529,"endTime":1544780555984,"childRecords":[{"isOptional":false,"type":"TEST_CASE","name":"Test Cases/CommonTestcase/CreateNewUser","id":"Test Cases/CommonTestcase/CreateNewUser","source":"D:\\\\MyDocument\\\\Katalon\\\\KATALON\\\\KatalonTest\\\\Test Cases\\\\CommonTestcase\\\\CreateNewUser.tc","message":"Test Cases/CommonTestcase/CreateNewUser","description":"","startTime":1544780554584,"endTime":1544780555983,"childRecords":[{"testStatus":{"stackTrace":"","statusValue":"INFO"},"type":"MESSAGE","name":"","message":"Evaluating variables for test case","startTime":1544780554588,"endTime":0,"childRecords":[],"interuppted":false},{"index":1,"isIgnoredIfFailed":false,"type":"TEST_STEP","name":"setText","message":"Text \u0027154478055384\u0027 is set on object \u0027Object Repository/RegisterPage/txt_Username\u0027","description":"Step 1: Input value into \"Username\" field","startTime":1544780554590,"endTime":1544780554688,"childRecords":[{"testStatus":{"stackTrace":"","statusValue":"PASSED"},"type":"MESSAGE","name":"","message":"Text \u0027154478055384\u0027 is set on object \u0027Object Repository/RegisterPage/txt_Username\u0027","startTime":1544780554688,"endTime":0,"childRecords":[],"interuppted":false}],"interuppted":false},{"index":2,"isIgnoredIfFailed":false,"type":"TEST_STEP","name":"setText","message":"Text \u0027154478055384_fullName\u0027 is set on object \u0027Object Repository/RegisterPage/txt_Fullname\u0027","description":"Step 2: Input value into \"Full Name\" field","startTime":1544780554689,"endTime":1544780554819,"childRecords":[{"testStatus":{"stackTrace":"","statusValue":"PASSED"},"type":"MESSAGE","name":"","message":"Text \u0027154478055384_fullName\u0027 is set on object \u0027Object Repository/RegisterPage/txt_Fullname\u0027","startTime":1544780554818,"endTime":0,"childRecords":[],"interuppted":false}],"interuppted":false},{"index":3,"isIgnoredIfFailed":false,"type":"TEST_STEP","name":"setText","message":"Text \u0027154478055384@gmail.com\u0027 is set on object \u0027Object Repository/RegisterPage/txt_Email\u0027","description":"Step 3: Input value into \"Email\" field","startTime":1544780554819,"endTime":1544780554946,"childRecords":[{"testStatus":{"stackTrace":"","statusValue":"PASSED"},"type":"MESSAGE","name":"","message":"Text \u0027154478055384@gmail.com\u0027 is set on object \u0027Object Repository/RegisterPage/txt_Email\u0027","startTime":1544780554946,"endTime":0,"childRecords":[],"interuppted":false}],"interuppted":false},{"index":4,"isIgnoredIfFailed":false,"type":"TEST_STEP","name":"selectOptionByLabel","message":"All options with label \u0027Male\u0027 are selected in object \u0027Object Repository/RegisterPage/ddl_Gender\u0027 ","description":"Step 4: Select value into \"Gender\" field","startTime":1544780554946,"endTime":1544780555036,"childRecords":[{"testStatus":{"stackTrace":"","statusValue":"PASSED"},"type":"MESSAGE","name":"","message":"All options with label \u0027Male\u0027 are selected in object \u0027Object Repository/RegisterPage/ddl_Gender\u0027 ","startTime":1544780555035,"endTime":0,"childRecords":[],"interuppted":false}],"interuppted":false},{"index":5,"isIgnoredIfFailed":false,"type":"TEST_STEP","name":"setEncryptedText","message":"Text ****** has been set on object \u0027Object Repository/RegisterPage/txt_Pass\u0027","description":"Step 5: Input value into \"Your password\" field","startTime":1544780555036,"endTime":1544780555112,"childRecords":[{"testStatus":{"stackTrace":"","statusValue":"PASSED"},"type":"MESSAGE","name":"","message":"Text ****** has been set on object \u0027Object Repository/RegisterPage/txt_Pass\u0027","startTime":1544780555111,"endTime":0,"childRecords":[],"interuppted":false}],"interuppted":false},{"index":6,"isIgnoredIfFailed":false,"type":"TEST_STEP","name":"setEncryptedText","message":"Text ****** has been set on object \u0027Object Repository/RegisterPage/txt_Confirmpass\u0027","description":"Step 6: Input value into \"Confirm your password:\" field","startTime":1544780555112,"endTime":1544780555185,"childRecords":[{"testStatus":{"stackTrace":"","statusValue":"PASSED"},"type":"MESSAGE","name":"","message":"Text ****** has been set on object \u0027Object Repository/RegisterPage/txt_Confirmpass\u0027","startTime":1544780555185,"endTime":0,"childRecords":[],"interuppted":false}],"interuppted":false},{"index":7,"isIgnoredIfFailed":false,"type":"TEST_STEP","name":"click","message":"Object: \u0027Object Repository/RegisterPage/btn_Registration\u0027 is clicked on","description":"Step 7: Click on \"Registration\" button ","startTime":1544780555186,"endTime":1544780555983,"childRecords":[{"testStatus":{"stackTrace":"","statusValue":"PASSED"},"type":"MESSAGE","name":"","message":"Object: \u0027Object Repository/RegisterPage/btn_Registration\u0027 is clicked on","startTime":1544780555983,"endTime":0,"childRecords":[],"interuppted":false}],"interuppted":false},{"testStatus":{"stackTrace":"","statusValue":"PASSED"},"type":"MESSAGE","name":"","message":"Test Cases/CommonTestcase/CreateNewUser","startTime":1544780555983,"endTime":0,"childRecords":[],"interuppted":false}],"interuppted":false},{"testStatus":{"stackTrace":"","statusValue":"PASSED"},"type":"MESSAGE","name":"","message":"Call Test Case \u0027Test Cases/CommonTestcase/CreateNewUser\u0027 successfully","startTime":1544780555984,"endTime":0,"childRecords":[],"interuppted":false}],"interuppted":false},{"index":10,"isIgnoredIfFailed":false,"type":"TEST_STEP","name":"verifyMatch","message":"Actual text \u0027Registration :: Powered by Subrion 4.2\u0027 and expected text \u0027Registration :: Powered by Subrion 4.2\u0027 are matched ","description":"VP: Brought to Registration page","startTime":1544780555985,"endTime":1544780555994,"childRecords":[{"testStatus":{"stackTrace":"","statusValue":"PASSED"},"type":"MESSAGE","name":"","message":"Current window\u0027s title is: \u0027Registration :: Powered by Subrion 4.2\u0027","startTime":1544780555993,"endTime":0,"childRecords":[],"interuppted":false},{"testStatus":{"stackTrace":"","statusValue":"PASSED"},"type":"MESSAGE","name":"","message":"Actual text \u0027Registration :: Powered by Subrion 4.2\u0027 and expected text \u0027Registration :: Powered by Subrion 4.2\u0027 are matched ","startTime":1544780555994,"endTime":0,"childRecords":[],"interuppted":false}],"interuppted":false},{"index":11,"isIgnoredIfFailed":false,"type":"TEST_STEP","name":"verifyTextPresent","message":"Text \u0027Member registered! Thank you!\u0027 is present on page ","description":"Step 4: Verify the successful message \"Member registered! Thank you!\" is displayed correctly","startTime":1544780555994,"endTime":1544780556044,"childRecords":[{"testStatus":{"stackTrace":"","statusValue":"PASSED"},"type":"MESSAGE","name":"","message":"Text \u0027Member registered! Thank you!\u0027 is present on page ","startTime":1544780556043,"endTime":0,"childRecords":[],"interuppted":false}],"interuppted":false},{"index":12,"isIgnoredIfFailed":false,"type":"TEST_STEP","name":"verifyTextPresent","message":"Text \u0027154478055384@gmail.com\u0027 is present on page ","description":"Step 5: Verify the registration email is displayed in the information message","startTime":1544780556044,"endTime":1544780556081,"childRecords":[{"testStatus":{"stackTrace":"","statusValue":"PASSED"},"type":"MESSAGE","name":"","message":"Text \u0027154478055384@gmail.com\u0027 is present on page ","startTime":1544780556080,"endTime":0,"childRecords":[],"interuppted":false}],"interuppted":false},{"index":13,"isIgnoredIfFailed":false,"type":"TEST_STEP","name":"callTestCase","message":"Call Test Case \u0027Test Cases/CommonTestcase/DeleteUser\u0027 successfully","description":"CLEAN UP","startTime":1544780556081,"endTime":1544780581394,"childRecords":[{"isOptional":true,"type":"TEST_CASE","name":"Test Cases/CommonTestcase/DeleteUser","id":"Test Cases/CommonTestcase/DeleteUser","source":"D:\\\\MyDocument\\\\Katalon\\\\KATALON\\\\KatalonTest\\\\Test Cases\\\\CommonTestcase\\\\DeleteUser.tc","message":"Test Cases/CommonTestcase/DeleteUser","description":"","startTime":1544780556135,"endTime":1544780581393,"childRecords":[{"testStatus":{"stackTrace":"","statusValue":"INFO"},"type":"MESSAGE","name":"","message":"Evaluating variables for test case","startTime":1544780556144,"endTime":0,"childRecords":[],"interuppted":false},{"index":1,"isIgnoredIfFailed":false,"type":"TEST_STEP","name":"navigateToUrl","message":"Navigate to \u0027http://13.250.134.32/subrion/panel/\u0027 successfully","description":"Step 1: Navigate to Admin page","startTime":1544780556226,"endTime":1544780557262,"childRecords":[{"testStatus":{"stackTrace":"","statusValue":"PASSED"},"type":"MESSAGE","name":"","message":"Navigate to \u0027http://13.250.134.32/subrion/panel/\u0027 successfully","startTime":1544780557262,"endTime":0,"childRecords":[],"interuppted":false}],"interuppted":false},{"index":2,"isIgnoredIfFailed":false,"type":"TEST_STEP","name":"maximizeWindow","message":"Current window maximized","description":"","startTime":1544780557262,"endTime":1544780557266,"childRecords":[{"testStatus":{"stackTrace":"","statusValue":"PASSED"},"type":"MESSAGE","name":"","message":"Current window maximized","startTime":1544780557266,"endTime":0,"childRecords":[],"interuppted":false}],"interuppted":false},{"index":3,"isIgnoredIfFailed":false,"type":"TEST_STEP","name":"callTestCase","message":"Call Test Case \u0027Test Cases/CommonTestcase/LogintoAdminPage\u0027 successfully","description":"Step 2: Login Admin page","startTime":1544780557266,"endTime":1544780558934,"childRecords":[{"isOptional":true,"type":"TEST_CASE","name":"Test Cases/CommonTestcase/LogintoAdminPage","id":"Test Cases/CommonTestcase/LogintoAdminPage","source":"D:\\\\MyDocument\\\\Katalon\\\\KATALON\\\\KatalonTest\\\\Test Cases\\\\CommonTestcase\\\\LogintoAdminPage.tc","message":"Test Cases/CommonTestcase/LogintoAdminPage","description":"","startTime":1544780557322,"endTime":1544780558933,"childRecords":[{"testStatus":{"stackTrace":"","statusValue":"INFO"},"type":"MESSAGE","name":"","message":"Evaluating variables for test case","startTime":1544780557325,"endTime":0,"childRecords":[],"interuppted":false},{"index":1,"isIgnoredIfFailed":false,"type":"TEST_STEP","name":"setText","message":"Text \u0027admin\u0027 is set on object \u0027Object Repository/SubrionAdminPane/txt_userName\u0027","description":"Input username to username textbox","startTime":1544780557395,"endTime":1544780557475,"childRecords":[{"testStatus":{"stackTrace":"","statusValue":"PASSED"},"type":"MESSAGE","name":"","message":"Text \u0027admin\u0027 is set on object \u0027Object Repository/SubrionAdminPane/txt_userName\u0027","startTime":1544780557475,"endTime":0,"childRecords":[],"interuppted":false}],"interuppted":false},{"index":2,"isIgnoredIfFailed":false,"type":"TEST_STEP","name":"setEncryptedText","message":"Text ****** has been set on object \u0027Object Repository/SubrionAdminPane/txt_Password\u0027","description":"Input password to password textbox","startTime":1544780557476,"endTime":1544780557556,"childRecords":[{"testStatus":{"stackTrace":"","statusValue":"PASSED"},"type":"MESSAGE","name":"","message":"Text ****** has been set on object \u0027Object Repository/SubrionAdminPane/txt_Password\u0027","startTime":1544780557556,"endTime":0,"childRecords":[],"interuppted":false}],"interuppted":false},{"index":3,"isIgnoredIfFailed":false,"type":"TEST_STEP","name":"click","message":"Object: \u0027Object Repository/SubrionAdminPane/btn_Login\u0027 is clicked on","description":"Click Log in button","startTime":1544780557556,"endTime":1544780558933,"childRecords":[{"testStatus":{"stackTrace":"","statusValue":"PASSED"},"type":"MESSAGE","name":"","message":"Object: \u0027Object Repository/SubrionAdminPane/btn_Login\u0027 is clicked on","startTime":1544780558933,"endTime":0,"childRecords":[],"interuppted":false}],"interuppted":false},{"testStatus":{"stackTrace":"","statusValue":"PASSED"},"type":"MESSAGE","name":"","message":"Test Cases/CommonTestcase/LogintoAdminPage","startTime":1544780558933,"endTime":0,"childRecords":[],"interuppted":false}],"interuppted":false},{"testStatus":{"stackTrace":"","statusValue":"PASSED"},"type":"MESSAGE","name":"","message":"Call Test Case \u0027Test Cases/CommonTestcase/LogintoAdminPage\u0027 successfully","startTime":1544780558934,"endTime":0,"childRecords":[],"interuppted":false}],"interuppted":false},{"index":4,"isIgnoredIfFailed":false,"type":"TEST_STEP","name":"waitForPageLoad","message":"Wait for page load successfully","description":"Verify Admin page available","startTime":1544780558934,"endTime":1544780558940,"childRecords":[{"testStatus":{"stackTrace":"","statusValue":"PASSED"},"type":"MESSAGE","name":"","message":"Wait for page load successfully","startTime":1544780558940,"endTime":0,"childRecords":[],"interuppted":false}],"interuppted":false},{"index":5,"isIgnoredIfFailed":false,"type":"TEST_STEP","name":"delay","message":"Delayed 10 second(s)","description":"Step 3: Click on \"Member\" menu of main menu","startTime":1544780558940,"endTime":1544780568941,"childRecords":[{"testStatus":{"stackTrace":"","statusValue":"PASSED"},"type":"MESSAGE","name":"","message":"Delayed 10 second(s)","startTime":1544780568941,"endTime":0,"childRecords":[],"interuppted":false}],"interuppted":false},{"index":6,"isIgnoredIfFailed":false,"type":"TEST_STEP","name":"waitForElementClickable","message":"Object \u0027Object Repository/AdminPage/lnk_Members\u0027 is clickable","description":"","startTime":1544780568942,"endTime":1544780568984,"childRecords":[{"testStatus":{"stackTrace":"","statusValue":"PASSED"},"type":"MESSAGE","name":"","message":"Object \u0027Object Repository/AdminPage/lnk_Members\u0027 is clickable","startTime":1544780568984,"endTime":0,"childRecords":[],"interuppted":false}],"interuppted":false},{"index":7,"isIgnoredIfFailed":false,"type":"TEST_STEP","name":"click","message":"Object: \u0027Object Repository/AdminPage/lnk_Members\u0027 is clicked on","description":"","startTime":1544780568984,"endTime":1544780569035,"childRecords":[{"testStatus":{"stackTrace":"","statusValue":"PASSED"},"type":"MESSAGE","name":"","message":"Object: \u0027Object Repository/AdminPage/lnk_Members\u0027 is clicked on","startTime":1544780569035,"endTime":0,"childRecords":[],"interuppted":false}],"interuppted":false},{"index":8,"isIgnoredIfFailed":false,"type":"TEST_STEP","name":"click","message":"Object: \u0027Object Repository/AdminPage/lnk_subMember\u0027 is clicked on","description":"Step 4: Click on \" Member\" menu on Sub menu","startTime":1544780569036,"endTime":1544780570681,"childRecords":[{"testStatus":{"stackTrace":"","statusValue":"PASSED"},"type":"MESSAGE","name":"","message":"Object: \u0027Object Repository/AdminPage/lnk_subMember\u0027 is clicked on","startTime":1544780570680,"endTime":0,"childRecords":[],"interuppted":false}],"interuppted":false},{"index":9,"isIgnoredIfFailed":false,"type":"TEST_STEP","name":"waitForElementVisible","message":"Object \u0027Object Repository/MemberPage/txt_Search\u0027 is visible","description":"Step 5: Click on \"Delete\" icon of created member","startTime":1544780570681,"endTime":1544780570746,"childRecords":[{"testStatus":{"stackTrace":"","statusValue":"PASSED"},"type":"MESSAGE","name":"","message":"Object \u0027Object Repository/MemberPage/txt_Search\u0027 is visible","startTime":1544780570745,"endTime":0,"childRecords":[],"interuppted":false}],"interuppted":false},{"index":10,"isIgnoredIfFailed":false,"type":"TEST_STEP","name":"setText","message":"Text \u0027154478055384\u0027 is set on object \u0027Object Repository/MemberPage/txt_Search\u0027","description":"","startTime":1544780570746,"endTime":1544780571045,"childRecords":[{"testStatus":{"stackTrace":"","statusValue":"PASSED"},"type":"MESSAGE","name":"","message":"Text \u0027154478055384\u0027 is set on object \u0027Object Repository/MemberPage/txt_Search\u0027","startTime":1544780571045,"endTime":0,"childRecords":[],"interuppted":false}],"interuppted":false},{"index":11,"isIgnoredIfFailed":false,"type":"TEST_STEP","name":"click","message":"Object: \u0027Object Repository/MemberPage/btn_Search\u0027 is clicked on","description":"","startTime":1544780571046,"endTime":1544780571139,"childRecords":[{"testStatus":{"stackTrace":"","statusValue":"PASSED"},"type":"MESSAGE","name":"","message":"Object: \u0027Object Repository/MemberPage/btn_Search\u0027 is clicked on","startTime":1544780571139,"endTime":0,"childRecords":[],"interuppted":false}],"interuppted":false},{"index":12,"isIgnoredIfFailed":false,"type":"TEST_STEP","name":"delay","message":"Delayed 10 second(s)","description":"","startTime":1544780571140,"endTime":1544780581141,"childRecords":[{"testStatus":{"stackTrace":"","statusValue":"PASSED"},"type":"MESSAGE","name":"","message":"Delayed 10 second(s)","startTime":1544780581140,"endTime":0,"childRecords":[],"interuppted":false}],"interuppted":false},{"index":13,"isIgnoredIfFailed":false,"type":"TEST_STEP","name":"click","message":"Object: \u0027Object Repository/MemberPage/chk_user\u0027 is clicked on","description":"","startTime":1544780581141,"endTime":1544780581211,"childRecords":[{"testStatus":{"stackTrace":"","statusValue":"PASSED"},"type":"MESSAGE","name":"","message":"Object: \u0027Object Repository/MemberPage/chk_user\u0027 is clicked on","startTime":1544780581211,"endTime":0,"childRecords":[],"interuppted":false}],"interuppted":false},{"index":14,"isIgnoredIfFailed":false,"type":"TEST_STEP","name":"click","message":"Object: \u0027Object Repository/MemberPage/btn_Remove\u0027 is clicked on","description":"","startTime":1544780581211,"endTime":1544780581339,"childRecords":[{"testStatus":{"stackTrace":"","statusValue":"PASSED"},"type":"MESSAGE","name":"","message":"Object: \u0027Object Repository/MemberPage/btn_Remove\u0027 is clicked on","startTime":1544780581339,"endTime":0,"childRecords":[],"interuppted":false}],"interuppted":false},{"index":15,"isIgnoredIfFailed":false,"type":"TEST_STEP","name":"click","message":"Object: \u0027Object Repository/MemberPage/btn_YesConfirm\u0027 is clicked on","description":"Step 6: Select Yes to delete the user","startTime":1544780581340,"endTime":1544780581393,"childRecords":[{"testStatus":{"stackTrace":"","statusValue":"PASSED"},"type":"MESSAGE","name":"","message":"Object: \u0027Object Repository/MemberPage/btn_YesConfirm\u0027 is clicked on","startTime":1544780581393,"endTime":0,"childRecords":[],"interuppted":false}],"interuppted":false},{"testStatus":{"stackTrace":"","statusValue":"PASSED"},"type":"MESSAGE","name":"","message":"Test Cases/CommonTestcase/DeleteUser","startTime":1544780581393,"endTime":0,"childRecords":[],"interuppted":false}],"interuppted":false},{"testStatus":{"stackTrace":"","statusValue":"PASSED"},"type":"MESSAGE","name":"","message":"Call Test Case \u0027Test Cases/CommonTestcase/DeleteUser\u0027 successfully","startTime":1544780581393,"endTime":0,"childRecords":[],"interuppted":false}],"interuppted":false},{"testStatus":{"stackTrace":"","statusValue":"PASSED"},"type":"MESSAGE","name":"","message":"Test Cases/TestCase/TC1_RegisterMember","startTime":1544780581394,"endTime":0,"childRecords":[],"interuppted":false},{"index":-1,"isIgnoredIfFailed":false,"type":"TEST_STEP","name":"Start listener action : afterTestCase","message":"Browser is closed","description":"","startTime":1544780581394,"endTime":1544780582412,"childRecords":[{"index":1,"isIgnoredIfFailed":false,"type":"TEST_STEP","name":"Statement - println(testCaseContext.getTestCaseId())","description":"","startTime":1544780581394,"endTime":1544780581394,"childRecords":[],"interuppted":false},{"index":2,"isIgnoredIfFailed":false,"type":"TEST_STEP","name":"Statement - println(testCaseContext.getTestCaseStatus())","description":"","startTime":1544780581394,"endTime":1544780581394,"childRecords":[],"interuppted":false},{"index":3,"isIgnoredIfFailed":false,"type":"TEST_STEP","name":"closeBrowser","message":"Browser is closed","description":"","startTime":1544780581394,"endTime":1544780582412,"childRecords":[{"testStatus":{"stackTrace":"","statusValue":"PASSED"},"type":"MESSAGE","name":"","message":"Browser is closed","startTime":1544780582412,"endTime":0,"childRecords":[],"interuppted":false}],"interuppted":false}],"interuppted":false}],"interuppted":false}],"interuppted":false}