Suite/Test/Step Name,Browser,Description,Start time,End time,Duration,Status
TestSuites_1,Chrome 70.0.3538.110,,2018-12-14 16:04:12,2018-12-14 16:06:38,2m - 25.396s,PASSED
,,,,,,
Test Cases/TestCase/TC2_AddBlogEntry,Chrome 70.0.3538.110,,2018-12-14 16:04:13,2018-12-14 16:04:52,39.172s,PASSED
Start listener action : beforeTestCase,Chrome 70.0.3538.110,,2018-12-14 16:04:13,2018-12-14 16:04:31,18.386s,ERROR
"Statement - header = ""["" + CustomKeywords.com.kms.cms.MyKeyword.getCurrentDateTime() + ""]"" + "" U23 Vietnam won U23 Irag""",Chrome 70.0.3538.110,PREPARE,2018-12-14 16:04:31,2018-12-14 16:04:31,0.023s,PASSED
"Statement - body = ""U23 Vietnam went to the final match with U23 Uzbekistan""",Chrome 70.0.3538.110,,2018-12-14 16:04:31,2018-12-14 16:04:31,0.002s,PASSED
"Statement - tag = ""football""",Chrome 70.0.3538.110,,2018-12-14 16:04:31,2018-12-14 16:04:31,0.002s,PASSED
"Statement - blogEntryTitle = header + "" :: Powered by Subrion 4.2""",Chrome 70.0.3538.110,,2018-12-14 16:04:31,2018-12-14 16:04:31,0.001s,PASSED
"Comment - ""Step 1: Log in to System""",Chrome 70.0.3538.110,,2018-12-14 16:04:31,2018-12-14 16:04:31,0.001s,PASSED
click,Chrome 70.0.3538.110,VP: Login to the System,2018-12-14 16:04:31,2018-12-14 16:04:32,0.917s,PASSED
callTestCase,Chrome 70.0.3538.110,,2018-12-14 16:04:32,2018-12-14 16:04:34,1.418s,PASSED
click,Chrome 70.0.3538.110,"Step 2: Click on ""Blog"" menu",2018-12-14 16:04:34,2018-12-14 16:04:35,0.919s,PASSED
callTestCase,Chrome 70.0.3538.110,Step 3: Add blog,2018-12-14 16:04:35,2018-12-14 16:04:51,16.174s,PASSED
verifyMatch,Chrome 70.0.3538.110,"VP: Brought to ""Blog Entry"" page",2018-12-14 16:04:51,2018-12-14 16:04:51,0.016s,PASSED
"Comment - ""Step 4: Verify the ""Blog Entry"" page""",Chrome 70.0.3538.110,,2018-12-14 16:04:51,2018-12-14 16:04:51,0.000s,PASSED
verifyMatch,Chrome 70.0.3538.110,"VP: Verify the title, the content, the tags are displayed correctly",2018-12-14 16:04:51,2018-12-14 16:04:51,0.038s,PASSED
verifyMatch,Chrome 70.0.3538.110,,2018-12-14 16:04:51,2018-12-14 16:04:51,0.030s,PASSED
verifyMatch,Chrome 70.0.3538.110,,2018-12-14 16:04:51,2018-12-14 16:04:51,0.035s,PASSED
Start listener action : afterTestCase,Chrome 70.0.3538.110,,2018-12-14 16:04:51,2018-12-14 16:04:52,1.071s,PASSED
,,,,,,
Test Cases/TestCase/TC3_OnlyActiveMemberCanLoginToSystem,Chrome 70.0.3538.110,,2018-12-14 16:04:52,2018-12-14 16:05:56,1m - 3.734s,PASSED
Start listener action : beforeTestCase,Chrome 70.0.3538.110,,2018-12-14 16:04:52,2018-12-14 16:05:04,12.136s,ERROR
Statement - userName = CustomKeywords.com.kms.cms.MyKeyword.getRandomUser(),Chrome 70.0.3538.110,PREPARE DATA,2018-12-14 16:05:04,2018-12-14 16:05:04,0.011s,PASSED
"Statement - fullName = userName + ""_fullName""",Chrome 70.0.3538.110,,2018-12-14 16:05:04,2018-12-14 16:05:04,0.001s,PASSED
"Statement - email = userName + ""@gmail.com""",Chrome 70.0.3538.110,,2018-12-14 16:05:04,2018-12-14 16:05:04,0.000s,PASSED
"Statement - passWord = ""BiNouLunM3UiJsgMQbjdfQ==""",Chrome 70.0.3538.110,,2018-12-14 16:05:04,2018-12-14 16:05:04,0.001s,PASSED
Statement - confirmPass = passWord,Chrome 70.0.3538.110,,2018-12-14 16:05:04,2018-12-14 16:05:04,0.000s,PASSED
"Statement - invalidLogin = ""Either login or password is invalid.""",Chrome 70.0.3538.110,,2018-12-14 16:05:04,2018-12-14 16:05:04,0.000s,PASSED
"Statement - status = ""Active""",Chrome 70.0.3538.110,,2018-12-14 16:05:04,2018-12-14 16:05:04,0.000s,PASSED
Statement - currentTab = com.kms.katalon.core.webui.keyword.WebUiBuiltInKeywords.getWindowIndex(),Chrome 70.0.3538.110,,2018-12-14 16:05:04,2018-12-14 16:05:04,0.015s,PASSED
"Comment - ""Step 1: Navigate to CMS Home page""",Chrome 70.0.3538.110,,2018-12-14 16:05:04,2018-12-14 16:05:04,0.000s,PASSED
verifyMatch,Chrome 70.0.3538.110,VP: Brought to Home page,2018-12-14 16:05:04,2018-12-14 16:05:04,0.009s,PASSED
click,Chrome 70.0.3538.110,Step 2: Follow steps in TC#1 to create a new user,2018-12-14 16:05:04,2018-12-14 16:05:05,0.610s,PASSED
callTestCase,Chrome 70.0.3538.110,,2018-12-14 16:05:05,2018-12-14 16:05:06,1.667s,PASSED
click,Chrome 70.0.3538.110,"Step 3: Click on ""Log In"" menu",2018-12-14 16:05:06,2018-12-14 16:05:07,0.593s,PASSED
verifyMatch,Chrome 70.0.3538.110,VP: Brought to Login page,2018-12-14 16:05:07,2018-12-14 16:05:07,0.007s,PASSED
callTestCase,Chrome 70.0.3538.110,Step 4: Log in with newly created user,2018-12-14 16:05:07,2018-12-14 16:05:08,1.057s,PASSED
verifyMatch,Chrome 70.0.3538.110,VP:User is still in Log In page,2018-12-14 16:05:08,2018-12-14 16:05:08,0.006s,PASSED
verifyTextPresent,Chrome 70.0.3538.110,Step 5: Verify error message is displayed: “Either login or password is invalid.”  ,2018-12-14 16:05:08,2018-12-14 16:05:08,0.057s,PASSED
"Comment - ""Step 6: Login Admin page""",Chrome 70.0.3538.110,,2018-12-14 16:05:08,2018-12-14 16:05:08,0.001s,PASSED
clearText,Chrome 70.0.3538.110,VP: Clear data in User textbox,2018-12-14 16:05:08,2018-12-14 16:05:08,0.039s,PASSED
callTestCase,Chrome 70.0.3538.110,,2018-12-14 16:05:08,2018-12-14 16:05:10,1.348s,PASSED
verifyMatch,Chrome 70.0.3538.110,VP: Brought to My Profile page,2018-12-14 16:05:10,2018-12-14 16:05:10,0.007s,PASSED
click,Chrome 70.0.3538.110,Step 7: Navigate to Administration Panel page ,2018-12-14 16:05:10,2018-12-14 16:05:10,0.090s,PASSED
switchToWindowUrl,Chrome 70.0.3538.110,,2018-12-14 16:05:10,2018-12-14 16:05:11,1.114s,PASSED
waitForPageLoad,Chrome 70.0.3538.110,VP: Brought to Dashboard page,2018-12-14 16:05:11,2018-12-14 16:05:11,0.010s,PASSED
verifyMatch,Chrome 70.0.3538.110,,2018-12-14 16:05:11,2018-12-14 16:05:11,0.010s,PASSED
delay,Chrome 70.0.3538.110,"Step 8: Click on ""Member"" menu of main menu",2018-12-14 16:05:11,2018-12-14 16:05:21,10.003s,PASSED
click,Chrome 70.0.3538.110,,2018-12-14 16:05:21,2018-12-14 16:05:21,0.062s,PASSED
click,Chrome 70.0.3538.110,"Step 9: Click on "" Member"" menu on Sub menu",2018-12-14 16:05:21,2018-12-14 16:05:22,1.330s,PASSED
waitForElementVisible,Chrome 70.0.3538.110,Step 10: Click on Edit icon of created member,2018-12-14 16:05:22,2018-12-14 16:05:22,0.075s,PASSED
setText,Chrome 70.0.3538.110,,2018-12-14 16:05:22,2018-12-14 16:05:22,0.095s,PASSED
click,Chrome 70.0.3538.110,,2018-12-14 16:05:22,2018-12-14 16:05:22,0.075s,PASSED
delay,Chrome 70.0.3538.110,,2018-12-14 16:05:22,2018-12-14 16:05:32,9.999s,PASSED
click,Chrome 70.0.3538.110,,2018-12-14 16:05:32,2018-12-14 16:05:33,0.074s,PASSED
click,Chrome 70.0.3538.110,,2018-12-14 16:05:33,2018-12-14 16:05:34,1.016s,PASSED
verifyMatch,Chrome 70.0.3538.110,VP: Brought to Edit Member page,2018-12-14 16:05:34,2018-12-14 16:05:34,0.007s,PASSED
selectOptionByLabel,Chrome 70.0.3538.110,"Step 11: Select ""Active"" status",2018-12-14 16:05:34,2018-12-14 16:05:34,0.085s,PASSED
click,Chrome 70.0.3538.110,"Step 12: Click on ""Save"" button",2018-12-14 16:05:34,2018-12-14 16:05:35,0.920s,PASSED
waitForPageLoad,Chrome 70.0.3538.110,Brought to Members page,2018-12-14 16:05:35,2018-12-14 16:05:35,0.073s,PASSED
delay,Chrome 70.0.3538.110,Step 13: Log out of the system,2018-12-14 16:05:35,2018-12-14 16:05:45,10.000s,PASSED
click,Chrome 70.0.3538.110,,2018-12-14 16:05:45,2018-12-14 16:05:46,1.044s,PASSED
click,Chrome 70.0.3538.110,Step 14: Navigate to Home Page,2018-12-14 16:05:46,2018-12-14 16:05:47,0.925s,PASSED
click,Chrome 70.0.3538.110,"Step 15: Click on ""Log In"" menu",2018-12-14 16:05:47,2018-12-14 16:05:47,0.785s,PASSED
callTestCase,Chrome 70.0.3538.110,Step 16: Log in with activated user,2018-12-14 16:05:47,2018-12-14 16:05:55,7.112s,PASSED
verifyMatch,Chrome 70.0.3538.110,"Brought to Home Page, username is displayed in the menu bar",2018-12-14 16:05:55,2018-12-14 16:05:55,0.010s,PASSED
verifyMatch,Chrome 70.0.3538.110,,2018-12-14 16:05:55,2018-12-14 16:05:55,0.032s,PASSED
Start listener action : afterTestCase,Chrome 70.0.3538.110,,2018-12-14 16:05:55,2018-12-14 16:05:56,1.081s,PASSED
,,,,,,
Test Cases/TestCase/TC1_RegisterMember,Chrome 70.0.3538.110,,2018-12-14 16:05:56,2018-12-14 16:06:38,42.166s,PASSED
Start listener action : beforeTestCase,Chrome 70.0.3538.110,,2018-12-14 16:05:56,2018-12-14 16:06:08,12.278s,ERROR
Statement - userName = CustomKeywords.com.kms.cms.MyKeyword.getRandomUser(),Chrome 70.0.3538.110,PREPARE DATA,2018-12-14 16:06:08,2018-12-14 16:06:08,0.001s,PASSED
"Statement - fullName = userName + ""_fullName""",Chrome 70.0.3538.110,,2018-12-14 16:06:08,2018-12-14 16:06:08,0.001s,PASSED
"Statement - email = userName + ""@gmail.com""",Chrome 70.0.3538.110,,2018-12-14 16:06:08,2018-12-14 16:06:08,0.000s,PASSED
"Statement - passWord = ""BiNouLunM3UiJsgMQbjdfQ==""",Chrome 70.0.3538.110,,2018-12-14 16:06:08,2018-12-14 16:06:08,0.000s,PASSED
Statement - confirmPass = passWord,Chrome 70.0.3538.110,,2018-12-14 16:06:08,2018-12-14 16:06:08,0.000s,PASSED
"Comment - ""Step 1: Navigate to CMS Home page""",Chrome 70.0.3538.110,,2018-12-14 16:06:08,2018-12-14 16:06:08,0.001s,PASSED
verifyMatch,Chrome 70.0.3538.110,VP: Brought to Home page,2018-12-14 16:06:08,2018-12-14 16:06:08,0.010s,PASSED
click,Chrome 70.0.3538.110,"Step 2: Click on ""Sign Up"" link in Main Menu",2018-12-14 16:06:08,2018-12-14 16:06:09,0.663s,PASSED
callTestCase,Chrome 70.0.3538.110,Step 3: Register a Member ,2018-12-14 16:06:09,2018-12-14 16:06:10,1.715s,PASSED
verifyMatch,Chrome 70.0.3538.110,VP: Brought to Registration page,2018-12-14 16:06:10,2018-12-14 16:06:10,0.005s,PASSED
verifyTextPresent,Chrome 70.0.3538.110,"Step 4: Verify the successful message ""Member registered! Thank you!"" is displayed correctly",2018-12-14 16:06:10,2018-12-14 16:06:10,0.063s,PASSED
verifyTextPresent,Chrome 70.0.3538.110,Step 5: Verify the registration email is displayed in the information message,2018-12-14 16:06:10,2018-12-14 16:06:11,0.033s,PASSED
callTestCase,Chrome 70.0.3538.110,CLEAN UP,2018-12-14 16:06:11,2018-12-14 16:06:37,26.212s,PASSED
Start listener action : afterTestCase,Chrome 70.0.3538.110,,2018-12-14 16:06:37,2018-12-14 16:06:38,1.059s,PASSED
