{"devicePlatform":"","logFolder":"D:\\MyDocument\\Katalon\\KATALON\\KatalonTest\\Reports\\TestSuites_1\\20181214_160410","runData":{"hostName":"yentran - SGH734TXL4.kms.com.vn","os":"Windows 10 64bit","katalonVersion":"5.7.1.1","browser":"Chrome 70.0.3538.110","hostAddress":"10.240.8.231","sessionId":"bf7fb35aba81521c7211944d5aa14af9","seleniumVersion":"3.7.1","proxyInformation":"ProxyInformation{proxyOption\u003dNO_PROXY, proxyServerType\u003dHTTP, password\u003d, proxyServerAddress\u003d, proxyServerPort\u003d0}","platform":"Windows 10"},"type":"TEST_SUITE","name":"TestSuites_1","id":"Test Suites/TestSuites_1","source":"","message":"Test Cases/TestCase/TC1_RegisterMember","description":"","startTime":1544778252918,"endTime":1544778398314,"childRecords":[{"isOptional":false,"type":"TEST_CASE","name":"Test Cases/TestCase/TC2_AddBlogEntry","id":"Test Cases/TestCase/TC2_AddBlogEntry","source":"D:\\\\MyDocument\\\\Katalon\\\\KATALON\\\\KatalonTest\\\\Test Cases\\\\TestCase\\\\TC2_AddBlogEntry.tc","message":"Test Cases/TestCase/TC2_AddBlogEntry","description":"","startTime":1544778253227,"endTime":1544778292399,"childRecords":[{"testStatus":{"stackTrace":"","statusValue":"INFO"},"type":"MESSAGE","name":"","message":"Evaluating variables for test case","startTime":1544778253250,"endTime":0,"childRecords":[],"interuppted":false},{"index":-1,"isIgnoredIfFailed":false,"type":"TEST_STEP","name":"Start listener action : beforeTestCase","message":"Variable \u0027ShortTimeout\u0027 is not defined for test case.","description":"","startTime":1544778253251,"endTime":1544778271637,"childRecords":[{"index":1,"isIgnoredIfFailed":false,"type":"TEST_STEP","name":"Statement - println(testCaseContext.getTestCaseId())","description":"","startTime":1544778253252,"endTime":1544778253255,"childRecords":[],"interuppted":false},{"index":2,"isIgnoredIfFailed":false,"type":"TEST_STEP","name":"Statement - println(testCaseContext.getTestCaseVariables())","description":"","startTime":1544778253255,"endTime":1544778253256,"childRecords":[],"interuppted":false},{"index":3,"isIgnoredIfFailed":false,"type":"TEST_STEP","name":"openBrowser","message":"Browser is opened with url: \u0027http://13.250.134.32/subrion/\u0027","description":"","startTime":1544778253257,"endTime":1544778270496,"childRecords":[{"testStatus":{"stackTrace":"","statusValue":"PASSED"},"type":"MESSAGE","name":"","message":"Browser is opened with url: \u0027http://13.250.134.32/subrion/\u0027","startTime":1544778270496,"endTime":0,"childRecords":[],"interuppted":false}],"interuppted":false},{"index":4,"isIgnoredIfFailed":false,"type":"TEST_STEP","name":"maximizeWindow","message":"Current window maximized","description":"","startTime":1544778270497,"endTime":1544778271635,"childRecords":[{"testStatus":{"stackTrace":"","statusValue":"PASSED"},"type":"MESSAGE","name":"","message":"Current window maximized","startTime":1544778271634,"endTime":0,"childRecords":[],"interuppted":false}],"interuppted":false},{"index":5,"isIgnoredIfFailed":false,"type":"TEST_STEP","name":"waitForPageLoad","message":"Variable \u0027ShortTimeout\u0027 is not defined for test case.","description":"","startTime":1544778271635,"endTime":1544778271637,"childRecords":[{"testStatus":{"stackTrace":"","statusValue":"ERROR"},"type":"MESSAGE","name":"","message":"Variable \u0027ShortTimeout\u0027 is not defined for test case.","startTime":1544778271637,"endTime":0,"childRecords":[],"interuppted":false}],"interuppted":false}],"interuppted":false},{"index":1,"isIgnoredIfFailed":false,"type":"TEST_STEP","name":"Statement - header \u003d \"[\" + CustomKeywords.com.kms.cms.MyKeyword.getCurrentDateTime() + \"]\" + \" U23 Vietnam won U23 Irag\"","message":"com.kms.cms.MyKeyword.getCurrentDateTime is PASSED","description":"PREPARE","startTime":1544778271748,"endTime":1544778271771,"childRecords":[{"testStatus":{"stackTrace":"","statusValue":"PASSED"},"type":"MESSAGE","name":"","message":"com.kms.cms.MyKeyword.getCurrentDateTime is PASSED","startTime":1544778271770,"endTime":0,"childRecords":[],"interuppted":false}],"interuppted":false},{"index":2,"isIgnoredIfFailed":false,"type":"TEST_STEP","name":"Statement - body \u003d \"U23 Vietnam went to the final match with U23 Uzbekistan\"","description":"","startTime":1544778271771,"endTime":1544778271773,"childRecords":[],"interuppted":false},{"index":3,"isIgnoredIfFailed":false,"type":"TEST_STEP","name":"Statement - tag \u003d \"football\"","description":"","startTime":1544778271774,"endTime":1544778271776,"childRecords":[],"interuppted":false},{"index":4,"isIgnoredIfFailed":false,"type":"TEST_STEP","name":"Statement - blogEntryTitle \u003d header + \" :: Powered by Subrion 4.2\"","description":"","startTime":1544778271776,"endTime":1544778271777,"childRecords":[],"interuppted":false},{"index":5,"isIgnoredIfFailed":false,"type":"TEST_STEP","name":"Comment - \"Step 1: Log in to System\"","description":"","startTime":1544778271777,"endTime":1544778271778,"childRecords":[],"interuppted":false},{"index":6,"isIgnoredIfFailed":false,"type":"TEST_STEP","name":"click","message":"Object: \u0027Object Repository/HomePage/lnk_LogIn\u0027 is clicked on","description":"VP: Login to the System","startTime":1544778271778,"endTime":1544778272695,"childRecords":[{"testStatus":{"stackTrace":"","statusValue":"PASSED"},"type":"MESSAGE","name":"","message":"Object: \u0027Object Repository/HomePage/lnk_LogIn\u0027 is clicked on","startTime":1544778272694,"endTime":0,"childRecords":[],"interuppted":false}],"interuppted":false},{"index":7,"isIgnoredIfFailed":false,"type":"TEST_STEP","name":"callTestCase","message":"Call Test Case \u0027Test Cases/CommonTestcase/LoginSystem\u0027 successfully","description":"","startTime":1544778272696,"endTime":1544778274114,"childRecords":[{"isOptional":false,"type":"TEST_CASE","name":"Test Cases/CommonTestcase/LoginSystem","id":"Test Cases/CommonTestcase/LoginSystem","source":"D:\\\\MyDocument\\\\Katalon\\\\KATALON\\\\KatalonTest\\\\Test Cases\\\\CommonTestcase\\\\LoginSystem.tc","message":"Test Cases/CommonTestcase/LoginSystem","description":"","startTime":1544778272771,"endTime":1544778274111,"childRecords":[{"testStatus":{"stackTrace":"","statusValue":"INFO"},"type":"MESSAGE","name":"","message":"Evaluating variables for test case","startTime":1544778272775,"endTime":0,"childRecords":[],"interuppted":false},{"index":1,"isIgnoredIfFailed":false,"type":"TEST_STEP","name":"setText","message":"Text \u0027katalontest\u0027 is set on object \u0027Object Repository/LoginPage/txt_Username\u0027","description":"Input username to \"username\" textbox","startTime":1544778272864,"endTime":1544778272988,"childRecords":[{"testStatus":{"stackTrace":"","statusValue":"PASSED"},"type":"MESSAGE","name":"","message":"Text \u0027katalontest\u0027 is set on object \u0027Object Repository/LoginPage/txt_Username\u0027","startTime":1544778272987,"endTime":0,"childRecords":[],"interuppted":false}],"interuppted":false},{"index":2,"isIgnoredIfFailed":false,"type":"TEST_STEP","name":"setEncryptedText","message":"Text ****** has been set on object \u0027Object Repository/LoginPage/txt_Password\u0027","description":"Input password to \"password\" textbox","startTime":1544778272988,"endTime":1544778273144,"childRecords":[{"testStatus":{"stackTrace":"","statusValue":"PASSED"},"type":"MESSAGE","name":"","message":"Text ****** has been set on object \u0027Object Repository/LoginPage/txt_Password\u0027","startTime":1544778273143,"endTime":0,"childRecords":[],"interuppted":false}],"interuppted":false},{"index":3,"isIgnoredIfFailed":false,"type":"TEST_STEP","name":"click","message":"Object: \u0027Object Repository/LoginPage/btn_Login\u0027 is clicked on","description":"Click Log in button","startTime":1544778273144,"endTime":1544778274110,"childRecords":[{"testStatus":{"stackTrace":"","statusValue":"PASSED"},"type":"MESSAGE","name":"","message":"Object: \u0027Object Repository/LoginPage/btn_Login\u0027 is clicked on","startTime":1544778274110,"endTime":0,"childRecords":[],"interuppted":false}],"interuppted":false},{"testStatus":{"stackTrace":"","statusValue":"PASSED"},"type":"MESSAGE","name":"","message":"Test Cases/CommonTestcase/LoginSystem","startTime":1544778274111,"endTime":0,"childRecords":[],"interuppted":false}],"interuppted":false},{"testStatus":{"stackTrace":"","statusValue":"PASSED"},"type":"MESSAGE","name":"","message":"Call Test Case \u0027Test Cases/CommonTestcase/LoginSystem\u0027 successfully","startTime":1544778274114,"endTime":0,"childRecords":[],"interuppted":false}],"interuppted":false},{"index":8,"isIgnoredIfFailed":false,"type":"TEST_STEP","name":"click","message":"Object: \u0027Object Repository/HomePage/lnk_Blog\u0027 is clicked on","description":"Step 2: Click on \"Blog\" menu","startTime":1544778274114,"endTime":1544778275033,"childRecords":[{"testStatus":{"stackTrace":"","statusValue":"PASSED"},"type":"MESSAGE","name":"","message":"Object: \u0027Object Repository/HomePage/lnk_Blog\u0027 is clicked on","startTime":1544778275032,"endTime":0,"childRecords":[],"interuppted":false}],"interuppted":false},{"index":9,"isIgnoredIfFailed":false,"type":"TEST_STEP","name":"callTestCase","message":"Call Test Case \u0027Test Cases/CommonTestcase/AddBlogEntry\u0027 successfully","description":"Step 3: Add blog","startTime":1544778275033,"endTime":1544778291207,"childRecords":[{"isOptional":false,"type":"TEST_CASE","name":"Test Cases/CommonTestcase/AddBlogEntry","id":"Test Cases/CommonTestcase/AddBlogEntry","source":"D:\\\\MyDocument\\\\Katalon\\\\KATALON\\\\KatalonTest\\\\Test Cases\\\\CommonTestcase\\\\AddBlogEntry.tc","message":"Test Cases/CommonTestcase/AddBlogEntry","description":"","startTime":1544778275090,"endTime":1544778291207,"childRecords":[{"testStatus":{"stackTrace":"","statusValue":"INFO"},"type":"MESSAGE","name":"","message":"Evaluating variables for test case","startTime":1544778275098,"endTime":0,"childRecords":[],"interuppted":false},{"index":1,"isIgnoredIfFailed":false,"type":"TEST_STEP","name":"click","message":"Object: \u0027Object Repository/AddBlogPage/btn_AddBlogEntry\u0027 is clicked on","description":"Click on \"Add Blog Entry\" button","startTime":1544778275212,"endTime":1544778276760,"childRecords":[{"testStatus":{"stackTrace":"","statusValue":"PASSED"},"type":"MESSAGE","name":"","message":"Object: \u0027Object Repository/AddBlogPage/btn_AddBlogEntry\u0027 is clicked on","startTime":1544778276760,"endTime":0,"childRecords":[],"interuppted":false}],"interuppted":false},{"index":2,"isIgnoredIfFailed":false,"type":"TEST_STEP","name":"setText","message":"Text \u0027[20181214-041231] U23 Vietnam won U23 Irag\u0027 is set on object \u0027Object Repository/AddBlogPage/txt_Title\u0027","description":"Input value into \"Title\" field","startTime":1544778276761,"endTime":1544778276970,"childRecords":[{"testStatus":{"stackTrace":"","statusValue":"PASSED"},"type":"MESSAGE","name":"","message":"Text \u0027[20181214-041231] U23 Vietnam won U23 Irag\u0027 is set on object \u0027Object Repository/AddBlogPage/txt_Title\u0027","startTime":1544778276970,"endTime":0,"childRecords":[],"interuppted":false}],"interuppted":false},{"index":3,"isIgnoredIfFailed":false,"type":"TEST_STEP","name":"switchToFrame","message":"Switched to iframe: \u0027Object Repository/AddBlogPage/fra_Iframe\u0027","description":"Input value into \"Body\" field","startTime":1544778276971,"endTime":1544778280082,"childRecords":[],"interuppted":false},{"index":4,"isIgnoredIfFailed":false,"type":"TEST_STEP","name":"setText","message":"Text \u0027U23 Vietnam went to the final match with U23 Uzbekistan\u0027 is set on object \u0027Object Repository/AddBlogPage/txt_body\u0027","description":"","startTime":1544778280082,"endTime":1544778281332,"childRecords":[{"testStatus":{"stackTrace":"","statusValue":"PASSED"},"type":"MESSAGE","name":"","message":"Text \u0027U23 Vietnam went to the final match with U23 Uzbekistan\u0027 is set on object \u0027Object Repository/AddBlogPage/txt_body\u0027","startTime":1544778281332,"endTime":0,"childRecords":[],"interuppted":false}],"interuppted":false},{"index":5,"isIgnoredIfFailed":false,"type":"TEST_STEP","name":"switchToDefaultContent","message":"Switching to default content","description":"","startTime":1544778281333,"endTime":1544778281351,"childRecords":[],"interuppted":false},{"index":6,"isIgnoredIfFailed":false,"type":"TEST_STEP","name":"setText","message":"Text \u0027football\u0027 is set on object \u0027Object Repository/AddBlogPage/txt_Tag\u0027","description":"Input value into \"Tags\"  field","startTime":1544778281351,"endTime":1544778281444,"childRecords":[{"testStatus":{"stackTrace":"","statusValue":"PASSED"},"type":"MESSAGE","name":"","message":"Text \u0027football\u0027 is set on object \u0027Object Repository/AddBlogPage/txt_Tag\u0027","startTime":1544778281443,"endTime":0,"childRecords":[],"interuppted":false}],"interuppted":false},{"index":7,"isIgnoredIfFailed":false,"type":"TEST_STEP","name":"click","message":"Object: \u0027Object Repository/AddBlogPage/btn_Save\u0027 is clicked on","description":"Click on \"Save\" button","startTime":1544778281444,"endTime":1544778291172,"childRecords":[{"testStatus":{"stackTrace":"","statusValue":"PASSED"},"type":"MESSAGE","name":"","message":"Object: \u0027Object Repository/AddBlogPage/btn_Save\u0027 is clicked on","startTime":1544778291172,"endTime":0,"childRecords":[],"interuppted":false}],"interuppted":false},{"index":8,"isIgnoredIfFailed":false,"type":"TEST_STEP","name":"waitForPageLoad","message":"Wait for page load successfully","description":"","startTime":1544778291173,"endTime":1544778291206,"childRecords":[{"testStatus":{"stackTrace":"","statusValue":"PASSED"},"type":"MESSAGE","name":"","message":"Wait for page load successfully","startTime":1544778291206,"endTime":0,"childRecords":[],"interuppted":false}],"interuppted":false},{"testStatus":{"stackTrace":"","statusValue":"PASSED"},"type":"MESSAGE","name":"","message":"Test Cases/CommonTestcase/AddBlogEntry","startTime":1544778291206,"endTime":0,"childRecords":[],"interuppted":false}],"interuppted":false},{"testStatus":{"stackTrace":"","statusValue":"PASSED"},"type":"MESSAGE","name":"","message":"Call Test Case \u0027Test Cases/CommonTestcase/AddBlogEntry\u0027 successfully","startTime":1544778291207,"endTime":0,"childRecords":[],"interuppted":false}],"interuppted":false},{"index":10,"isIgnoredIfFailed":false,"type":"TEST_STEP","name":"verifyMatch","message":"Actual text \u0027[20181214-041231] U23 Vietnam won U23 Irag :: Powered by Subrion 4.2\u0027 and expected text \u0027[20181214-041231] U23 Vietnam won U23 Irag :: Powered by Subrion 4.2\u0027 are matched ","description":"VP: Brought to \"Blog Entry\" page","startTime":1544778291207,"endTime":1544778291223,"childRecords":[{"testStatus":{"stackTrace":"","statusValue":"PASSED"},"type":"MESSAGE","name":"","message":"Current window\u0027s title is: \u0027[20181214-041231] U23 Vietnam won U23 Irag :: Powered by Subrion 4.2\u0027","startTime":1544778291219,"endTime":0,"childRecords":[],"interuppted":false},{"testStatus":{"stackTrace":"","statusValue":"PASSED"},"type":"MESSAGE","name":"","message":"Actual text \u0027[20181214-041231] U23 Vietnam won U23 Irag :: Powered by Subrion 4.2\u0027 and expected text \u0027[20181214-041231] U23 Vietnam won U23 Irag :: Powered by Subrion 4.2\u0027 are matched ","startTime":1544778291223,"endTime":0,"childRecords":[],"interuppted":false}],"interuppted":false},{"index":11,"isIgnoredIfFailed":false,"type":"TEST_STEP","name":"Comment - \"Step 4: Verify the \"Blog Entry\" page\"","description":"","startTime":1544778291223,"endTime":1544778291223,"childRecords":[],"interuppted":false},{"index":12,"isIgnoredIfFailed":false,"type":"TEST_STEP","name":"verifyMatch","message":"Actual text \u0027[20181214-041231] U23 Vietnam won U23 Irag\u0027 and expected text \u0027[20181214-041231] U23 Vietnam won U23 Irag\u0027 are matched ","description":"VP: Verify the title, the content, the tags are displayed correctly","startTime":1544778291224,"endTime":1544778291262,"childRecords":[{"testStatus":{"stackTrace":"","statusValue":"PASSED"},"type":"MESSAGE","name":"","message":"Text of object \u0027Object Repository/AdminPage/dat_header\u0027 is: \u0027[20181214-041231] U23 Vietnam won U23 Irag\u0027","startTime":1544778291261,"endTime":0,"childRecords":[],"interuppted":false},{"testStatus":{"stackTrace":"","statusValue":"PASSED"},"type":"MESSAGE","name":"","message":"Actual text \u0027[20181214-041231] U23 Vietnam won U23 Irag\u0027 and expected text \u0027[20181214-041231] U23 Vietnam won U23 Irag\u0027 are matched ","startTime":1544778291262,"endTime":0,"childRecords":[],"interuppted":false}],"interuppted":false},{"index":13,"isIgnoredIfFailed":false,"type":"TEST_STEP","name":"verifyMatch","message":"Actual text \u0027U23 Vietnam went to the final match with U23 Uzbekistan\u0027 and expected text \u0027U23 Vietnam went to the final match with U23 Uzbekistan\u0027 are matched ","description":"","startTime":1544778291262,"endTime":1544778291292,"childRecords":[{"testStatus":{"stackTrace":"","statusValue":"PASSED"},"type":"MESSAGE","name":"","message":"Text of object \u0027Object Repository/AdminPage/dat_contentBody\u0027 is: \u0027U23 Vietnam went to the final match with U23 Uzbekistan\u0027","startTime":1544778291291,"endTime":0,"childRecords":[],"interuppted":false},{"testStatus":{"stackTrace":"","statusValue":"PASSED"},"type":"MESSAGE","name":"","message":"Actual text \u0027U23 Vietnam went to the final match with U23 Uzbekistan\u0027 and expected text \u0027U23 Vietnam went to the final match with U23 Uzbekistan\u0027 are matched ","startTime":1544778291291,"endTime":0,"childRecords":[],"interuppted":false}],"interuppted":false},{"index":14,"isIgnoredIfFailed":false,"type":"TEST_STEP","name":"verifyMatch","message":"Actual text \u0027football\u0027 and expected text \u0027football\u0027 are matched ","description":"","startTime":1544778291292,"endTime":1544778291327,"childRecords":[{"testStatus":{"stackTrace":"","statusValue":"PASSED"},"type":"MESSAGE","name":"","message":"Text of object \u0027Object Repository/AdminPage/dat_Tag\u0027 is: \u0027football\u0027","startTime":1544778291326,"endTime":0,"childRecords":[],"interuppted":false},{"testStatus":{"stackTrace":"","statusValue":"PASSED"},"type":"MESSAGE","name":"","message":"Actual text \u0027football\u0027 and expected text \u0027football\u0027 are matched ","startTime":1544778291327,"endTime":0,"childRecords":[],"interuppted":false}],"interuppted":false},{"testStatus":{"stackTrace":"","statusValue":"PASSED"},"type":"MESSAGE","name":"","message":"Test Cases/TestCase/TC2_AddBlogEntry","startTime":1544778291327,"endTime":0,"childRecords":[],"interuppted":false},{"index":-1,"isIgnoredIfFailed":false,"type":"TEST_STEP","name":"Start listener action : afterTestCase","message":"Browser is closed","description":"","startTime":1544778291328,"endTime":1544778292399,"childRecords":[{"index":1,"isIgnoredIfFailed":false,"type":"TEST_STEP","name":"Statement - println(testCaseContext.getTestCaseId())","description":"","startTime":1544778291328,"endTime":1544778291328,"childRecords":[],"interuppted":false},{"index":2,"isIgnoredIfFailed":false,"type":"TEST_STEP","name":"Statement - println(testCaseContext.getTestCaseStatus())","description":"","startTime":1544778291328,"endTime":1544778291329,"childRecords":[],"interuppted":false},{"index":3,"isIgnoredIfFailed":false,"type":"TEST_STEP","name":"closeBrowser","message":"Browser is closed","description":"","startTime":1544778291329,"endTime":1544778292398,"childRecords":[{"testStatus":{"stackTrace":"","statusValue":"PASSED"},"type":"MESSAGE","name":"","message":"Browser is closed","startTime":1544778292398,"endTime":0,"childRecords":[],"interuppted":false}],"interuppted":false}],"interuppted":false}],"interuppted":false},{"isOptional":false,"type":"TEST_CASE","name":"Test Cases/TestCase/TC3_OnlyActiveMemberCanLoginToSystem","id":"Test Cases/TestCase/TC3_OnlyActiveMemberCanLoginToSystem","source":"D:\\\\MyDocument\\\\Katalon\\\\KATALON\\\\KatalonTest\\\\Test Cases\\\\TestCase\\\\TC3_OnlyActiveMemberCanLoginToSystem.tc","message":"Test Cases/TestCase/TC3_OnlyActiveMemberCanLoginToSystem","description":"","startTime":1544778292401,"endTime":1544778356135,"childRecords":[{"testStatus":{"stackTrace":"","statusValue":"INFO"},"type":"MESSAGE","name":"","message":"Evaluating variables for test case","startTime":1544778292414,"endTime":0,"childRecords":[],"interuppted":false},{"index":-1,"isIgnoredIfFailed":false,"type":"TEST_STEP","name":"Start listener action : beforeTestCase","message":"Variable \u0027ShortTimeout\u0027 is not defined for test case.","description":"","startTime":1544778292414,"endTime":1544778304550,"childRecords":[{"index":1,"isIgnoredIfFailed":false,"type":"TEST_STEP","name":"Statement - println(testCaseContext.getTestCaseId())","description":"","startTime":1544778292415,"endTime":1544778292416,"childRecords":[],"interuppted":false},{"index":2,"isIgnoredIfFailed":false,"type":"TEST_STEP","name":"Statement - println(testCaseContext.getTestCaseVariables())","description":"","startTime":1544778292416,"endTime":1544778292416,"childRecords":[],"interuppted":false},{"index":3,"isIgnoredIfFailed":false,"type":"TEST_STEP","name":"openBrowser","message":"Browser is opened with url: \u0027http://13.250.134.32/subrion/\u0027","description":"","startTime":1544778292416,"endTime":1544778303430,"childRecords":[{"testStatus":{"stackTrace":"","statusValue":"PASSED"},"type":"MESSAGE","name":"","message":"Browser is opened with url: \u0027http://13.250.134.32/subrion/\u0027","startTime":1544778303430,"endTime":0,"childRecords":[],"interuppted":false}],"interuppted":false},{"index":4,"isIgnoredIfFailed":false,"type":"TEST_STEP","name":"maximizeWindow","message":"Current window maximized","description":"","startTime":1544778303430,"endTime":1544778304549,"childRecords":[{"testStatus":{"stackTrace":"","statusValue":"PASSED"},"type":"MESSAGE","name":"","message":"Current window maximized","startTime":1544778304548,"endTime":0,"childRecords":[],"interuppted":false}],"interuppted":false},{"index":5,"isIgnoredIfFailed":false,"type":"TEST_STEP","name":"waitForPageLoad","message":"Variable \u0027ShortTimeout\u0027 is not defined for test case.","description":"","startTime":1544778304549,"endTime":1544778304549,"childRecords":[{"testStatus":{"stackTrace":"","statusValue":"ERROR"},"type":"MESSAGE","name":"","message":"Variable \u0027ShortTimeout\u0027 is not defined for test case.","startTime":1544778304549,"endTime":0,"childRecords":[],"interuppted":false}],"interuppted":false}],"interuppted":false},{"index":1,"isIgnoredIfFailed":false,"type":"TEST_STEP","name":"Statement - userName \u003d CustomKeywords.com.kms.cms.MyKeyword.getRandomUser()","message":"com.kms.cms.MyKeyword.getRandomUser is PASSED","description":"PREPARE DATA","startTime":1544778304676,"endTime":1544778304687,"childRecords":[{"testStatus":{"stackTrace":"","statusValue":"PASSED"},"type":"MESSAGE","name":"","message":"com.kms.cms.MyKeyword.getRandomUser is PASSED","startTime":1544778304687,"endTime":0,"childRecords":[],"interuppted":false}],"interuppted":false},{"index":2,"isIgnoredIfFailed":false,"type":"TEST_STEP","name":"Statement - fullName \u003d userName + \"_fullName\"","description":"","startTime":1544778304687,"endTime":1544778304688,"childRecords":[],"interuppted":false},{"index":3,"isIgnoredIfFailed":false,"type":"TEST_STEP","name":"Statement - email \u003d userName + \"@gmail.com\"","description":"","startTime":1544778304688,"endTime":1544778304688,"childRecords":[],"interuppted":false},{"index":4,"isIgnoredIfFailed":false,"type":"TEST_STEP","name":"Statement - passWord \u003d \"BiNouLunM3UiJsgMQbjdfQ\u003d\u003d\"","description":"","startTime":1544778304688,"endTime":1544778304689,"childRecords":[],"interuppted":false},{"index":5,"isIgnoredIfFailed":false,"type":"TEST_STEP","name":"Statement - confirmPass \u003d passWord","description":"","startTime":1544778304689,"endTime":1544778304689,"childRecords":[],"interuppted":false},{"index":6,"isIgnoredIfFailed":false,"type":"TEST_STEP","name":"Statement - invalidLogin \u003d \"Either login or password is invalid.\"","description":"","startTime":1544778304689,"endTime":1544778304689,"childRecords":[],"interuppted":false},{"index":7,"isIgnoredIfFailed":false,"type":"TEST_STEP","name":"Statement - status \u003d \"Active\"","description":"","startTime":1544778304690,"endTime":1544778304690,"childRecords":[],"interuppted":false},{"index":8,"isIgnoredIfFailed":false,"type":"TEST_STEP","name":"Statement - currentTab \u003d com.kms.katalon.core.webui.keyword.WebUiBuiltInKeywords.getWindowIndex()","message":"Current window\u0027s index is: 0","description":"","startTime":1544778304690,"endTime":1544778304705,"childRecords":[{"testStatus":{"stackTrace":"","statusValue":"PASSED"},"type":"MESSAGE","name":"","message":"Current window\u0027s index is: 0","startTime":1544778304704,"endTime":0,"childRecords":[],"interuppted":false}],"interuppted":false},{"index":9,"isIgnoredIfFailed":false,"type":"TEST_STEP","name":"Comment - \"Step 1: Navigate to CMS Home page\"","description":"","startTime":1544778304705,"endTime":1544778304705,"childRecords":[],"interuppted":false},{"index":10,"isIgnoredIfFailed":false,"type":"TEST_STEP","name":"verifyMatch","message":"Actual text \u0027Home :: Powered by Subrion 4.2\u0027 and expected text \u0027Home :: Powered by Subrion 4.2\u0027 are matched ","description":"VP: Brought to Home page","startTime":1544778304706,"endTime":1544778304715,"childRecords":[{"testStatus":{"stackTrace":"","statusValue":"PASSED"},"type":"MESSAGE","name":"","message":"Current window\u0027s title is: \u0027Home :: Powered by Subrion 4.2\u0027","startTime":1544778304712,"endTime":0,"childRecords":[],"interuppted":false},{"testStatus":{"stackTrace":"","statusValue":"PASSED"},"type":"MESSAGE","name":"","message":"Actual text \u0027Home :: Powered by Subrion 4.2\u0027 and expected text \u0027Home :: Powered by Subrion 4.2\u0027 are matched ","startTime":1544778304714,"endTime":0,"childRecords":[],"interuppted":false}],"interuppted":false},{"index":11,"isIgnoredIfFailed":false,"type":"TEST_STEP","name":"click","message":"Object: \u0027Object Repository/HomePage/lnk_SignUp\u0027 is clicked on","description":"Step 2: Follow steps in TC#1 to create a new user","startTime":1544778304715,"endTime":1544778305325,"childRecords":[{"testStatus":{"stackTrace":"","statusValue":"PASSED"},"type":"MESSAGE","name":"","message":"Object: \u0027Object Repository/HomePage/lnk_SignUp\u0027 is clicked on","startTime":1544778305324,"endTime":0,"childRecords":[],"interuppted":false}],"interuppted":false},{"index":12,"isIgnoredIfFailed":false,"type":"TEST_STEP","name":"callTestCase","message":"Call Test Case \u0027Test Cases/CommonTestcase/CreateNewUser\u0027 successfully","description":"","startTime":1544778305325,"endTime":1544778306992,"childRecords":[{"isOptional":false,"type":"TEST_CASE","name":"Test Cases/CommonTestcase/CreateNewUser","id":"Test Cases/CommonTestcase/CreateNewUser","source":"D:\\\\MyDocument\\\\Katalon\\\\KATALON\\\\KatalonTest\\\\Test Cases\\\\CommonTestcase\\\\CreateNewUser.tc","message":"Test Cases/CommonTestcase/CreateNewUser","description":"","startTime":1544778305382,"endTime":1544778306992,"childRecords":[{"testStatus":{"stackTrace":"","statusValue":"INFO"},"type":"MESSAGE","name":"","message":"Evaluating variables for test case","startTime":1544778305388,"endTime":0,"childRecords":[],"interuppted":false},{"index":1,"isIgnoredIfFailed":false,"type":"TEST_STEP","name":"setText","message":"Text \u0027154477830468\u0027 is set on object \u0027Object Repository/RegisterPage/txt_Username\u0027","description":"Step 1: Input value into \"Username\" field","startTime":1544778305528,"endTime":1544778305661,"childRecords":[{"testStatus":{"stackTrace":"","statusValue":"PASSED"},"type":"MESSAGE","name":"","message":"Text \u0027154477830468\u0027 is set on object \u0027Object Repository/RegisterPage/txt_Username\u0027","startTime":1544778305661,"endTime":0,"childRecords":[],"interuppted":false}],"interuppted":false},{"index":2,"isIgnoredIfFailed":false,"type":"TEST_STEP","name":"setText","message":"Text \u0027154477830468_fullName\u0027 is set on object \u0027Object Repository/RegisterPage/txt_Fullname\u0027","description":"Step 2: Input value into \"Full Name\" field","startTime":1544778305661,"endTime":1544778305785,"childRecords":[{"testStatus":{"stackTrace":"","statusValue":"PASSED"},"type":"MESSAGE","name":"","message":"Text \u0027154477830468_fullName\u0027 is set on object \u0027Object Repository/RegisterPage/txt_Fullname\u0027","startTime":1544778305784,"endTime":0,"childRecords":[],"interuppted":false}],"interuppted":false},{"index":3,"isIgnoredIfFailed":false,"type":"TEST_STEP","name":"setText","message":"Text \u0027154477830468@gmail.com\u0027 is set on object \u0027Object Repository/RegisterPage/txt_Email\u0027","description":"Step 3: Input value into \"Email\" field","startTime":1544778305785,"endTime":1544778305908,"childRecords":[{"testStatus":{"stackTrace":"","statusValue":"PASSED"},"type":"MESSAGE","name":"","message":"Text \u0027154477830468@gmail.com\u0027 is set on object \u0027Object Repository/RegisterPage/txt_Email\u0027","startTime":1544778305908,"endTime":0,"childRecords":[],"interuppted":false}],"interuppted":false},{"index":4,"isIgnoredIfFailed":false,"type":"TEST_STEP","name":"selectOptionByLabel","message":"All options with label \u0027Male\u0027 are selected in object \u0027Object Repository/RegisterPage/ddl_Gender\u0027 ","description":"Step 4: Select value into \"Gender\" field","startTime":1544778305908,"endTime":1544778305984,"childRecords":[{"testStatus":{"stackTrace":"","statusValue":"PASSED"},"type":"MESSAGE","name":"","message":"All options with label \u0027Male\u0027 are selected in object \u0027Object Repository/RegisterPage/ddl_Gender\u0027 ","startTime":1544778305983,"endTime":0,"childRecords":[],"interuppted":false}],"interuppted":false},{"index":5,"isIgnoredIfFailed":false,"type":"TEST_STEP","name":"setEncryptedText","message":"Text ****** has been set on object \u0027Object Repository/RegisterPage/txt_Pass\u0027","description":"Step 5: Input value into \"Your password\" field","startTime":1544778305984,"endTime":1544778306074,"childRecords":[{"testStatus":{"stackTrace":"","statusValue":"PASSED"},"type":"MESSAGE","name":"","message":"Text ****** has been set on object \u0027Object Repository/RegisterPage/txt_Pass\u0027","startTime":1544778306073,"endTime":0,"childRecords":[],"interuppted":false}],"interuppted":false},{"index":6,"isIgnoredIfFailed":false,"type":"TEST_STEP","name":"setEncryptedText","message":"Text ****** has been set on object \u0027Object Repository/RegisterPage/txt_Confirmpass\u0027","description":"Step 6: Input value into \"Confirm your password:\" field","startTime":1544778306074,"endTime":1544778306166,"childRecords":[{"testStatus":{"stackTrace":"","statusValue":"PASSED"},"type":"MESSAGE","name":"","message":"Text ****** has been set on object \u0027Object Repository/RegisterPage/txt_Confirmpass\u0027","startTime":1544778306166,"endTime":0,"childRecords":[],"interuppted":false}],"interuppted":false},{"index":7,"isIgnoredIfFailed":false,"type":"TEST_STEP","name":"click","message":"Object: \u0027Object Repository/RegisterPage/btn_Registration\u0027 is clicked on","description":"Step 7: Click on \"Registration\" button ","startTime":1544778306167,"endTime":1544778306992,"childRecords":[{"testStatus":{"stackTrace":"","statusValue":"PASSED"},"type":"MESSAGE","name":"","message":"Object: \u0027Object Repository/RegisterPage/btn_Registration\u0027 is clicked on","startTime":1544778306991,"endTime":0,"childRecords":[],"interuppted":false}],"interuppted":false},{"testStatus":{"stackTrace":"","statusValue":"PASSED"},"type":"MESSAGE","name":"","message":"Test Cases/CommonTestcase/CreateNewUser","startTime":1544778306992,"endTime":0,"childRecords":[],"interuppted":false}],"interuppted":false},{"testStatus":{"stackTrace":"","statusValue":"PASSED"},"type":"MESSAGE","name":"","message":"Call Test Case \u0027Test Cases/CommonTestcase/CreateNewUser\u0027 successfully","startTime":1544778306992,"endTime":0,"childRecords":[],"interuppted":false}],"interuppted":false},{"index":13,"isIgnoredIfFailed":false,"type":"TEST_STEP","name":"click","message":"Object: \u0027Object Repository/HomePage/lnk_LogIn\u0027 is clicked on","description":"Step 3: Click on \"Log In\" menu","startTime":1544778306992,"endTime":1544778307585,"childRecords":[{"testStatus":{"stackTrace":"","statusValue":"PASSED"},"type":"MESSAGE","name":"","message":"Object: \u0027Object Repository/HomePage/lnk_LogIn\u0027 is clicked on","startTime":1544778307585,"endTime":0,"childRecords":[],"interuppted":false}],"interuppted":false},{"index":14,"isIgnoredIfFailed":false,"type":"TEST_STEP","name":"verifyMatch","message":"Actual text \u0027Login :: Powered by Subrion 4.2\u0027 and expected text \u0027Login :: Powered by Subrion 4.2\u0027 are matched ","description":"VP: Brought to Login page","startTime":1544778307585,"endTime":1544778307592,"childRecords":[{"testStatus":{"stackTrace":"","statusValue":"PASSED"},"type":"MESSAGE","name":"","message":"Current window\u0027s title is: \u0027Login :: Powered by Subrion 4.2\u0027","startTime":1544778307591,"endTime":0,"childRecords":[],"interuppted":false},{"testStatus":{"stackTrace":"","statusValue":"PASSED"},"type":"MESSAGE","name":"","message":"Actual text \u0027Login :: Powered by Subrion 4.2\u0027 and expected text \u0027Login :: Powered by Subrion 4.2\u0027 are matched ","startTime":1544778307591,"endTime":0,"childRecords":[],"interuppted":false}],"interuppted":false},{"index":15,"isIgnoredIfFailed":false,"type":"TEST_STEP","name":"callTestCase","message":"Call Test Case \u0027Test Cases/CommonTestcase/LoginSystem\u0027 successfully","description":"Step 4: Log in with newly created user","startTime":1544778307592,"endTime":1544778308649,"childRecords":[{"isOptional":false,"type":"TEST_CASE","name":"Test Cases/CommonTestcase/LoginSystem","id":"Test Cases/CommonTestcase/LoginSystem","source":"D:\\\\MyDocument\\\\Katalon\\\\KATALON\\\\KatalonTest\\\\Test Cases\\\\CommonTestcase\\\\LoginSystem.tc","message":"Test Cases/CommonTestcase/LoginSystem","description":"","startTime":1544778307646,"endTime":1544778308649,"childRecords":[{"testStatus":{"stackTrace":"","statusValue":"INFO"},"type":"MESSAGE","name":"","message":"Evaluating variables for test case","startTime":1544778307650,"endTime":0,"childRecords":[],"interuppted":false},{"index":1,"isIgnoredIfFailed":false,"type":"TEST_STEP","name":"setText","message":"Text \u0027154477830468\u0027 is set on object \u0027Object Repository/LoginPage/txt_Username\u0027","description":"Input username to \"username\" textbox","startTime":1544778307651,"endTime":1544778307768,"childRecords":[{"testStatus":{"stackTrace":"","statusValue":"PASSED"},"type":"MESSAGE","name":"","message":"Text \u0027154477830468\u0027 is set on object \u0027Object Repository/LoginPage/txt_Username\u0027","startTime":1544778307768,"endTime":0,"childRecords":[],"interuppted":false}],"interuppted":false},{"index":2,"isIgnoredIfFailed":false,"type":"TEST_STEP","name":"setEncryptedText","message":"Text ****** has been set on object \u0027Object Repository/LoginPage/txt_Password\u0027","description":"Input password to \"password\" textbox","startTime":1544778307768,"endTime":1544778307904,"childRecords":[{"testStatus":{"stackTrace":"","statusValue":"PASSED"},"type":"MESSAGE","name":"","message":"Text ****** has been set on object \u0027Object Repository/LoginPage/txt_Password\u0027","startTime":1544778307904,"endTime":0,"childRecords":[],"interuppted":false}],"interuppted":false},{"index":3,"isIgnoredIfFailed":false,"type":"TEST_STEP","name":"click","message":"Object: \u0027Object Repository/LoginPage/btn_Login\u0027 is clicked on","description":"Click Log in button","startTime":1544778307904,"endTime":1544778308648,"childRecords":[{"testStatus":{"stackTrace":"","statusValue":"PASSED"},"type":"MESSAGE","name":"","message":"Object: \u0027Object Repository/LoginPage/btn_Login\u0027 is clicked on","startTime":1544778308648,"endTime":0,"childRecords":[],"interuppted":false}],"interuppted":false},{"testStatus":{"stackTrace":"","statusValue":"PASSED"},"type":"MESSAGE","name":"","message":"Test Cases/CommonTestcase/LoginSystem","startTime":1544778308648,"endTime":0,"childRecords":[],"interuppted":false}],"interuppted":false},{"testStatus":{"stackTrace":"","statusValue":"PASSED"},"type":"MESSAGE","name":"","message":"Call Test Case \u0027Test Cases/CommonTestcase/LoginSystem\u0027 successfully","startTime":1544778308649,"endTime":0,"childRecords":[],"interuppted":false}],"interuppted":false},{"index":16,"isIgnoredIfFailed":false,"type":"TEST_STEP","name":"verifyMatch","message":"Actual text \u0027Login :: Powered by Subrion 4.2\u0027 and expected text \u0027Login :: Powered by Subrion 4.2\u0027 are matched ","description":"VP:User is still in Log In page","startTime":1544778308650,"endTime":1544778308656,"childRecords":[{"testStatus":{"stackTrace":"","statusValue":"PASSED"},"type":"MESSAGE","name":"","message":"Current window\u0027s title is: \u0027Login :: Powered by Subrion 4.2\u0027","startTime":1544778308655,"endTime":0,"childRecords":[],"interuppted":false},{"testStatus":{"stackTrace":"","statusValue":"PASSED"},"type":"MESSAGE","name":"","message":"Actual text \u0027Login :: Powered by Subrion 4.2\u0027 and expected text \u0027Login :: Powered by Subrion 4.2\u0027 are matched ","startTime":1544778308656,"endTime":0,"childRecords":[],"interuppted":false}],"interuppted":false},{"index":17,"isIgnoredIfFailed":false,"type":"TEST_STEP","name":"verifyTextPresent","message":"Text \u0027Either login or password is invalid.\u0027 is present on page ","description":"Step 5: Verify error message is displayed: “Either login or password is invalid.”  ","startTime":1544778308656,"endTime":1544778308713,"childRecords":[{"testStatus":{"stackTrace":"","statusValue":"PASSED"},"type":"MESSAGE","name":"","message":"Text \u0027Either login or password is invalid.\u0027 is present on page ","startTime":1544778308713,"endTime":0,"childRecords":[],"interuppted":false}],"interuppted":false},{"index":18,"isIgnoredIfFailed":false,"type":"TEST_STEP","name":"Comment - \"Step 6: Login Admin page\"","description":"","startTime":1544778308713,"endTime":1544778308714,"childRecords":[],"interuppted":false},{"index":19,"isIgnoredIfFailed":false,"type":"TEST_STEP","name":"clearText","message":"Text of object \u0027Object Repository/LoginPage/txt_Username\u0027 is cleared","description":"VP: Clear data in User textbox","startTime":1544778308714,"endTime":1544778308753,"childRecords":[{"testStatus":{"stackTrace":"","statusValue":"PASSED"},"type":"MESSAGE","name":"","message":"Text of object \u0027Object Repository/LoginPage/txt_Username\u0027 is cleared","startTime":1544778308753,"endTime":0,"childRecords":[],"interuppted":false}],"interuppted":false},{"index":20,"isIgnoredIfFailed":false,"type":"TEST_STEP","name":"callTestCase","message":"Call Test Case \u0027Test Cases/CommonTestcase/LoginSystem\u0027 successfully","description":"","startTime":1544778308753,"endTime":1544778310101,"childRecords":[{"isOptional":false,"type":"TEST_CASE","name":"Test Cases/CommonTestcase/LoginSystem","id":"Test Cases/CommonTestcase/LoginSystem","source":"D:\\\\MyDocument\\\\Katalon\\\\KATALON\\\\KatalonTest\\\\Test Cases\\\\CommonTestcase\\\\LoginSystem.tc","message":"Test Cases/CommonTestcase/LoginSystem","description":"","startTime":1544778308809,"endTime":1544778310101,"childRecords":[{"testStatus":{"stackTrace":"","statusValue":"INFO"},"type":"MESSAGE","name":"","message":"Evaluating variables for test case","startTime":1544778308812,"endTime":0,"childRecords":[],"interuppted":false},{"index":1,"isIgnoredIfFailed":false,"type":"TEST_STEP","name":"setText","message":"Text \u0027admin\u0027 is set on object \u0027Object Repository/LoginPage/txt_Username\u0027","description":"Input username to \"username\" textbox","startTime":1544778308814,"endTime":1544778308887,"childRecords":[{"testStatus":{"stackTrace":"","statusValue":"PASSED"},"type":"MESSAGE","name":"","message":"Text \u0027admin\u0027 is set on object \u0027Object Repository/LoginPage/txt_Username\u0027","startTime":1544778308887,"endTime":0,"childRecords":[],"interuppted":false}],"interuppted":false},{"index":2,"isIgnoredIfFailed":false,"type":"TEST_STEP","name":"setEncryptedText","message":"Text ****** has been set on object \u0027Object Repository/LoginPage/txt_Password\u0027","description":"Input password to \"password\" textbox","startTime":1544778308887,"endTime":1544778308987,"childRecords":[{"testStatus":{"stackTrace":"","statusValue":"PASSED"},"type":"MESSAGE","name":"","message":"Text ****** has been set on object \u0027Object Repository/LoginPage/txt_Password\u0027","startTime":1544778308987,"endTime":0,"childRecords":[],"interuppted":false}],"interuppted":false},{"index":3,"isIgnoredIfFailed":false,"type":"TEST_STEP","name":"click","message":"Object: \u0027Object Repository/LoginPage/btn_Login\u0027 is clicked on","description":"Click Log in button","startTime":1544778308988,"endTime":1544778310101,"childRecords":[{"testStatus":{"stackTrace":"","statusValue":"PASSED"},"type":"MESSAGE","name":"","message":"Object: \u0027Object Repository/LoginPage/btn_Login\u0027 is clicked on","startTime":1544778310100,"endTime":0,"childRecords":[],"interuppted":false}],"interuppted":false},{"testStatus":{"stackTrace":"","statusValue":"PASSED"},"type":"MESSAGE","name":"","message":"Test Cases/CommonTestcase/LoginSystem","startTime":1544778310101,"endTime":0,"childRecords":[],"interuppted":false}],"interuppted":false},{"testStatus":{"stackTrace":"","statusValue":"PASSED"},"type":"MESSAGE","name":"","message":"Call Test Case \u0027Test Cases/CommonTestcase/LoginSystem\u0027 successfully","startTime":1544778310101,"endTime":0,"childRecords":[],"interuppted":false}],"interuppted":false},{"index":21,"isIgnoredIfFailed":false,"type":"TEST_STEP","name":"verifyMatch","message":"Actual text \u0027My Profile :: Powered by Subrion 4.2\u0027 and expected text \u0027My Profile :: Powered by Subrion 4.2\u0027 are matched ","description":"VP: Brought to My Profile page","startTime":1544778310101,"endTime":1544778310108,"childRecords":[{"testStatus":{"stackTrace":"","statusValue":"PASSED"},"type":"MESSAGE","name":"","message":"Current window\u0027s title is: \u0027My Profile :: Powered by Subrion 4.2\u0027","startTime":1544778310106,"endTime":0,"childRecords":[],"interuppted":false},{"testStatus":{"stackTrace":"","statusValue":"PASSED"},"type":"MESSAGE","name":"","message":"Actual text \u0027My Profile :: Powered by Subrion 4.2\u0027 and expected text \u0027My Profile :: Powered by Subrion 4.2\u0027 are matched ","startTime":1544778310107,"endTime":0,"childRecords":[],"interuppted":false}],"interuppted":false},{"index":22,"isIgnoredIfFailed":false,"type":"TEST_STEP","name":"click","message":"Object: \u0027Object Repository/AdminPage/btn_AdminDashboard\u0027 is clicked on","description":"Step 7: Navigate to Administration Panel page ","startTime":1544778310108,"endTime":1544778310198,"childRecords":[{"testStatus":{"stackTrace":"","statusValue":"PASSED"},"type":"MESSAGE","name":"","message":"Object: \u0027Object Repository/AdminPage/btn_AdminDashboard\u0027 is clicked on","startTime":1544778310196,"endTime":0,"childRecords":[],"interuppted":false}],"interuppted":false},{"index":23,"isIgnoredIfFailed":false,"type":"TEST_STEP","name":"switchToWindowUrl","message":"Switched to window with url: \u0027http://13.250.134.32/subrion/panel/\u0027","description":"","startTime":1544778310198,"endTime":1544778311312,"childRecords":[{"testStatus":{"stackTrace":"","statusValue":"PASSED"},"type":"MESSAGE","name":"","message":"Switched to window with url: \u0027http://13.250.134.32/subrion/panel/\u0027","startTime":1544778311311,"endTime":0,"childRecords":[],"interuppted":false}],"interuppted":false},{"index":24,"isIgnoredIfFailed":false,"type":"TEST_STEP","name":"waitForPageLoad","message":"Wait for page load successfully","description":"VP: Brought to Dashboard page","startTime":1544778311312,"endTime":1544778311322,"childRecords":[{"testStatus":{"stackTrace":"","statusValue":"PASSED"},"type":"MESSAGE","name":"","message":"Wait for page load successfully","startTime":1544778311322,"endTime":0,"childRecords":[],"interuppted":false}],"interuppted":false},{"index":25,"isIgnoredIfFailed":false,"type":"TEST_STEP","name":"verifyMatch","message":"Actual text \u0027Dashboard :: Powered by Subrion 4.2\u0027 and expected text \u0027Dashboard :: Powered by Subrion 4.2\u0027 are matched ","description":"","startTime":1544778311322,"endTime":1544778311332,"childRecords":[{"testStatus":{"stackTrace":"","statusValue":"PASSED"},"type":"MESSAGE","name":"","message":"Current window\u0027s title is: \u0027Dashboard :: Powered by Subrion 4.2\u0027","startTime":1544778311332,"endTime":0,"childRecords":[],"interuppted":false},{"testStatus":{"stackTrace":"","statusValue":"PASSED"},"type":"MESSAGE","name":"","message":"Actual text \u0027Dashboard :: Powered by Subrion 4.2\u0027 and expected text \u0027Dashboard :: Powered by Subrion 4.2\u0027 are matched ","startTime":1544778311332,"endTime":0,"childRecords":[],"interuppted":false}],"interuppted":false},{"index":26,"isIgnoredIfFailed":false,"type":"TEST_STEP","name":"delay","message":"Delayed 10 second(s)","description":"Step 8: Click on \"Member\" menu of main menu","startTime":1544778311332,"endTime":1544778321335,"childRecords":[{"testStatus":{"stackTrace":"","statusValue":"PASSED"},"type":"MESSAGE","name":"","message":"Delayed 10 second(s)","startTime":1544778321335,"endTime":0,"childRecords":[],"interuppted":false}],"interuppted":false},{"index":27,"isIgnoredIfFailed":false,"type":"TEST_STEP","name":"click","message":"Object: \u0027Object Repository/AdminPage/lnk_Members\u0027 is clicked on","description":"","startTime":1544778321335,"endTime":1544778321397,"childRecords":[{"testStatus":{"stackTrace":"","statusValue":"PASSED"},"type":"MESSAGE","name":"","message":"Object: \u0027Object Repository/AdminPage/lnk_Members\u0027 is clicked on","startTime":1544778321397,"endTime":0,"childRecords":[],"interuppted":false}],"interuppted":false},{"index":28,"isIgnoredIfFailed":false,"type":"TEST_STEP","name":"click","message":"Object: \u0027Object Repository/AdminPage/lnk_subMember\u0027 is clicked on","description":"Step 9: Click on \" Member\" menu on Sub menu","startTime":1544778321397,"endTime":1544778322727,"childRecords":[{"testStatus":{"stackTrace":"","statusValue":"PASSED"},"type":"MESSAGE","name":"","message":"Object: \u0027Object Repository/AdminPage/lnk_subMember\u0027 is clicked on","startTime":1544778322726,"endTime":0,"childRecords":[],"interuppted":false}],"interuppted":false},{"index":29,"isIgnoredIfFailed":false,"type":"TEST_STEP","name":"waitForElementVisible","message":"Object \u0027Object Repository/MemberPage/txt_Search\u0027 is visible","description":"Step 10: Click on Edit icon of created member","startTime":1544778322727,"endTime":1544778322802,"childRecords":[{"testStatus":{"stackTrace":"","statusValue":"PASSED"},"type":"MESSAGE","name":"","message":"Object \u0027Object Repository/MemberPage/txt_Search\u0027 is visible","startTime":1544778322802,"endTime":0,"childRecords":[],"interuppted":false}],"interuppted":false},{"index":30,"isIgnoredIfFailed":false,"type":"TEST_STEP","name":"setText","message":"Text \u0027154477830468\u0027 is set on object \u0027Object Repository/MemberPage/txt_Search\u0027","description":"","startTime":1544778322802,"endTime":1544778322897,"childRecords":[{"testStatus":{"stackTrace":"","statusValue":"PASSED"},"type":"MESSAGE","name":"","message":"Text \u0027154477830468\u0027 is set on object \u0027Object Repository/MemberPage/txt_Search\u0027","startTime":1544778322897,"endTime":0,"childRecords":[],"interuppted":false}],"interuppted":false},{"index":31,"isIgnoredIfFailed":false,"type":"TEST_STEP","name":"click","message":"Object: \u0027Object Repository/MemberPage/btn_Search\u0027 is clicked on","description":"","startTime":1544778322897,"endTime":1544778322972,"childRecords":[{"testStatus":{"stackTrace":"","statusValue":"PASSED"},"type":"MESSAGE","name":"","message":"Object: \u0027Object Repository/MemberPage/btn_Search\u0027 is clicked on","startTime":1544778322971,"endTime":0,"childRecords":[],"interuppted":false}],"interuppted":false},{"index":32,"isIgnoredIfFailed":false,"type":"TEST_STEP","name":"delay","message":"Delayed 10 second(s)","description":"","startTime":1544778322972,"endTime":1544778332971,"childRecords":[{"testStatus":{"stackTrace":"","statusValue":"PASSED"},"type":"MESSAGE","name":"","message":"Delayed 10 second(s)","startTime":1544778332971,"endTime":0,"childRecords":[],"interuppted":false}],"interuppted":false},{"index":33,"isIgnoredIfFailed":false,"type":"TEST_STEP","name":"click","message":"Object: \u0027Object Repository/MemberPage/chk_user\u0027 is clicked on","description":"","startTime":1544778332971,"endTime":1544778333045,"childRecords":[{"testStatus":{"stackTrace":"","statusValue":"PASSED"},"type":"MESSAGE","name":"","message":"Object: \u0027Object Repository/MemberPage/chk_user\u0027 is clicked on","startTime":1544778333044,"endTime":0,"childRecords":[],"interuppted":false}],"interuppted":false},{"index":34,"isIgnoredIfFailed":false,"type":"TEST_STEP","name":"click","message":"Object: \u0027Object Repository/AdminPage/btn_Edit\u0027 is clicked on","description":"","startTime":1544778333045,"endTime":1544778334061,"childRecords":[{"testStatus":{"stackTrace":"","statusValue":"PASSED"},"type":"MESSAGE","name":"","message":"Object: \u0027Object Repository/AdminPage/btn_Edit\u0027 is clicked on","startTime":1544778334060,"endTime":0,"childRecords":[],"interuppted":false}],"interuppted":false},{"index":35,"isIgnoredIfFailed":false,"type":"TEST_STEP","name":"verifyMatch","message":"Actual text \u0027Edit Member :: Powered by Subrion 4.2\u0027 and expected text \u0027Edit Member :: Powered by Subrion 4.2\u0027 are matched ","description":"VP: Brought to Edit Member page","startTime":1544778334061,"endTime":1544778334068,"childRecords":[{"testStatus":{"stackTrace":"","statusValue":"PASSED"},"type":"MESSAGE","name":"","message":"Current window\u0027s title is: \u0027Edit Member :: Powered by Subrion 4.2\u0027","startTime":1544778334067,"endTime":0,"childRecords":[],"interuppted":false},{"testStatus":{"stackTrace":"","statusValue":"PASSED"},"type":"MESSAGE","name":"","message":"Actual text \u0027Edit Member :: Powered by Subrion 4.2\u0027 and expected text \u0027Edit Member :: Powered by Subrion 4.2\u0027 are matched ","startTime":1544778334068,"endTime":0,"childRecords":[],"interuppted":false}],"interuppted":false},{"index":36,"isIgnoredIfFailed":false,"type":"TEST_STEP","name":"selectOptionByLabel","message":"All options with label \u0027Active\u0027 are selected in object \u0027Object Repository/EditMemberPage/ddl_Status\u0027 ","description":"Step 11: Select \"Active\" status","startTime":1544778334068,"endTime":1544778334153,"childRecords":[{"testStatus":{"stackTrace":"","statusValue":"PASSED"},"type":"MESSAGE","name":"","message":"All options with label \u0027Active\u0027 are selected in object \u0027Object Repository/EditMemberPage/ddl_Status\u0027 ","startTime":1544778334152,"endTime":0,"childRecords":[],"interuppted":false}],"interuppted":false},{"index":37,"isIgnoredIfFailed":false,"type":"TEST_STEP","name":"click","message":"Object: \u0027Object Repository/EditMemberPage/btn_Save\u0027 is clicked on","description":"Step 12: Click on \"Save\" button","startTime":1544778334153,"endTime":1544778335073,"childRecords":[{"testStatus":{"stackTrace":"","statusValue":"PASSED"},"type":"MESSAGE","name":"","message":"Object: \u0027Object Repository/EditMemberPage/btn_Save\u0027 is clicked on","startTime":1544778335073,"endTime":0,"childRecords":[],"interuppted":false}],"interuppted":false},{"index":38,"isIgnoredIfFailed":false,"type":"TEST_STEP","name":"waitForPageLoad","message":"Wait for page load successfully","description":"Brought to Members page","startTime":1544778335073,"endTime":1544778335146,"childRecords":[{"testStatus":{"stackTrace":"","statusValue":"PASSED"},"type":"MESSAGE","name":"","message":"Wait for page load successfully","startTime":1544778335145,"endTime":0,"childRecords":[],"interuppted":false}],"interuppted":false},{"index":39,"isIgnoredIfFailed":false,"type":"TEST_STEP","name":"delay","message":"Delayed 10 second(s)","description":"Step 13: Log out of the system","startTime":1544778335146,"endTime":1544778345146,"childRecords":[{"testStatus":{"stackTrace":"","statusValue":"PASSED"},"type":"MESSAGE","name":"","message":"Delayed 10 second(s)","startTime":1544778345146,"endTime":0,"childRecords":[],"interuppted":false}],"interuppted":false},{"index":40,"isIgnoredIfFailed":false,"type":"TEST_STEP","name":"click","message":"Object: \u0027Object Repository/MemberPage/btn_Logout\u0027 is clicked on","description":"","startTime":1544778345146,"endTime":1544778346190,"childRecords":[{"testStatus":{"stackTrace":"","statusValue":"PASSED"},"type":"MESSAGE","name":"","message":"Object: \u0027Object Repository/MemberPage/btn_Logout\u0027 is clicked on","startTime":1544778346190,"endTime":0,"childRecords":[],"interuppted":false}],"interuppted":false},{"index":41,"isIgnoredIfFailed":false,"type":"TEST_STEP","name":"click","message":"Object: \u0027Object Repository/AdminPage/btn_BackToHomePage\u0027 is clicked on","description":"Step 14: Navigate to Home Page","startTime":1544778346190,"endTime":1544778347115,"childRecords":[{"testStatus":{"stackTrace":"","statusValue":"PASSED"},"type":"MESSAGE","name":"","message":"Object: \u0027Object Repository/AdminPage/btn_BackToHomePage\u0027 is clicked on","startTime":1544778347115,"endTime":0,"childRecords":[],"interuppted":false}],"interuppted":false},{"index":42,"isIgnoredIfFailed":false,"type":"TEST_STEP","name":"click","message":"Object: \u0027Object Repository/HomePage/lnk_LogIn\u0027 is clicked on","description":"Step 15: Click on \"Log In\" menu","startTime":1544778347115,"endTime":1544778347900,"childRecords":[{"testStatus":{"stackTrace":"","statusValue":"PASSED"},"type":"MESSAGE","name":"","message":"Object: \u0027Object Repository/HomePage/lnk_LogIn\u0027 is clicked on","startTime":1544778347899,"endTime":0,"childRecords":[],"interuppted":false}],"interuppted":false},{"index":43,"isIgnoredIfFailed":false,"type":"TEST_STEP","name":"callTestCase","message":"Call Test Case \u0027Test Cases/CommonTestcase/LoginSystem\u0027 successfully","description":"Step 16: Log in with activated user","startTime":1544778347900,"endTime":1544778355012,"childRecords":[{"isOptional":false,"type":"TEST_CASE","name":"Test Cases/CommonTestcase/LoginSystem","id":"Test Cases/CommonTestcase/LoginSystem","source":"D:\\\\MyDocument\\\\Katalon\\\\KATALON\\\\KatalonTest\\\\Test Cases\\\\CommonTestcase\\\\LoginSystem.tc","message":"Test Cases/CommonTestcase/LoginSystem","description":"","startTime":1544778347955,"endTime":1544778355011,"childRecords":[{"testStatus":{"stackTrace":"","statusValue":"INFO"},"type":"MESSAGE","name":"","message":"Evaluating variables for test case","startTime":1544778347958,"endTime":0,"childRecords":[],"interuppted":false},{"index":1,"isIgnoredIfFailed":false,"type":"TEST_STEP","name":"setText","message":"Text \u0027154477830468\u0027 is set on object \u0027Object Repository/LoginPage/txt_Username\u0027","description":"Input username to \"username\" textbox","startTime":1544778347960,"endTime":1544778348064,"childRecords":[{"testStatus":{"stackTrace":"","statusValue":"PASSED"},"type":"MESSAGE","name":"","message":"Text \u0027154477830468\u0027 is set on object \u0027Object Repository/LoginPage/txt_Username\u0027","startTime":1544778348064,"endTime":0,"childRecords":[],"interuppted":false}],"interuppted":false},{"index":2,"isIgnoredIfFailed":false,"type":"TEST_STEP","name":"setEncryptedText","message":"Text ****** has been set on object \u0027Object Repository/LoginPage/txt_Password\u0027","description":"Input password to \"password\" textbox","startTime":1544778348064,"endTime":1544778348141,"childRecords":[{"testStatus":{"stackTrace":"","statusValue":"PASSED"},"type":"MESSAGE","name":"","message":"Text ****** has been set on object \u0027Object Repository/LoginPage/txt_Password\u0027","startTime":1544778348141,"endTime":0,"childRecords":[],"interuppted":false}],"interuppted":false},{"index":3,"isIgnoredIfFailed":false,"type":"TEST_STEP","name":"click","message":"Object: \u0027Object Repository/LoginPage/btn_Login\u0027 is clicked on","description":"Click Log in button","startTime":1544778348141,"endTime":1544778355011,"childRecords":[{"testStatus":{"stackTrace":"","statusValue":"PASSED"},"type":"MESSAGE","name":"","message":"Object: \u0027Object Repository/LoginPage/btn_Login\u0027 is clicked on","startTime":1544778355011,"endTime":0,"childRecords":[],"interuppted":false}],"interuppted":false},{"testStatus":{"stackTrace":"","statusValue":"PASSED"},"type":"MESSAGE","name":"","message":"Test Cases/CommonTestcase/LoginSystem","startTime":1544778355011,"endTime":0,"childRecords":[],"interuppted":false}],"interuppted":false},{"testStatus":{"stackTrace":"","statusValue":"PASSED"},"type":"MESSAGE","name":"","message":"Call Test Case \u0027Test Cases/CommonTestcase/LoginSystem\u0027 successfully","startTime":1544778355011,"endTime":0,"childRecords":[],"interuppted":false}],"interuppted":false},{"index":44,"isIgnoredIfFailed":false,"type":"TEST_STEP","name":"verifyMatch","message":"Actual text \u0027Home :: Powered by Subrion 4.2\u0027 and expected text \u0027Home :: Powered by Subrion 4.2\u0027 are matched ","description":"Brought to Home Page, username is displayed in the menu bar","startTime":1544778355012,"endTime":1544778355022,"childRecords":[{"testStatus":{"stackTrace":"","statusValue":"PASSED"},"type":"MESSAGE","name":"","message":"Current window\u0027s title is: \u0027Home :: Powered by Subrion 4.2\u0027","startTime":1544778355020,"endTime":0,"childRecords":[],"interuppted":false},{"testStatus":{"stackTrace":"","statusValue":"PASSED"},"type":"MESSAGE","name":"","message":"Actual text \u0027Home :: Powered by Subrion 4.2\u0027 and expected text \u0027Home :: Powered by Subrion 4.2\u0027 are matched ","startTime":1544778355021,"endTime":0,"childRecords":[],"interuppted":false}],"interuppted":false},{"index":45,"isIgnoredIfFailed":false,"type":"TEST_STEP","name":"verifyMatch","message":"Actual text \u0027154477830468_fullName\u0027 and expected text \u0027154477830468_fullName\u0027 are matched ","description":"","startTime":1544778355022,"endTime":1544778355054,"childRecords":[{"testStatus":{"stackTrace":"","statusValue":"PASSED"},"type":"MESSAGE","name":"","message":"Attribute \u0027title\u0027 of object \u0027Object Repository/HomePage/img_User\u0027 is: \u0027154477830468_fullName\u0027","startTime":1544778355053,"endTime":0,"childRecords":[],"interuppted":false},{"testStatus":{"stackTrace":"","statusValue":"PASSED"},"type":"MESSAGE","name":"","message":"Actual text \u0027154477830468_fullName\u0027 and expected text \u0027154477830468_fullName\u0027 are matched ","startTime":1544778355054,"endTime":0,"childRecords":[],"interuppted":false}],"interuppted":false},{"testStatus":{"stackTrace":"","statusValue":"PASSED"},"type":"MESSAGE","name":"","message":"Test Cases/TestCase/TC3_OnlyActiveMemberCanLoginToSystem","startTime":1544778355054,"endTime":0,"childRecords":[],"interuppted":false},{"index":-1,"isIgnoredIfFailed":false,"type":"TEST_STEP","name":"Start listener action : afterTestCase","message":"Browser is closed","description":"","startTime":1544778355054,"endTime":1544778356135,"childRecords":[{"index":1,"isIgnoredIfFailed":false,"type":"TEST_STEP","name":"Statement - println(testCaseContext.getTestCaseId())","description":"","startTime":1544778355054,"endTime":1544778355054,"childRecords":[],"interuppted":false},{"index":2,"isIgnoredIfFailed":false,"type":"TEST_STEP","name":"Statement - println(testCaseContext.getTestCaseStatus())","description":"","startTime":1544778355055,"endTime":1544778355055,"childRecords":[],"interuppted":false},{"index":3,"isIgnoredIfFailed":false,"type":"TEST_STEP","name":"closeBrowser","message":"Browser is closed","description":"","startTime":1544778355055,"endTime":1544778356135,"childRecords":[{"testStatus":{"stackTrace":"","statusValue":"PASSED"},"type":"MESSAGE","name":"","message":"Browser is closed","startTime":1544778356134,"endTime":0,"childRecords":[],"interuppted":false}],"interuppted":false}],"interuppted":false}],"interuppted":false},{"isOptional":false,"type":"TEST_CASE","name":"Test Cases/TestCase/TC1_RegisterMember","id":"Test Cases/TestCase/TC1_RegisterMember","source":"D:\\\\MyDocument\\\\Katalon\\\\KATALON\\\\KatalonTest\\\\Test Cases\\\\TestCase\\\\TC1_RegisterMember.tc","message":"Test Cases/TestCase/TC1_RegisterMember","description":"","startTime":1544778356138,"endTime":1544778398304,"childRecords":[{"testStatus":{"stackTrace":"","statusValue":"INFO"},"type":"MESSAGE","name":"","message":"Evaluating variables for test case","startTime":1544778356145,"endTime":0,"childRecords":[],"interuppted":false},{"index":-1,"isIgnoredIfFailed":false,"type":"TEST_STEP","name":"Start listener action : beforeTestCase","message":"Variable \u0027ShortTimeout\u0027 is not defined for test case.","description":"","startTime":1544778356145,"endTime":1544778368423,"childRecords":[{"index":1,"isIgnoredIfFailed":false,"type":"TEST_STEP","name":"Statement - println(testCaseContext.getTestCaseId())","description":"","startTime":1544778356145,"endTime":1544778356146,"childRecords":[],"interuppted":false},{"index":2,"isIgnoredIfFailed":false,"type":"TEST_STEP","name":"Statement - println(testCaseContext.getTestCaseVariables())","description":"","startTime":1544778356146,"endTime":1544778356146,"childRecords":[],"interuppted":false},{"index":3,"isIgnoredIfFailed":false,"type":"TEST_STEP","name":"openBrowser","message":"Browser is opened with url: \u0027http://13.250.134.32/subrion/\u0027","description":"","startTime":1544778356146,"endTime":1544778367307,"childRecords":[{"testStatus":{"stackTrace":"","statusValue":"PASSED"},"type":"MESSAGE","name":"","message":"Browser is opened with url: \u0027http://13.250.134.32/subrion/\u0027","startTime":1544778367306,"endTime":0,"childRecords":[],"interuppted":false}],"interuppted":false},{"index":4,"isIgnoredIfFailed":false,"type":"TEST_STEP","name":"maximizeWindow","message":"Current window maximized","description":"","startTime":1544778367307,"endTime":1544778368422,"childRecords":[{"testStatus":{"stackTrace":"","statusValue":"PASSED"},"type":"MESSAGE","name":"","message":"Current window maximized","startTime":1544778368421,"endTime":0,"childRecords":[],"interuppted":false}],"interuppted":false},{"index":5,"isIgnoredIfFailed":false,"type":"TEST_STEP","name":"waitForPageLoad","message":"Variable \u0027ShortTimeout\u0027 is not defined for test case.","description":"","startTime":1544778368422,"endTime":1544778368423,"childRecords":[{"testStatus":{"stackTrace":"","statusValue":"ERROR"},"type":"MESSAGE","name":"","message":"Variable \u0027ShortTimeout\u0027 is not defined for test case.","startTime":1544778368423,"endTime":0,"childRecords":[],"interuppted":false}],"interuppted":false}],"interuppted":false},{"index":1,"isIgnoredIfFailed":false,"type":"TEST_STEP","name":"Statement - userName \u003d CustomKeywords.com.kms.cms.MyKeyword.getRandomUser()","message":"com.kms.cms.MyKeyword.getRandomUser is PASSED","description":"PREPARE DATA","startTime":1544778368539,"endTime":1544778368540,"childRecords":[{"testStatus":{"stackTrace":"","statusValue":"PASSED"},"type":"MESSAGE","name":"","message":"com.kms.cms.MyKeyword.getRandomUser is PASSED","startTime":1544778368540,"endTime":0,"childRecords":[],"interuppted":false}],"interuppted":false},{"index":2,"isIgnoredIfFailed":false,"type":"TEST_STEP","name":"Statement - fullName \u003d userName + \"_fullName\"","description":"","startTime":1544778368540,"endTime":1544778368541,"childRecords":[],"interuppted":false},{"index":3,"isIgnoredIfFailed":false,"type":"TEST_STEP","name":"Statement - email \u003d userName + \"@gmail.com\"","description":"","startTime":1544778368541,"endTime":1544778368541,"childRecords":[],"interuppted":false},{"index":4,"isIgnoredIfFailed":false,"type":"TEST_STEP","name":"Statement - passWord \u003d \"BiNouLunM3UiJsgMQbjdfQ\u003d\u003d\"","description":"","startTime":1544778368541,"endTime":1544778368541,"childRecords":[],"interuppted":false},{"index":5,"isIgnoredIfFailed":false,"type":"TEST_STEP","name":"Statement - confirmPass \u003d passWord","description":"","startTime":1544778368541,"endTime":1544778368541,"childRecords":[],"interuppted":false},{"index":6,"isIgnoredIfFailed":false,"type":"TEST_STEP","name":"Comment - \"Step 1: Navigate to CMS Home page\"","description":"","startTime":1544778368541,"endTime":1544778368542,"childRecords":[],"interuppted":false},{"index":7,"isIgnoredIfFailed":false,"type":"TEST_STEP","name":"verifyMatch","message":"Actual text \u0027Home :: Powered by Subrion 4.2\u0027 and expected text \u0027Home :: Powered by Subrion 4.2\u0027 are matched ","description":"VP: Brought to Home page","startTime":1544778368542,"endTime":1544778368552,"childRecords":[{"testStatus":{"stackTrace":"","statusValue":"PASSED"},"type":"MESSAGE","name":"","message":"Current window\u0027s title is: \u0027Home :: Powered by Subrion 4.2\u0027","startTime":1544778368550,"endTime":0,"childRecords":[],"interuppted":false},{"testStatus":{"stackTrace":"","statusValue":"PASSED"},"type":"MESSAGE","name":"","message":"Actual text \u0027Home :: Powered by Subrion 4.2\u0027 and expected text \u0027Home :: Powered by Subrion 4.2\u0027 are matched ","startTime":1544778368551,"endTime":0,"childRecords":[],"interuppted":false}],"interuppted":false},{"index":8,"isIgnoredIfFailed":false,"type":"TEST_STEP","name":"click","message":"Object: \u0027Object Repository/HomePage/lnk_SignUp\u0027 is clicked on","description":"Step 2: Click on \"Sign Up\" link in Main Menu","startTime":1544778368552,"endTime":1544778369215,"childRecords":[{"testStatus":{"stackTrace":"","statusValue":"PASSED"},"type":"MESSAGE","name":"","message":"Object: \u0027Object Repository/HomePage/lnk_SignUp\u0027 is clicked on","startTime":1544778369215,"endTime":0,"childRecords":[],"interuppted":false}],"interuppted":false},{"index":9,"isIgnoredIfFailed":false,"type":"TEST_STEP","name":"callTestCase","message":"Call Test Case \u0027Test Cases/CommonTestcase/CreateNewUser\u0027 successfully","description":"Step 3: Register a Member ","startTime":1544778369216,"endTime":1544778370931,"childRecords":[{"isOptional":false,"type":"TEST_CASE","name":"Test Cases/CommonTestcase/CreateNewUser","id":"Test Cases/CommonTestcase/CreateNewUser","source":"D:\\\\MyDocument\\\\Katalon\\\\KATALON\\\\KatalonTest\\\\Test Cases\\\\CommonTestcase\\\\CreateNewUser.tc","message":"Test Cases/CommonTestcase/CreateNewUser","description":"","startTime":1544778369271,"endTime":1544778370930,"childRecords":[{"testStatus":{"stackTrace":"","statusValue":"INFO"},"type":"MESSAGE","name":"","message":"Evaluating variables for test case","startTime":1544778369276,"endTime":0,"childRecords":[],"interuppted":false},{"index":1,"isIgnoredIfFailed":false,"type":"TEST_STEP","name":"setText","message":"Text \u0027154477836854\u0027 is set on object \u0027Object Repository/RegisterPage/txt_Username\u0027","description":"Step 1: Input value into \"Username\" field","startTime":1544778369277,"endTime":1544778369412,"childRecords":[{"testStatus":{"stackTrace":"","statusValue":"PASSED"},"type":"MESSAGE","name":"","message":"Text \u0027154477836854\u0027 is set on object \u0027Object Repository/RegisterPage/txt_Username\u0027","startTime":1544778369411,"endTime":0,"childRecords":[],"interuppted":false}],"interuppted":false},{"index":2,"isIgnoredIfFailed":false,"type":"TEST_STEP","name":"setText","message":"Text \u0027154477836854_fullName\u0027 is set on object \u0027Object Repository/RegisterPage/txt_Fullname\u0027","description":"Step 2: Input value into \"Full Name\" field","startTime":1544778369412,"endTime":1544778369554,"childRecords":[{"testStatus":{"stackTrace":"","statusValue":"PASSED"},"type":"MESSAGE","name":"","message":"Text \u0027154477836854_fullName\u0027 is set on object \u0027Object Repository/RegisterPage/txt_Fullname\u0027","startTime":1544778369554,"endTime":0,"childRecords":[],"interuppted":false}],"interuppted":false},{"index":3,"isIgnoredIfFailed":false,"type":"TEST_STEP","name":"setText","message":"Text \u0027154477836854@gmail.com\u0027 is set on object \u0027Object Repository/RegisterPage/txt_Email\u0027","description":"Step 3: Input value into \"Email\" field","startTime":1544778369554,"endTime":1544778369688,"childRecords":[{"testStatus":{"stackTrace":"","statusValue":"PASSED"},"type":"MESSAGE","name":"","message":"Text \u0027154477836854@gmail.com\u0027 is set on object \u0027Object Repository/RegisterPage/txt_Email\u0027","startTime":1544778369688,"endTime":0,"childRecords":[],"interuppted":false}],"interuppted":false},{"index":4,"isIgnoredIfFailed":false,"type":"TEST_STEP","name":"selectOptionByLabel","message":"All options with label \u0027Male\u0027 are selected in object \u0027Object Repository/RegisterPage/ddl_Gender\u0027 ","description":"Step 4: Select value into \"Gender\" field","startTime":1544778369689,"endTime":1544778369760,"childRecords":[{"testStatus":{"stackTrace":"","statusValue":"PASSED"},"type":"MESSAGE","name":"","message":"All options with label \u0027Male\u0027 are selected in object \u0027Object Repository/RegisterPage/ddl_Gender\u0027 ","startTime":1544778369760,"endTime":0,"childRecords":[],"interuppted":false}],"interuppted":false},{"index":5,"isIgnoredIfFailed":false,"type":"TEST_STEP","name":"setEncryptedText","message":"Text ****** has been set on object \u0027Object Repository/RegisterPage/txt_Pass\u0027","description":"Step 5: Input value into \"Your password\" field","startTime":1544778369760,"endTime":1544778369832,"childRecords":[{"testStatus":{"stackTrace":"","statusValue":"PASSED"},"type":"MESSAGE","name":"","message":"Text ****** has been set on object \u0027Object Repository/RegisterPage/txt_Pass\u0027","startTime":1544778369831,"endTime":0,"childRecords":[],"interuppted":false}],"interuppted":false},{"index":6,"isIgnoredIfFailed":false,"type":"TEST_STEP","name":"setEncryptedText","message":"Text ****** has been set on object \u0027Object Repository/RegisterPage/txt_Confirmpass\u0027","description":"Step 6: Input value into \"Confirm your password:\" field","startTime":1544778369832,"endTime":1544778369917,"childRecords":[{"testStatus":{"stackTrace":"","statusValue":"PASSED"},"type":"MESSAGE","name":"","message":"Text ****** has been set on object \u0027Object Repository/RegisterPage/txt_Confirmpass\u0027","startTime":1544778369916,"endTime":0,"childRecords":[],"interuppted":false}],"interuppted":false},{"index":7,"isIgnoredIfFailed":false,"type":"TEST_STEP","name":"click","message":"Object: \u0027Object Repository/RegisterPage/btn_Registration\u0027 is clicked on","description":"Step 7: Click on \"Registration\" button ","startTime":1544778369917,"endTime":1544778370930,"childRecords":[{"testStatus":{"stackTrace":"","statusValue":"PASSED"},"type":"MESSAGE","name":"","message":"Object: \u0027Object Repository/RegisterPage/btn_Registration\u0027 is clicked on","startTime":1544778370930,"endTime":0,"childRecords":[],"interuppted":false}],"interuppted":false},{"testStatus":{"stackTrace":"","statusValue":"PASSED"},"type":"MESSAGE","name":"","message":"Test Cases/CommonTestcase/CreateNewUser","startTime":1544778370930,"endTime":0,"childRecords":[],"interuppted":false}],"interuppted":false},{"testStatus":{"stackTrace":"","statusValue":"PASSED"},"type":"MESSAGE","name":"","message":"Call Test Case \u0027Test Cases/CommonTestcase/CreateNewUser\u0027 successfully","startTime":1544778370931,"endTime":0,"childRecords":[],"interuppted":false}],"interuppted":false},{"index":10,"isIgnoredIfFailed":false,"type":"TEST_STEP","name":"verifyMatch","message":"Actual text \u0027Registration :: Powered by Subrion 4.2\u0027 and expected text \u0027Registration :: Powered by Subrion 4.2\u0027 are matched ","description":"VP: Brought to Registration page","startTime":1544778370931,"endTime":1544778370936,"childRecords":[{"testStatus":{"stackTrace":"","statusValue":"PASSED"},"type":"MESSAGE","name":"","message":"Current window\u0027s title is: \u0027Registration :: Powered by Subrion 4.2\u0027","startTime":1544778370935,"endTime":0,"childRecords":[],"interuppted":false},{"testStatus":{"stackTrace":"","statusValue":"PASSED"},"type":"MESSAGE","name":"","message":"Actual text \u0027Registration :: Powered by Subrion 4.2\u0027 and expected text \u0027Registration :: Powered by Subrion 4.2\u0027 are matched ","startTime":1544778370936,"endTime":0,"childRecords":[],"interuppted":false}],"interuppted":false},{"index":11,"isIgnoredIfFailed":false,"type":"TEST_STEP","name":"verifyTextPresent","message":"Text \u0027Member registered! Thank you!\u0027 is present on page ","description":"Step 4: Verify the successful message \"Member registered! Thank you!\" is displayed correctly","startTime":1544778370936,"endTime":1544778370999,"childRecords":[{"testStatus":{"stackTrace":"","statusValue":"PASSED"},"type":"MESSAGE","name":"","message":"Text \u0027Member registered! Thank you!\u0027 is present on page ","startTime":1544778370998,"endTime":0,"childRecords":[],"interuppted":false}],"interuppted":false},{"index":12,"isIgnoredIfFailed":false,"type":"TEST_STEP","name":"verifyTextPresent","message":"Text \u0027154477836854@gmail.com\u0027 is present on page ","description":"Step 5: Verify the registration email is displayed in the information message","startTime":1544778370999,"endTime":1544778371032,"childRecords":[{"testStatus":{"stackTrace":"","statusValue":"PASSED"},"type":"MESSAGE","name":"","message":"Text \u0027154477836854@gmail.com\u0027 is present on page ","startTime":1544778371032,"endTime":0,"childRecords":[],"interuppted":false}],"interuppted":false},{"index":13,"isIgnoredIfFailed":false,"type":"TEST_STEP","name":"callTestCase","message":"Call Test Case \u0027Test Cases/CommonTestcase/DeleteUser\u0027 successfully","description":"CLEAN UP","startTime":1544778371032,"endTime":1544778397244,"childRecords":[{"isOptional":true,"type":"TEST_CASE","name":"Test Cases/CommonTestcase/DeleteUser","id":"Test Cases/CommonTestcase/DeleteUser","source":"D:\\\\MyDocument\\\\Katalon\\\\KATALON\\\\KatalonTest\\\\Test Cases\\\\CommonTestcase\\\\DeleteUser.tc","message":"Test Cases/CommonTestcase/DeleteUser","description":"","startTime":1544778371088,"endTime":1544778397244,"childRecords":[{"testStatus":{"stackTrace":"","statusValue":"INFO"},"type":"MESSAGE","name":"","message":"Evaluating variables for test case","startTime":1544778371092,"endTime":0,"childRecords":[],"interuppted":false},{"index":1,"isIgnoredIfFailed":false,"type":"TEST_STEP","name":"navigateToUrl","message":"Navigate to \u0027http://13.250.134.32/subrion/panel/\u0027 successfully","description":"Step 1: Navigate to Admin page","startTime":1544778371169,"endTime":1544778372263,"childRecords":[{"testStatus":{"stackTrace":"","statusValue":"PASSED"},"type":"MESSAGE","name":"","message":"Navigate to \u0027http://13.250.134.32/subrion/panel/\u0027 successfully","startTime":1544778372262,"endTime":0,"childRecords":[],"interuppted":false}],"interuppted":false},{"index":2,"isIgnoredIfFailed":false,"type":"TEST_STEP","name":"maximizeWindow","message":"Current window maximized","description":"","startTime":1544778372263,"endTime":1544778372267,"childRecords":[{"testStatus":{"stackTrace":"","statusValue":"PASSED"},"type":"MESSAGE","name":"","message":"Current window maximized","startTime":1544778372266,"endTime":0,"childRecords":[],"interuppted":false}],"interuppted":false},{"index":3,"isIgnoredIfFailed":false,"type":"TEST_STEP","name":"callTestCase","message":"Call Test Case \u0027Test Cases/CommonTestcase/LogintoAdminPage\u0027 successfully","description":"Step 2: Login Admin page","startTime":1544778372267,"endTime":1544778374583,"childRecords":[{"isOptional":true,"type":"TEST_CASE","name":"Test Cases/CommonTestcase/LogintoAdminPage","id":"Test Cases/CommonTestcase/LogintoAdminPage","source":"D:\\\\MyDocument\\\\Katalon\\\\KATALON\\\\KatalonTest\\\\Test Cases\\\\CommonTestcase\\\\LogintoAdminPage.tc","message":"Test Cases/CommonTestcase/LogintoAdminPage","description":"","startTime":1544778372322,"endTime":1544778374582,"childRecords":[{"testStatus":{"stackTrace":"","statusValue":"INFO"},"type":"MESSAGE","name":"","message":"Evaluating variables for test case","startTime":1544778372325,"endTime":0,"childRecords":[],"interuppted":false},{"index":1,"isIgnoredIfFailed":false,"type":"TEST_STEP","name":"setText","message":"Text \u0027admin\u0027 is set on object \u0027Object Repository/SubrionAdminPane/txt_userName\u0027","description":"Input username to username textbox","startTime":1544778372402,"endTime":1544778372489,"childRecords":[{"testStatus":{"stackTrace":"","statusValue":"PASSED"},"type":"MESSAGE","name":"","message":"Text \u0027admin\u0027 is set on object \u0027Object Repository/SubrionAdminPane/txt_userName\u0027","startTime":1544778372489,"endTime":0,"childRecords":[],"interuppted":false}],"interuppted":false},{"index":2,"isIgnoredIfFailed":false,"type":"TEST_STEP","name":"setEncryptedText","message":"Text ****** has been set on object \u0027Object Repository/SubrionAdminPane/txt_Password\u0027","description":"Input password to password textbox","startTime":1544778372490,"endTime":1544778372579,"childRecords":[{"testStatus":{"stackTrace":"","statusValue":"PASSED"},"type":"MESSAGE","name":"","message":"Text ****** has been set on object \u0027Object Repository/SubrionAdminPane/txt_Password\u0027","startTime":1544778372578,"endTime":0,"childRecords":[],"interuppted":false}],"interuppted":false},{"index":3,"isIgnoredIfFailed":false,"type":"TEST_STEP","name":"click","message":"Object: \u0027Object Repository/SubrionAdminPane/btn_Login\u0027 is clicked on","description":"Click Log in button","startTime":1544778372579,"endTime":1544778374582,"childRecords":[{"testStatus":{"stackTrace":"","statusValue":"PASSED"},"type":"MESSAGE","name":"","message":"Object: \u0027Object Repository/SubrionAdminPane/btn_Login\u0027 is clicked on","startTime":1544778374582,"endTime":0,"childRecords":[],"interuppted":false}],"interuppted":false},{"testStatus":{"stackTrace":"","statusValue":"PASSED"},"type":"MESSAGE","name":"","message":"Test Cases/CommonTestcase/LogintoAdminPage","startTime":1544778374582,"endTime":0,"childRecords":[],"interuppted":false}],"interuppted":false},{"testStatus":{"stackTrace":"","statusValue":"PASSED"},"type":"MESSAGE","name":"","message":"Call Test Case \u0027Test Cases/CommonTestcase/LogintoAdminPage\u0027 successfully","startTime":1544778374582,"endTime":0,"childRecords":[],"interuppted":false}],"interuppted":false},{"index":4,"isIgnoredIfFailed":false,"type":"TEST_STEP","name":"waitForPageLoad","message":"Wait for page load successfully","description":"Verify Admin page available","startTime":1544778374583,"endTime":1544778374604,"childRecords":[{"testStatus":{"stackTrace":"","statusValue":"PASSED"},"type":"MESSAGE","name":"","message":"Wait for page load successfully","startTime":1544778374603,"endTime":0,"childRecords":[],"interuppted":false}],"interuppted":false},{"index":5,"isIgnoredIfFailed":false,"type":"TEST_STEP","name":"delay","message":"Delayed 10 second(s)","description":"Step 3: Click on \"Member\" menu of main menu","startTime":1544778374604,"endTime":1544778384603,"childRecords":[{"testStatus":{"stackTrace":"","statusValue":"PASSED"},"type":"MESSAGE","name":"","message":"Delayed 10 second(s)","startTime":1544778384603,"endTime":0,"childRecords":[],"interuppted":false}],"interuppted":false},{"index":6,"isIgnoredIfFailed":false,"type":"TEST_STEP","name":"waitForElementClickable","message":"Object \u0027Object Repository/AdminPage/lnk_Members\u0027 is clickable","description":"","startTime":1544778384604,"endTime":1544778384663,"childRecords":[{"testStatus":{"stackTrace":"","statusValue":"PASSED"},"type":"MESSAGE","name":"","message":"Object \u0027Object Repository/AdminPage/lnk_Members\u0027 is clickable","startTime":1544778384663,"endTime":0,"childRecords":[],"interuppted":false}],"interuppted":false},{"index":7,"isIgnoredIfFailed":false,"type":"TEST_STEP","name":"click","message":"Object: \u0027Object Repository/AdminPage/lnk_Members\u0027 is clicked on","description":"","startTime":1544778384663,"endTime":1544778384718,"childRecords":[{"testStatus":{"stackTrace":"","statusValue":"PASSED"},"type":"MESSAGE","name":"","message":"Object: \u0027Object Repository/AdminPage/lnk_Members\u0027 is clicked on","startTime":1544778384718,"endTime":0,"childRecords":[],"interuppted":false}],"interuppted":false},{"index":8,"isIgnoredIfFailed":false,"type":"TEST_STEP","name":"click","message":"Object: \u0027Object Repository/AdminPage/lnk_subMember\u0027 is clicked on","description":"Step 4: Click on \" Member\" menu on Sub menu","startTime":1544778384718,"endTime":1544778386720,"childRecords":[{"testStatus":{"stackTrace":"","statusValue":"PASSED"},"type":"MESSAGE","name":"","message":"Object: \u0027Object Repository/AdminPage/lnk_subMember\u0027 is clicked on","startTime":1544778386720,"endTime":0,"childRecords":[],"interuppted":false}],"interuppted":false},{"index":9,"isIgnoredIfFailed":false,"type":"TEST_STEP","name":"waitForElementVisible","message":"Object \u0027Object Repository/MemberPage/txt_Search\u0027 is visible","description":"Step 5: Click on \"Delete\" icon of created member","startTime":1544778386720,"endTime":1544778386795,"childRecords":[{"testStatus":{"stackTrace":"","statusValue":"PASSED"},"type":"MESSAGE","name":"","message":"Object \u0027Object Repository/MemberPage/txt_Search\u0027 is visible","startTime":1544778386794,"endTime":0,"childRecords":[],"interuppted":false}],"interuppted":false},{"index":10,"isIgnoredIfFailed":false,"type":"TEST_STEP","name":"setText","message":"Text \u0027154477836854\u0027 is set on object \u0027Object Repository/MemberPage/txt_Search\u0027","description":"","startTime":1544778386795,"endTime":1544778386891,"childRecords":[{"testStatus":{"stackTrace":"","statusValue":"PASSED"},"type":"MESSAGE","name":"","message":"Text \u0027154477836854\u0027 is set on object \u0027Object Repository/MemberPage/txt_Search\u0027","startTime":1544778386891,"endTime":0,"childRecords":[],"interuppted":false}],"interuppted":false},{"index":11,"isIgnoredIfFailed":false,"type":"TEST_STEP","name":"click","message":"Object: \u0027Object Repository/MemberPage/btn_Search\u0027 is clicked on","description":"","startTime":1544778386891,"endTime":1544778386954,"childRecords":[{"testStatus":{"stackTrace":"","statusValue":"PASSED"},"type":"MESSAGE","name":"","message":"Object: \u0027Object Repository/MemberPage/btn_Search\u0027 is clicked on","startTime":1544778386954,"endTime":0,"childRecords":[],"interuppted":false}],"interuppted":false},{"index":12,"isIgnoredIfFailed":false,"type":"TEST_STEP","name":"delay","message":"Delayed 10 second(s)","description":"","startTime":1544778386954,"endTime":1544778396954,"childRecords":[{"testStatus":{"stackTrace":"","statusValue":"PASSED"},"type":"MESSAGE","name":"","message":"Delayed 10 second(s)","startTime":1544778396953,"endTime":0,"childRecords":[],"interuppted":false}],"interuppted":false},{"index":13,"isIgnoredIfFailed":false,"type":"TEST_STEP","name":"click","message":"Object: \u0027Object Repository/MemberPage/chk_user\u0027 is clicked on","description":"","startTime":1544778396954,"endTime":1544778397043,"childRecords":[{"testStatus":{"stackTrace":"","statusValue":"PASSED"},"type":"MESSAGE","name":"","message":"Object: \u0027Object Repository/MemberPage/chk_user\u0027 is clicked on","startTime":1544778397043,"endTime":0,"childRecords":[],"interuppted":false}],"interuppted":false},{"index":14,"isIgnoredIfFailed":false,"type":"TEST_STEP","name":"click","message":"Object: \u0027Object Repository/MemberPage/btn_Remove\u0027 is clicked on","description":"","startTime":1544778397043,"endTime":1544778397167,"childRecords":[{"testStatus":{"stackTrace":"","statusValue":"PASSED"},"type":"MESSAGE","name":"","message":"Object: \u0027Object Repository/MemberPage/btn_Remove\u0027 is clicked on","startTime":1544778397167,"endTime":0,"childRecords":[],"interuppted":false}],"interuppted":false},{"index":15,"isIgnoredIfFailed":false,"type":"TEST_STEP","name":"click","message":"Object: \u0027Object Repository/MemberPage/btn_YesConfirm\u0027 is clicked on","description":"Step 6: Select Yes to delete the user","startTime":1544778397167,"endTime":1544778397244,"childRecords":[{"testStatus":{"stackTrace":"","statusValue":"PASSED"},"type":"MESSAGE","name":"","message":"Object: \u0027Object Repository/MemberPage/btn_YesConfirm\u0027 is clicked on","startTime":1544778397244,"endTime":0,"childRecords":[],"interuppted":false}],"interuppted":false},{"testStatus":{"stackTrace":"","statusValue":"PASSED"},"type":"MESSAGE","name":"","message":"Test Cases/CommonTestcase/DeleteUser","startTime":1544778397244,"endTime":0,"childRecords":[],"interuppted":false}],"interuppted":false},{"testStatus":{"stackTrace":"","statusValue":"PASSED"},"type":"MESSAGE","name":"","message":"Call Test Case \u0027Test Cases/CommonTestcase/DeleteUser\u0027 successfully","startTime":1544778397244,"endTime":0,"childRecords":[],"interuppted":false}],"interuppted":false},{"testStatus":{"stackTrace":"","statusValue":"PASSED"},"type":"MESSAGE","name":"","message":"Test Cases/TestCase/TC1_RegisterMember","startTime":1544778397245,"endTime":0,"childRecords":[],"interuppted":false},{"index":-1,"isIgnoredIfFailed":false,"type":"TEST_STEP","name":"Start listener action : afterTestCase","message":"Browser is closed","description":"","startTime":1544778397245,"endTime":1544778398304,"childRecords":[{"index":1,"isIgnoredIfFailed":false,"type":"TEST_STEP","name":"Statement - println(testCaseContext.getTestCaseId())","description":"","startTime":1544778397245,"endTime":1544778397245,"childRecords":[],"interuppted":false},{"index":2,"isIgnoredIfFailed":false,"type":"TEST_STEP","name":"Statement - println(testCaseContext.getTestCaseStatus())","description":"","startTime":1544778397245,"endTime":1544778397245,"childRecords":[],"interuppted":false},{"index":3,"isIgnoredIfFailed":false,"type":"TEST_STEP","name":"closeBrowser","message":"Browser is closed","description":"","startTime":1544778397245,"endTime":1544778398304,"childRecords":[{"testStatus":{"stackTrace":"","statusValue":"PASSED"},"type":"MESSAGE","name":"","message":"Browser is closed","startTime":1544778398304,"endTime":0,"childRecords":[],"interuppted":false}],"interuppted":false}],"interuppted":false}],"interuppted":false}],"interuppted":false}