Suite/Test/Step Name,Browser,Description,Start time,End time,Duration,Status
TestSuites_1,Firefox 63.0,,2018-12-14 17:13:46,2018-12-14 17:16:57,3m - 10.547s,PASSED
,,,,,,
Test Cases/TestCase/TC2_AddBlogEntry,Firefox 63.0,,2018-12-14 17:13:47,2018-12-14 17:14:29,42.720s,PASSED
Start listener action : beforeTestCase,Firefox 63.0,,2018-12-14 17:13:47,2018-12-14 17:14:17,30.126s,ERROR
"Statement - header = ""["" + CustomKeywords.com.kms.cms.MyKeyword.getCurrentDateTime() + ""]"" + "" U23 Vietnam won U23 Irag""",Firefox 63.0,PREPARE,2018-12-14 17:14:17,2018-12-14 17:14:17,0.021s,PASSED
"Statement - body = ""U23 Vietnam went to the final match with U23 Uzbekistan""",Firefox 63.0,,2018-12-14 17:14:17,2018-12-14 17:14:17,0.001s,PASSED
"Statement - tag = ""football""",Firefox 63.0,,2018-12-14 17:14:17,2018-12-14 17:14:17,0.000s,PASSED
"Statement - blogEntryTitle = header + "" :: Powered by Subrion 4.2""",Firefox 63.0,,2018-12-14 17:14:17,2018-12-14 17:14:17,0.000s,PASSED
"Comment - ""Step 1: Log in to System""",Firefox 63.0,,2018-12-14 17:14:17,2018-12-14 17:14:17,0.001s,PASSED
click,Firefox 63.0,VP: Login to the System,2018-12-14 17:14:17,2018-12-14 17:14:18,0.771s,PASSED
callTestCase,Firefox 63.0,,2018-12-14 17:14:18,2018-12-14 17:14:19,1.269s,PASSED
click,Firefox 63.0,"Step 2: Click on ""Blog"" menu",2018-12-14 17:14:19,2018-12-14 17:14:20,0.866s,PASSED
callTestCase,Firefox 63.0,Step 3: Add blog,2018-12-14 17:14:20,2018-12-14 17:14:27,7.186s,PASSED
verifyMatch,Firefox 63.0,"VP: Brought to ""Blog Entry"" page",2018-12-14 17:14:27,2018-12-14 17:14:27,0.018s,PASSED
"Comment - ""Step 4: Verify the ""Blog Entry"" page""",Firefox 63.0,,2018-12-14 17:14:27,2018-12-14 17:14:27,0.000s,PASSED
verifyMatch,Firefox 63.0,"VP: Verify the title, the content, the tags are displayed correctly",2018-12-14 17:14:27,2018-12-14 17:14:27,0.033s,PASSED
verifyMatch,Firefox 63.0,,2018-12-14 17:14:27,2018-12-14 17:14:27,0.020s,PASSED
verifyMatch,Firefox 63.0,,2018-12-14 17:14:27,2018-12-14 17:14:27,0.018s,PASSED
Start listener action : afterTestCase,Firefox 63.0,,2018-12-14 17:14:27,2018-12-14 17:14:29,2.234s,PASSED
,,,,,,
Test Cases/TestCase/TC3_OnlyActiveMemberCanLoginToSystem,Firefox 63.0,,2018-12-14 17:14:29,2018-12-14 17:15:46,1m - 16.281s,PASSED
Start listener action : beforeTestCase,Firefox 63.0,,2018-12-14 17:14:29,2018-12-14 17:14:59,29.269s,ERROR
Statement - userName = CustomKeywords.com.kms.cms.MyKeyword.getRandomUser(),Firefox 63.0,PREPARE DATA,2018-12-14 17:14:59,2018-12-14 17:14:59,0.009s,PASSED
"Statement - fullName = userName + ""_fullName""",Firefox 63.0,,2018-12-14 17:14:59,2018-12-14 17:14:59,0.000s,PASSED
"Statement - email = userName + ""@gmail.com""",Firefox 63.0,,2018-12-14 17:14:59,2018-12-14 17:14:59,0.000s,PASSED
"Statement - passWord = ""BiNouLunM3UiJsgMQbjdfQ==""",Firefox 63.0,,2018-12-14 17:14:59,2018-12-14 17:14:59,0.001s,PASSED
Statement - confirmPass = passWord,Firefox 63.0,,2018-12-14 17:14:59,2018-12-14 17:14:59,0.001s,PASSED
"Statement - invalidLogin = ""Either login or password is invalid.""",Firefox 63.0,,2018-12-14 17:14:59,2018-12-14 17:14:59,0.000s,PASSED
"Statement - status = ""Active""",Firefox 63.0,,2018-12-14 17:14:59,2018-12-14 17:14:59,0.001s,PASSED
Statement - currentTab = com.kms.katalon.core.webui.keyword.WebUiBuiltInKeywords.getWindowIndex(),Firefox 63.0,,2018-12-14 17:14:59,2018-12-14 17:14:59,0.016s,PASSED
"Comment - ""Step 1: Navigate to CMS Home page""",Firefox 63.0,,2018-12-14 17:14:59,2018-12-14 17:14:59,0.001s,PASSED
verifyMatch,Firefox 63.0,VP: Brought to Home page,2018-12-14 17:14:59,2018-12-14 17:14:59,0.003s,PASSED
click,Firefox 63.0,Step 2: Follow steps in TC#1 to create a new user,2018-12-14 17:14:59,2018-12-14 17:15:00,1.117s,PASSED
callTestCase,Firefox 63.0,,2018-12-14 17:15:00,2018-12-14 17:15:02,2.057s,PASSED
click,Firefox 63.0,"Step 3: Click on ""Log In"" menu",2018-12-14 17:15:02,2018-12-14 17:15:03,0.768s,PASSED
verifyMatch,Firefox 63.0,VP: Brought to Login page,2018-12-14 17:15:03,2018-12-14 17:15:03,0.007s,PASSED
callTestCase,Firefox 63.0,Step 4: Log in with newly created user,2018-12-14 17:15:03,2018-12-14 17:15:04,0.797s,PASSED
verifyMatch,Firefox 63.0,VP:User is still in Log In page,2018-12-14 17:15:04,2018-12-14 17:15:04,0.005s,PASSED
verifyTextPresent,Firefox 63.0,Step 5: Verify error message is displayed: “Either login or password is invalid.”  ,2018-12-14 17:15:04,2018-12-14 17:15:04,0.141s,PASSED
"Comment - ""Step 6: Login Admin page""",Firefox 63.0,,2018-12-14 17:15:04,2018-12-14 17:15:04,0.000s,PASSED
clearText,Firefox 63.0,VP: Clear data in User textbox,2018-12-14 17:15:04,2018-12-14 17:15:04,0.039s,PASSED
callTestCase,Firefox 63.0,,2018-12-14 17:15:04,2018-12-14 17:15:05,1.128s,PASSED
verifyMatch,Firefox 63.0,VP: Brought to My Profile page,2018-12-14 17:15:05,2018-12-14 17:15:05,0.011s,PASSED
click,Firefox 63.0,Step 7: Navigate to Administration Panel page ,2018-12-14 17:15:05,2018-12-14 17:15:05,0.020s,PASSED
switchToWindowUrl,Firefox 63.0,,2018-12-14 17:15:05,2018-12-14 17:15:06,0.677s,PASSED
waitForPageLoad,Firefox 63.0,VP: Brought to Dashboard page,2018-12-14 17:15:06,2018-12-14 17:15:07,1.032s,PASSED
verifyMatch,Firefox 63.0,,2018-12-14 17:15:07,2018-12-14 17:15:07,0.006s,PASSED
delay,Firefox 63.0,"Step 8: Click on ""Member"" menu of main menu",2018-12-14 17:15:07,2018-12-14 17:15:17,10.008s,PASSED
click,Firefox 63.0,,2018-12-14 17:15:17,2018-12-14 17:15:17,0.250s,PASSED
click,Firefox 63.0,"Step 9: Click on "" Member"" menu on Sub menu",2018-12-14 17:15:17,2018-12-14 17:15:18,0.914s,PASSED
waitForElementVisible,Firefox 63.0,Step 10: Click on Edit icon of created member,2018-12-14 17:15:18,2018-12-14 17:15:18,0.568s,PASSED
setText,Firefox 63.0,,2018-12-14 17:15:18,2018-12-14 17:15:19,0.123s,PASSED
click,Firefox 63.0,,2018-12-14 17:15:19,2018-12-14 17:15:19,0.277s,PASSED
delay,Firefox 63.0,,2018-12-14 17:15:19,2018-12-14 17:15:29,10.000s,PASSED
click,Firefox 63.0,,2018-12-14 17:15:29,2018-12-14 17:15:29,0.290s,PASSED
click,Firefox 63.0,,2018-12-14 17:15:29,2018-12-14 17:15:30,0.650s,PASSED
verifyMatch,Firefox 63.0,VP: Brought to Edit Member page,2018-12-14 17:15:30,2018-12-14 17:15:30,0.004s,PASSED
selectOptionByLabel,Firefox 63.0,"Step 11: Select ""Active"" status",2018-12-14 17:15:30,2018-12-14 17:15:30,0.260s,PASSED
click,Firefox 63.0,"Step 12: Click on ""Save"" button",2018-12-14 17:15:30,2018-12-14 17:15:31,0.632s,PASSED
waitForPageLoad,Firefox 63.0,Brought to Members page,2018-12-14 17:15:31,2018-12-14 17:15:31,0.024s,PASSED
delay,Firefox 63.0,Step 13: Log out of the system,2018-12-14 17:15:31,2018-12-14 17:15:41,10.001s,PASSED
click,Firefox 63.0,,2018-12-14 17:15:41,2018-12-14 17:15:41,0.529s,PASSED
click,Firefox 63.0,Step 14: Navigate to Home Page,2018-12-14 17:15:41,2018-12-14 17:15:42,0.503s,PASSED
click,Firefox 63.0,"Step 15: Click on ""Log In"" menu",2018-12-14 17:15:42,2018-12-14 17:15:42,0.684s,PASSED
callTestCase,Firefox 63.0,Step 16: Log in with activated user,2018-12-14 17:15:42,2018-12-14 17:15:44,1.223s,PASSED
verifyMatch,Firefox 63.0,"Brought to Home Page, username is displayed in the menu bar",2018-12-14 17:15:44,2018-12-14 17:15:44,0.003s,PASSED
verifyMatch,Firefox 63.0,,2018-12-14 17:15:44,2018-12-14 17:15:44,0.030s,PASSED
Start listener action : afterTestCase,Firefox 63.0,,2018-12-14 17:15:44,2018-12-14 17:15:46,1.999s,PASSED
,,,,,,
Test Cases/TestCase/TC1_RegisterMember,Firefox 63.0,,2018-12-14 17:15:46,2018-12-14 17:16:57,1m - 11.199s,PASSED
Start listener action : beforeTestCase,Firefox 63.0,,2018-12-14 17:15:46,2018-12-14 17:16:25,38.913s,ERROR
Statement - userName = CustomKeywords.com.kms.cms.MyKeyword.getRandomUser(),Firefox 63.0,PREPARE DATA,2018-12-14 17:16:25,2018-12-14 17:16:25,0.001s,PASSED
"Statement - fullName = userName + ""_fullName""",Firefox 63.0,,2018-12-14 17:16:25,2018-12-14 17:16:25,0.000s,PASSED
"Statement - email = userName + ""@gmail.com""",Firefox 63.0,,2018-12-14 17:16:25,2018-12-14 17:16:25,0.001s,PASSED
"Statement - passWord = ""BiNouLunM3UiJsgMQbjdfQ==""",Firefox 63.0,,2018-12-14 17:16:25,2018-12-14 17:16:25,0.000s,PASSED
Statement - confirmPass = passWord,Firefox 63.0,,2018-12-14 17:16:25,2018-12-14 17:16:25,0.000s,PASSED
"Comment - ""Step 1: Navigate to CMS Home page""",Firefox 63.0,,2018-12-14 17:16:25,2018-12-14 17:16:25,0.000s,PASSED
verifyMatch,Firefox 63.0,VP: Brought to Home page,2018-12-14 17:16:25,2018-12-14 17:16:25,0.005s,PASSED
click,Firefox 63.0,"Step 2: Click on ""Sign Up"" link in Main Menu",2018-12-14 17:16:25,2018-12-14 17:16:25,0.582s,PASSED
callTestCase,Firefox 63.0,Step 3: Register a Member ,2018-12-14 17:16:25,2018-12-14 17:16:27,1.526s,PASSED
verifyMatch,Firefox 63.0,VP: Brought to Registration page,2018-12-14 17:16:27,2018-12-14 17:16:27,0.006s,PASSED
verifyTextPresent,Firefox 63.0,"Step 4: Verify the successful message ""Member registered! Thank you!"" is displayed correctly",2018-12-14 17:16:27,2018-12-14 17:16:27,0.096s,PASSED
verifyTextPresent,Firefox 63.0,Step 5: Verify the registration email is displayed in the information message,2018-12-14 17:16:27,2018-12-14 17:16:27,0.080s,PASSED
callTestCase,Firefox 63.0,CLEAN UP,2018-12-14 17:16:27,2018-12-14 17:16:55,28.058s,PASSED
Start listener action : afterTestCase,Firefox 63.0,,2018-12-14 17:16:55,2018-12-14 17:16:57,1.823s,PASSED
