{"devicePlatform":"","logFolder":"D:\\MyDocument\\Katalon\\KATALON\\KatalonTest\\Reports\\TestSuites_1\\20181214_171345","runData":{"hostName":"yentran - SGH734TXL4.kms.com.vn","os":"Windows 10 64bit","katalonVersion":"5.7.1.1","browser":"Firefox 63.0","hostAddress":"192.168.11.55","sessionId":"04b71a5d-f958-4811-b083-967a63388044","seleniumVersion":"3.7.1","proxyInformation":"ProxyInformation{proxyOption\u003dNO_PROXY, proxyServerType\u003dHTTP, password\u003d, proxyServerAddress\u003d, proxyServerPort\u003d0}","platform":"Windows 10"},"type":"TEST_SUITE","name":"TestSuites_1","id":"Test Suites/TestSuites_1","source":"","message":"Test Cases/TestCase/TC1_RegisterMember","description":"","startTime":1544782426847,"endTime":1544782617394,"childRecords":[{"isOptional":false,"type":"TEST_CASE","name":"Test Cases/TestCase/TC2_AddBlogEntry","id":"Test Cases/TestCase/TC2_AddBlogEntry","source":"D:\\\\MyDocument\\\\Katalon\\\\KATALON\\\\KatalonTest\\\\Test Cases\\\\TestCase\\\\TC2_AddBlogEntry.tc","message":"Test Cases/TestCase/TC2_AddBlogEntry","description":"","startTime":1544782427178,"endTime":1544782469898,"childRecords":[{"testStatus":{"stackTrace":"","statusValue":"INFO"},"type":"MESSAGE","name":"","message":"Evaluating variables for test case","startTime":1544782427195,"endTime":0,"childRecords":[],"interuppted":false},{"index":-1,"isIgnoredIfFailed":false,"type":"TEST_STEP","name":"Start listener action : beforeTestCase","message":"Variable \u0027ShortTimeout\u0027 is not defined for test case.","description":"","startTime":1544782427197,"endTime":1544782457323,"childRecords":[{"index":1,"isIgnoredIfFailed":false,"type":"TEST_STEP","name":"Statement - println(testCaseContext.getTestCaseId())","description":"","startTime":1544782427199,"endTime":1544782427211,"childRecords":[],"interuppted":false},{"index":2,"isIgnoredIfFailed":false,"type":"TEST_STEP","name":"Statement - println(testCaseContext.getTestCaseVariables())","description":"","startTime":1544782427212,"endTime":1544782427213,"childRecords":[],"interuppted":false},{"index":3,"isIgnoredIfFailed":false,"type":"TEST_STEP","name":"openBrowser","message":"Browser is opened with url: \u0027http://13.250.134.32/subrion/\u0027","description":"","startTime":1544782427214,"endTime":1544782457227,"childRecords":[{"testStatus":{"stackTrace":"","statusValue":"PASSED"},"type":"MESSAGE","name":"","message":"Browser is opened with url: \u0027http://13.250.134.32/subrion/\u0027","startTime":1544782457227,"endTime":0,"childRecords":[],"interuppted":false}],"interuppted":false},{"index":4,"isIgnoredIfFailed":false,"type":"TEST_STEP","name":"maximizeWindow","message":"Current window maximized","description":"","startTime":1544782457228,"endTime":1544782457317,"childRecords":[{"testStatus":{"stackTrace":"","statusValue":"PASSED"},"type":"MESSAGE","name":"","message":"Current window maximized","startTime":1544782457315,"endTime":0,"childRecords":[],"interuppted":false}],"interuppted":false},{"index":5,"isIgnoredIfFailed":false,"type":"TEST_STEP","name":"waitForPageLoad","message":"Variable \u0027ShortTimeout\u0027 is not defined for test case.","description":"","startTime":1544782457317,"endTime":1544782457322,"childRecords":[{"testStatus":{"stackTrace":"","statusValue":"ERROR"},"type":"MESSAGE","name":"","message":"Variable \u0027ShortTimeout\u0027 is not defined for test case.","startTime":1544782457321,"endTime":0,"childRecords":[],"interuppted":false}],"interuppted":false}],"interuppted":false},{"index":1,"isIgnoredIfFailed":false,"type":"TEST_STEP","name":"Statement - header \u003d \"[\" + CustomKeywords.com.kms.cms.MyKeyword.getCurrentDateTime() + \"]\" + \" U23 Vietnam won U23 Irag\"","message":"com.kms.cms.MyKeyword.getCurrentDateTime is PASSED","description":"PREPARE","startTime":1544782457454,"endTime":1544782457475,"childRecords":[{"testStatus":{"stackTrace":"","statusValue":"PASSED"},"type":"MESSAGE","name":"","message":"com.kms.cms.MyKeyword.getCurrentDateTime is PASSED","startTime":1544782457475,"endTime":0,"childRecords":[],"interuppted":false}],"interuppted":false},{"index":2,"isIgnoredIfFailed":false,"type":"TEST_STEP","name":"Statement - body \u003d \"U23 Vietnam went to the final match with U23 Uzbekistan\"","description":"","startTime":1544782457476,"endTime":1544782457477,"childRecords":[],"interuppted":false},{"index":3,"isIgnoredIfFailed":false,"type":"TEST_STEP","name":"Statement - tag \u003d \"football\"","description":"","startTime":1544782457477,"endTime":1544782457477,"childRecords":[],"interuppted":false},{"index":4,"isIgnoredIfFailed":false,"type":"TEST_STEP","name":"Statement - blogEntryTitle \u003d header + \" :: Powered by Subrion 4.2\"","description":"","startTime":1544782457478,"endTime":1544782457478,"childRecords":[],"interuppted":false},{"index":5,"isIgnoredIfFailed":false,"type":"TEST_STEP","name":"Comment - \"Step 1: Log in to System\"","description":"","startTime":1544782457478,"endTime":1544782457479,"childRecords":[],"interuppted":false},{"index":6,"isIgnoredIfFailed":false,"type":"TEST_STEP","name":"click","message":"Object: \u0027Object Repository/HomePage/lnk_LogIn\u0027 is clicked on","description":"VP: Login to the System","startTime":1544782457479,"endTime":1544782458250,"childRecords":[{"testStatus":{"stackTrace":"","statusValue":"PASSED"},"type":"MESSAGE","name":"","message":"Object: \u0027Object Repository/HomePage/lnk_LogIn\u0027 is clicked on","startTime":1544782458249,"endTime":0,"childRecords":[],"interuppted":false}],"interuppted":false},{"index":7,"isIgnoredIfFailed":false,"type":"TEST_STEP","name":"callTestCase","message":"Call Test Case \u0027Test Cases/CommonTestcase/LoginSystem\u0027 successfully","description":"","startTime":1544782458250,"endTime":1544782459519,"childRecords":[{"isOptional":false,"type":"TEST_CASE","name":"Test Cases/CommonTestcase/LoginSystem","id":"Test Cases/CommonTestcase/LoginSystem","source":"D:\\\\MyDocument\\\\Katalon\\\\KATALON\\\\KatalonTest\\\\Test Cases\\\\CommonTestcase\\\\LoginSystem.tc","message":"Test Cases/CommonTestcase/LoginSystem","description":"","startTime":1544782458320,"endTime":1544782459517,"childRecords":[{"testStatus":{"stackTrace":"","statusValue":"INFO"},"type":"MESSAGE","name":"","message":"Evaluating variables for test case","startTime":1544782458324,"endTime":0,"childRecords":[],"interuppted":false},{"index":1,"isIgnoredIfFailed":false,"type":"TEST_STEP","name":"setText","message":"Text \u0027katalontest\u0027 is set on object \u0027Object Repository/LoginPage/txt_Username\u0027","description":"Input username to \"username\" textbox","startTime":1544782458410,"endTime":1544782458470,"childRecords":[{"testStatus":{"stackTrace":"","statusValue":"PASSED"},"type":"MESSAGE","name":"","message":"Text \u0027katalontest\u0027 is set on object \u0027Object Repository/LoginPage/txt_Username\u0027","startTime":1544782458469,"endTime":0,"childRecords":[],"interuppted":false}],"interuppted":false},{"index":2,"isIgnoredIfFailed":false,"type":"TEST_STEP","name":"setEncryptedText","message":"Text ****** has been set on object \u0027Object Repository/LoginPage/txt_Password\u0027","description":"Input password to \"password\" textbox","startTime":1544782458470,"endTime":1544782458574,"childRecords":[{"testStatus":{"stackTrace":"","statusValue":"PASSED"},"type":"MESSAGE","name":"","message":"Text ****** has been set on object \u0027Object Repository/LoginPage/txt_Password\u0027","startTime":1544782458573,"endTime":0,"childRecords":[],"interuppted":false}],"interuppted":false},{"index":3,"isIgnoredIfFailed":false,"type":"TEST_STEP","name":"click","message":"Object: \u0027Object Repository/LoginPage/btn_Login\u0027 is clicked on","description":"Click Log in button","startTime":1544782458574,"endTime":1544782459516,"childRecords":[{"testStatus":{"stackTrace":"","statusValue":"PASSED"},"type":"MESSAGE","name":"","message":"Object: \u0027Object Repository/LoginPage/btn_Login\u0027 is clicked on","startTime":1544782459516,"endTime":0,"childRecords":[],"interuppted":false}],"interuppted":false},{"testStatus":{"stackTrace":"","statusValue":"PASSED"},"type":"MESSAGE","name":"","message":"Test Cases/CommonTestcase/LoginSystem","startTime":1544782459517,"endTime":0,"childRecords":[],"interuppted":false}],"interuppted":false},{"testStatus":{"stackTrace":"","statusValue":"PASSED"},"type":"MESSAGE","name":"","message":"Call Test Case \u0027Test Cases/CommonTestcase/LoginSystem\u0027 successfully","startTime":1544782459519,"endTime":0,"childRecords":[],"interuppted":false}],"interuppted":false},{"index":8,"isIgnoredIfFailed":false,"type":"TEST_STEP","name":"click","message":"Object: \u0027Object Repository/HomePage/lnk_Blog\u0027 is clicked on","description":"Step 2: Click on \"Blog\" menu","startTime":1544782459520,"endTime":1544782460386,"childRecords":[{"testStatus":{"stackTrace":"","statusValue":"PASSED"},"type":"MESSAGE","name":"","message":"Object: \u0027Object Repository/HomePage/lnk_Blog\u0027 is clicked on","startTime":1544782460386,"endTime":0,"childRecords":[],"interuppted":false}],"interuppted":false},{"index":9,"isIgnoredIfFailed":false,"type":"TEST_STEP","name":"callTestCase","message":"Call Test Case \u0027Test Cases/CommonTestcase/AddBlogEntry\u0027 successfully","description":"Step 3: Add blog","startTime":1544782460387,"endTime":1544782467573,"childRecords":[{"isOptional":false,"type":"TEST_CASE","name":"Test Cases/CommonTestcase/AddBlogEntry","id":"Test Cases/CommonTestcase/AddBlogEntry","source":"D:\\\\MyDocument\\\\Katalon\\\\KATALON\\\\KatalonTest\\\\Test Cases\\\\CommonTestcase\\\\AddBlogEntry.tc","message":"Test Cases/CommonTestcase/AddBlogEntry","description":"","startTime":1544782460442,"endTime":1544782467573,"childRecords":[{"testStatus":{"stackTrace":"","statusValue":"INFO"},"type":"MESSAGE","name":"","message":"Evaluating variables for test case","startTime":1544782460450,"endTime":0,"childRecords":[],"interuppted":false},{"index":1,"isIgnoredIfFailed":false,"type":"TEST_STEP","name":"click","message":"Object: \u0027Object Repository/AddBlogPage/btn_AddBlogEntry\u0027 is clicked on","description":"Click on \"Add Blog Entry\" button","startTime":1544782460530,"endTime":1544782464320,"childRecords":[{"testStatus":{"stackTrace":"","statusValue":"PASSED"},"type":"MESSAGE","name":"","message":"Object: \u0027Object Repository/AddBlogPage/btn_AddBlogEntry\u0027 is clicked on","startTime":1544782464319,"endTime":0,"childRecords":[],"interuppted":false}],"interuppted":false},{"index":2,"isIgnoredIfFailed":false,"type":"TEST_STEP","name":"setText","message":"Text \u0027[20181214-051217] U23 Vietnam won U23 Irag\u0027 is set on object \u0027Object Repository/AddBlogPage/txt_Title\u0027","description":"Input value into \"Title\" field","startTime":1544782464320,"endTime":1544782464490,"childRecords":[{"testStatus":{"stackTrace":"","statusValue":"PASSED"},"type":"MESSAGE","name":"","message":"Text \u0027[20181214-051217] U23 Vietnam won U23 Irag\u0027 is set on object \u0027Object Repository/AddBlogPage/txt_Title\u0027","startTime":1544782464490,"endTime":0,"childRecords":[],"interuppted":false}],"interuppted":false},{"index":3,"isIgnoredIfFailed":false,"type":"TEST_STEP","name":"switchToFrame","message":"Switched to iframe: \u0027Object Repository/AddBlogPage/fra_Iframe\u0027","description":"Input value into \"Body\" field","startTime":1544782464490,"endTime":1544782464536,"childRecords":[],"interuppted":false},{"index":4,"isIgnoredIfFailed":false,"type":"TEST_STEP","name":"setText","message":"Text \u0027U23 Vietnam went to the final match with U23 Uzbekistan\u0027 is set on object \u0027Object Repository/AddBlogPage/txt_body\u0027","description":"","startTime":1544782464536,"endTime":1544782464671,"childRecords":[{"testStatus":{"stackTrace":"","statusValue":"PASSED"},"type":"MESSAGE","name":"","message":"Text \u0027U23 Vietnam went to the final match with U23 Uzbekistan\u0027 is set on object \u0027Object Repository/AddBlogPage/txt_body\u0027","startTime":1544782464671,"endTime":0,"childRecords":[],"interuppted":false}],"interuppted":false},{"index":5,"isIgnoredIfFailed":false,"type":"TEST_STEP","name":"switchToDefaultContent","message":"Switching to default content","description":"","startTime":1544782464671,"endTime":1544782464703,"childRecords":[],"interuppted":false},{"index":6,"isIgnoredIfFailed":false,"type":"TEST_STEP","name":"setText","message":"Text \u0027football\u0027 is set on object \u0027Object Repository/AddBlogPage/txt_Tag\u0027","description":"Input value into \"Tags\"  field","startTime":1544782464703,"endTime":1544782464801,"childRecords":[{"testStatus":{"stackTrace":"","statusValue":"PASSED"},"type":"MESSAGE","name":"","message":"Text \u0027football\u0027 is set on object \u0027Object Repository/AddBlogPage/txt_Tag\u0027","startTime":1544782464800,"endTime":0,"childRecords":[],"interuppted":false}],"interuppted":false},{"index":7,"isIgnoredIfFailed":false,"type":"TEST_STEP","name":"click","message":"Object: \u0027Object Repository/AddBlogPage/btn_Save\u0027 is clicked on","description":"Click on \"Save\" button","startTime":1544782464801,"endTime":1544782467537,"childRecords":[{"testStatus":{"stackTrace":"","statusValue":"PASSED"},"type":"MESSAGE","name":"","message":"Object: \u0027Object Repository/AddBlogPage/btn_Save\u0027 is clicked on","startTime":1544782467537,"endTime":0,"childRecords":[],"interuppted":false}],"interuppted":false},{"index":8,"isIgnoredIfFailed":false,"type":"TEST_STEP","name":"waitForPageLoad","message":"Wait for page load successfully","description":"","startTime":1544782467538,"endTime":1544782467573,"childRecords":[{"testStatus":{"stackTrace":"","statusValue":"PASSED"},"type":"MESSAGE","name":"","message":"Wait for page load successfully","startTime":1544782467572,"endTime":0,"childRecords":[],"interuppted":false}],"interuppted":false},{"testStatus":{"stackTrace":"","statusValue":"PASSED"},"type":"MESSAGE","name":"","message":"Test Cases/CommonTestcase/AddBlogEntry","startTime":1544782467573,"endTime":0,"childRecords":[],"interuppted":false}],"interuppted":false},{"testStatus":{"stackTrace":"","statusValue":"PASSED"},"type":"MESSAGE","name":"","message":"Call Test Case \u0027Test Cases/CommonTestcase/AddBlogEntry\u0027 successfully","startTime":1544782467573,"endTime":0,"childRecords":[],"interuppted":false}],"interuppted":false},{"index":10,"isIgnoredIfFailed":false,"type":"TEST_STEP","name":"verifyMatch","message":"Actual text \u0027[20181214-051217] U23 Vietnam won U23 Irag :: Powered by Subrion 4.2\u0027 and expected text \u0027[20181214-051217] U23 Vietnam won U23 Irag :: Powered by Subrion 4.2\u0027 are matched ","description":"VP: Brought to \"Blog Entry\" page","startTime":1544782467574,"endTime":1544782467592,"childRecords":[{"testStatus":{"stackTrace":"","statusValue":"PASSED"},"type":"MESSAGE","name":"","message":"Current window\u0027s title is: \u0027[20181214-051217] U23 Vietnam won U23 Irag :: Powered by Subrion 4.2\u0027","startTime":1544782467588,"endTime":0,"childRecords":[],"interuppted":false},{"testStatus":{"stackTrace":"","statusValue":"PASSED"},"type":"MESSAGE","name":"","message":"Actual text \u0027[20181214-051217] U23 Vietnam won U23 Irag :: Powered by Subrion 4.2\u0027 and expected text \u0027[20181214-051217] U23 Vietnam won U23 Irag :: Powered by Subrion 4.2\u0027 are matched ","startTime":1544782467592,"endTime":0,"childRecords":[],"interuppted":false}],"interuppted":false},{"index":11,"isIgnoredIfFailed":false,"type":"TEST_STEP","name":"Comment - \"Step 4: Verify the \"Blog Entry\" page\"","description":"","startTime":1544782467592,"endTime":1544782467592,"childRecords":[],"interuppted":false},{"index":12,"isIgnoredIfFailed":false,"type":"TEST_STEP","name":"verifyMatch","message":"Actual text \u0027[20181214-051217] U23 Vietnam won U23 Irag\u0027 and expected text \u0027[20181214-051217] U23 Vietnam won U23 Irag\u0027 are matched ","description":"VP: Verify the title, the content, the tags are displayed correctly","startTime":1544782467593,"endTime":1544782467626,"childRecords":[{"testStatus":{"stackTrace":"","statusValue":"PASSED"},"type":"MESSAGE","name":"","message":"Text of object \u0027Object Repository/AdminPage/dat_header\u0027 is: \u0027[20181214-051217] U23 Vietnam won U23 Irag\u0027","startTime":1544782467625,"endTime":0,"childRecords":[],"interuppted":false},{"testStatus":{"stackTrace":"","statusValue":"PASSED"},"type":"MESSAGE","name":"","message":"Actual text \u0027[20181214-051217] U23 Vietnam won U23 Irag\u0027 and expected text \u0027[20181214-051217] U23 Vietnam won U23 Irag\u0027 are matched ","startTime":1544782467626,"endTime":0,"childRecords":[],"interuppted":false}],"interuppted":false},{"index":13,"isIgnoredIfFailed":false,"type":"TEST_STEP","name":"verifyMatch","message":"Actual text \u0027U23 Vietnam went to the final match with U23 Uzbekistan\u0027 and expected text \u0027U23 Vietnam went to the final match with U23 Uzbekistan\u0027 are matched ","description":"","startTime":1544782467626,"endTime":1544782467646,"childRecords":[{"testStatus":{"stackTrace":"","statusValue":"PASSED"},"type":"MESSAGE","name":"","message":"Text of object \u0027Object Repository/AdminPage/dat_contentBody\u0027 is: \u0027U23 Vietnam went to the final match with U23 Uzbekistan\u0027","startTime":1544782467644,"endTime":0,"childRecords":[],"interuppted":false},{"testStatus":{"stackTrace":"","statusValue":"PASSED"},"type":"MESSAGE","name":"","message":"Actual text \u0027U23 Vietnam went to the final match with U23 Uzbekistan\u0027 and expected text \u0027U23 Vietnam went to the final match with U23 Uzbekistan\u0027 are matched ","startTime":1544782467645,"endTime":0,"childRecords":[],"interuppted":false}],"interuppted":false},{"index":14,"isIgnoredIfFailed":false,"type":"TEST_STEP","name":"verifyMatch","message":"Actual text \u0027football\u0027 and expected text \u0027football\u0027 are matched ","description":"","startTime":1544782467646,"endTime":1544782467664,"childRecords":[{"testStatus":{"stackTrace":"","statusValue":"PASSED"},"type":"MESSAGE","name":"","message":"Text of object \u0027Object Repository/AdminPage/dat_Tag\u0027 is: \u0027football\u0027","startTime":1544782467663,"endTime":0,"childRecords":[],"interuppted":false},{"testStatus":{"stackTrace":"","statusValue":"PASSED"},"type":"MESSAGE","name":"","message":"Actual text \u0027football\u0027 and expected text \u0027football\u0027 are matched ","startTime":1544782467664,"endTime":0,"childRecords":[],"interuppted":false}],"interuppted":false},{"testStatus":{"stackTrace":"","statusValue":"PASSED"},"type":"MESSAGE","name":"","message":"Test Cases/TestCase/TC2_AddBlogEntry","startTime":1544782467664,"endTime":0,"childRecords":[],"interuppted":false},{"index":-1,"isIgnoredIfFailed":false,"type":"TEST_STEP","name":"Start listener action : afterTestCase","message":"Browser is closed","description":"","startTime":1544782467664,"endTime":1544782469898,"childRecords":[{"index":1,"isIgnoredIfFailed":false,"type":"TEST_STEP","name":"Statement - println(testCaseContext.getTestCaseId())","description":"","startTime":1544782467665,"endTime":1544782467666,"childRecords":[],"interuppted":false},{"index":2,"isIgnoredIfFailed":false,"type":"TEST_STEP","name":"Statement - println(testCaseContext.getTestCaseStatus())","description":"","startTime":1544782467666,"endTime":1544782467666,"childRecords":[],"interuppted":false},{"index":3,"isIgnoredIfFailed":false,"type":"TEST_STEP","name":"closeBrowser","message":"Browser is closed","description":"","startTime":1544782467667,"endTime":1544782469898,"childRecords":[{"testStatus":{"stackTrace":"","statusValue":"PASSED"},"type":"MESSAGE","name":"","message":"Browser is closed","startTime":1544782469897,"endTime":0,"childRecords":[],"interuppted":false}],"interuppted":false}],"interuppted":false}],"interuppted":false},{"isOptional":false,"type":"TEST_CASE","name":"Test Cases/TestCase/TC3_OnlyActiveMemberCanLoginToSystem","id":"Test Cases/TestCase/TC3_OnlyActiveMemberCanLoginToSystem","source":"D:\\\\MyDocument\\\\Katalon\\\\KATALON\\\\KatalonTest\\\\Test Cases\\\\TestCase\\\\TC3_OnlyActiveMemberCanLoginToSystem.tc","message":"Test Cases/TestCase/TC3_OnlyActiveMemberCanLoginToSystem","description":"","startTime":1544782469901,"endTime":1544782546182,"childRecords":[{"testStatus":{"stackTrace":"","statusValue":"INFO"},"type":"MESSAGE","name":"","message":"Evaluating variables for test case","startTime":1544782469915,"endTime":0,"childRecords":[],"interuppted":false},{"index":-1,"isIgnoredIfFailed":false,"type":"TEST_STEP","name":"Start listener action : beforeTestCase","message":"Variable \u0027ShortTimeout\u0027 is not defined for test case.","description":"","startTime":1544782469915,"endTime":1544782499184,"childRecords":[{"index":1,"isIgnoredIfFailed":false,"type":"TEST_STEP","name":"Statement - println(testCaseContext.getTestCaseId())","description":"","startTime":1544782469915,"endTime":1544782469916,"childRecords":[],"interuppted":false},{"index":2,"isIgnoredIfFailed":false,"type":"TEST_STEP","name":"Statement - println(testCaseContext.getTestCaseVariables())","description":"","startTime":1544782469916,"endTime":1544782469916,"childRecords":[],"interuppted":false},{"index":3,"isIgnoredIfFailed":false,"type":"TEST_STEP","name":"openBrowser","message":"Browser is opened with url: \u0027http://13.250.134.32/subrion/\u0027","description":"","startTime":1544782469916,"endTime":1544782499148,"childRecords":[{"testStatus":{"stackTrace":"","statusValue":"PASSED"},"type":"MESSAGE","name":"","message":"Browser is opened with url: \u0027http://13.250.134.32/subrion/\u0027","startTime":1544782499147,"endTime":0,"childRecords":[],"interuppted":false}],"interuppted":false},{"index":4,"isIgnoredIfFailed":false,"type":"TEST_STEP","name":"maximizeWindow","message":"Current window maximized","description":"","startTime":1544782499148,"endTime":1544782499181,"childRecords":[{"testStatus":{"stackTrace":"","statusValue":"PASSED"},"type":"MESSAGE","name":"","message":"Current window maximized","startTime":1544782499180,"endTime":0,"childRecords":[],"interuppted":false}],"interuppted":false},{"index":5,"isIgnoredIfFailed":false,"type":"TEST_STEP","name":"waitForPageLoad","message":"Variable \u0027ShortTimeout\u0027 is not defined for test case.","description":"","startTime":1544782499182,"endTime":1544782499183,"childRecords":[{"testStatus":{"stackTrace":"","statusValue":"ERROR"},"type":"MESSAGE","name":"","message":"Variable \u0027ShortTimeout\u0027 is not defined for test case.","startTime":1544782499183,"endTime":0,"childRecords":[],"interuppted":false}],"interuppted":false}],"interuppted":false},{"index":1,"isIgnoredIfFailed":false,"type":"TEST_STEP","name":"Statement - userName \u003d CustomKeywords.com.kms.cms.MyKeyword.getRandomUser()","message":"com.kms.cms.MyKeyword.getRandomUser is PASSED","description":"PREPARE DATA","startTime":1544782499361,"endTime":1544782499370,"childRecords":[{"testStatus":{"stackTrace":"","statusValue":"PASSED"},"type":"MESSAGE","name":"","message":"com.kms.cms.MyKeyword.getRandomUser is PASSED","startTime":1544782499369,"endTime":0,"childRecords":[],"interuppted":false}],"interuppted":false},{"index":2,"isIgnoredIfFailed":false,"type":"TEST_STEP","name":"Statement - fullName \u003d userName + \"_fullName\"","description":"","startTime":1544782499370,"endTime":1544782499370,"childRecords":[],"interuppted":false},{"index":3,"isIgnoredIfFailed":false,"type":"TEST_STEP","name":"Statement - email \u003d userName + \"@gmail.com\"","description":"","startTime":1544782499371,"endTime":1544782499371,"childRecords":[],"interuppted":false},{"index":4,"isIgnoredIfFailed":false,"type":"TEST_STEP","name":"Statement - passWord \u003d \"BiNouLunM3UiJsgMQbjdfQ\u003d\u003d\"","description":"","startTime":1544782499371,"endTime":1544782499372,"childRecords":[],"interuppted":false},{"index":5,"isIgnoredIfFailed":false,"type":"TEST_STEP","name":"Statement - confirmPass \u003d passWord","description":"","startTime":1544782499373,"endTime":1544782499374,"childRecords":[],"interuppted":false},{"index":6,"isIgnoredIfFailed":false,"type":"TEST_STEP","name":"Statement - invalidLogin \u003d \"Either login or password is invalid.\"","description":"","startTime":1544782499374,"endTime":1544782499374,"childRecords":[],"interuppted":false},{"index":7,"isIgnoredIfFailed":false,"type":"TEST_STEP","name":"Statement - status \u003d \"Active\"","description":"","startTime":1544782499374,"endTime":1544782499375,"childRecords":[],"interuppted":false},{"index":8,"isIgnoredIfFailed":false,"type":"TEST_STEP","name":"Statement - currentTab \u003d com.kms.katalon.core.webui.keyword.WebUiBuiltInKeywords.getWindowIndex()","message":"Current window\u0027s index is: 0","description":"","startTime":1544782499375,"endTime":1544782499391,"childRecords":[{"testStatus":{"stackTrace":"","statusValue":"PASSED"},"type":"MESSAGE","name":"","message":"Current window\u0027s index is: 0","startTime":1544782499391,"endTime":0,"childRecords":[],"interuppted":false}],"interuppted":false},{"index":9,"isIgnoredIfFailed":false,"type":"TEST_STEP","name":"Comment - \"Step 1: Navigate to CMS Home page\"","description":"","startTime":1544782499391,"endTime":1544782499392,"childRecords":[],"interuppted":false},{"index":10,"isIgnoredIfFailed":false,"type":"TEST_STEP","name":"verifyMatch","message":"Actual text \u0027Home :: Powered by Subrion 4.2\u0027 and expected text \u0027Home :: Powered by Subrion 4.2\u0027 are matched ","description":"VP: Brought to Home page","startTime":1544782499392,"endTime":1544782499395,"childRecords":[{"testStatus":{"stackTrace":"","statusValue":"PASSED"},"type":"MESSAGE","name":"","message":"Current window\u0027s title is: \u0027Home :: Powered by Subrion 4.2\u0027","startTime":1544782499394,"endTime":0,"childRecords":[],"interuppted":false},{"testStatus":{"stackTrace":"","statusValue":"PASSED"},"type":"MESSAGE","name":"","message":"Actual text \u0027Home :: Powered by Subrion 4.2\u0027 and expected text \u0027Home :: Powered by Subrion 4.2\u0027 are matched ","startTime":1544782499395,"endTime":0,"childRecords":[],"interuppted":false}],"interuppted":false},{"index":11,"isIgnoredIfFailed":false,"type":"TEST_STEP","name":"click","message":"Object: \u0027Object Repository/HomePage/lnk_SignUp\u0027 is clicked on","description":"Step 2: Follow steps in TC#1 to create a new user","startTime":1544782499395,"endTime":1544782500512,"childRecords":[{"testStatus":{"stackTrace":"","statusValue":"PASSED"},"type":"MESSAGE","name":"","message":"Object: \u0027Object Repository/HomePage/lnk_SignUp\u0027 is clicked on","startTime":1544782500511,"endTime":0,"childRecords":[],"interuppted":false}],"interuppted":false},{"index":12,"isIgnoredIfFailed":false,"type":"TEST_STEP","name":"callTestCase","message":"Call Test Case \u0027Test Cases/CommonTestcase/CreateNewUser\u0027 successfully","description":"","startTime":1544782500512,"endTime":1544782502569,"childRecords":[{"isOptional":false,"type":"TEST_CASE","name":"Test Cases/CommonTestcase/CreateNewUser","id":"Test Cases/CommonTestcase/CreateNewUser","source":"D:\\\\MyDocument\\\\Katalon\\\\KATALON\\\\KatalonTest\\\\Test Cases\\\\CommonTestcase\\\\CreateNewUser.tc","message":"Test Cases/CommonTestcase/CreateNewUser","description":"","startTime":1544782500569,"endTime":1544782502568,"childRecords":[{"testStatus":{"stackTrace":"","statusValue":"INFO"},"type":"MESSAGE","name":"","message":"Evaluating variables for test case","startTime":1544782500574,"endTime":0,"childRecords":[],"interuppted":false},{"index":1,"isIgnoredIfFailed":false,"type":"TEST_STEP","name":"setText","message":"Text \u0027154478249936\u0027 is set on object \u0027Object Repository/RegisterPage/txt_Username\u0027","description":"Step 1: Input value into \"Username\" field","startTime":1544782500664,"endTime":1544782500720,"childRecords":[{"testStatus":{"stackTrace":"","statusValue":"PASSED"},"type":"MESSAGE","name":"","message":"Text \u0027154478249936\u0027 is set on object \u0027Object Repository/RegisterPage/txt_Username\u0027","startTime":1544782500720,"endTime":0,"childRecords":[],"interuppted":false}],"interuppted":false},{"index":2,"isIgnoredIfFailed":false,"type":"TEST_STEP","name":"setText","message":"Text \u0027154478249936_fullName\u0027 is set on object \u0027Object Repository/RegisterPage/txt_Fullname\u0027","description":"Step 2: Input value into \"Full Name\" field","startTime":1544782500721,"endTime":1544782500780,"childRecords":[{"testStatus":{"stackTrace":"","statusValue":"PASSED"},"type":"MESSAGE","name":"","message":"Text \u0027154478249936_fullName\u0027 is set on object \u0027Object Repository/RegisterPage/txt_Fullname\u0027","startTime":1544782500779,"endTime":0,"childRecords":[],"interuppted":false}],"interuppted":false},{"index":3,"isIgnoredIfFailed":false,"type":"TEST_STEP","name":"setText","message":"Text \u0027154478249936@gmail.com\u0027 is set on object \u0027Object Repository/RegisterPage/txt_Email\u0027","description":"Step 3: Input value into \"Email\" field","startTime":1544782500780,"endTime":1544782500830,"childRecords":[{"testStatus":{"stackTrace":"","statusValue":"PASSED"},"type":"MESSAGE","name":"","message":"Text \u0027154478249936@gmail.com\u0027 is set on object \u0027Object Repository/RegisterPage/txt_Email\u0027","startTime":1544782500829,"endTime":0,"childRecords":[],"interuppted":false}],"interuppted":false},{"index":4,"isIgnoredIfFailed":false,"type":"TEST_STEP","name":"selectOptionByLabel","message":"All options with label \u0027Male\u0027 are selected in object \u0027Object Repository/RegisterPage/ddl_Gender\u0027 ","description":"Step 4: Select value into \"Gender\" field","startTime":1544782500830,"endTime":1544782501086,"childRecords":[{"testStatus":{"stackTrace":"","statusValue":"PASSED"},"type":"MESSAGE","name":"","message":"All options with label \u0027Male\u0027 are selected in object \u0027Object Repository/RegisterPage/ddl_Gender\u0027 ","startTime":1544782501086,"endTime":0,"childRecords":[],"interuppted":false}],"interuppted":false},{"index":5,"isIgnoredIfFailed":false,"type":"TEST_STEP","name":"setEncryptedText","message":"Text ****** has been set on object \u0027Object Repository/RegisterPage/txt_Pass\u0027","description":"Step 5: Input value into \"Your password\" field","startTime":1544782501087,"endTime":1544782501116,"childRecords":[{"testStatus":{"stackTrace":"","statusValue":"PASSED"},"type":"MESSAGE","name":"","message":"Text ****** has been set on object \u0027Object Repository/RegisterPage/txt_Pass\u0027","startTime":1544782501116,"endTime":0,"childRecords":[],"interuppted":false}],"interuppted":false},{"index":6,"isIgnoredIfFailed":false,"type":"TEST_STEP","name":"setEncryptedText","message":"Text ****** has been set on object \u0027Object Repository/RegisterPage/txt_Confirmpass\u0027","description":"Step 6: Input value into \"Confirm your password:\" field","startTime":1544782501116,"endTime":1544782501147,"childRecords":[{"testStatus":{"stackTrace":"","statusValue":"PASSED"},"type":"MESSAGE","name":"","message":"Text ****** has been set on object \u0027Object Repository/RegisterPage/txt_Confirmpass\u0027","startTime":1544782501147,"endTime":0,"childRecords":[],"interuppted":false}],"interuppted":false},{"index":7,"isIgnoredIfFailed":false,"type":"TEST_STEP","name":"click","message":"Object: \u0027Object Repository/RegisterPage/btn_Registration\u0027 is clicked on","description":"Step 7: Click on \"Registration\" button ","startTime":1544782501148,"endTime":1544782502568,"childRecords":[{"testStatus":{"stackTrace":"","statusValue":"PASSED"},"type":"MESSAGE","name":"","message":"Object: \u0027Object Repository/RegisterPage/btn_Registration\u0027 is clicked on","startTime":1544782502567,"endTime":0,"childRecords":[],"interuppted":false}],"interuppted":false},{"testStatus":{"stackTrace":"","statusValue":"PASSED"},"type":"MESSAGE","name":"","message":"Test Cases/CommonTestcase/CreateNewUser","startTime":1544782502568,"endTime":0,"childRecords":[],"interuppted":false}],"interuppted":false},{"testStatus":{"stackTrace":"","statusValue":"PASSED"},"type":"MESSAGE","name":"","message":"Call Test Case \u0027Test Cases/CommonTestcase/CreateNewUser\u0027 successfully","startTime":1544782502569,"endTime":0,"childRecords":[],"interuppted":false}],"interuppted":false},{"index":13,"isIgnoredIfFailed":false,"type":"TEST_STEP","name":"click","message":"Object: \u0027Object Repository/HomePage/lnk_LogIn\u0027 is clicked on","description":"Step 3: Click on \"Log In\" menu","startTime":1544782502570,"endTime":1544782503338,"childRecords":[{"testStatus":{"stackTrace":"","statusValue":"PASSED"},"type":"MESSAGE","name":"","message":"Object: \u0027Object Repository/HomePage/lnk_LogIn\u0027 is clicked on","startTime":1544782503338,"endTime":0,"childRecords":[],"interuppted":false}],"interuppted":false},{"index":14,"isIgnoredIfFailed":false,"type":"TEST_STEP","name":"verifyMatch","message":"Actual text \u0027Login :: Powered by Subrion 4.2\u0027 and expected text \u0027Login :: Powered by Subrion 4.2\u0027 are matched ","description":"VP: Brought to Login page","startTime":1544782503339,"endTime":1544782503346,"childRecords":[{"testStatus":{"stackTrace":"","statusValue":"PASSED"},"type":"MESSAGE","name":"","message":"Current window\u0027s title is: \u0027Login :: Powered by Subrion 4.2\u0027","startTime":1544782503345,"endTime":0,"childRecords":[],"interuppted":false},{"testStatus":{"stackTrace":"","statusValue":"PASSED"},"type":"MESSAGE","name":"","message":"Actual text \u0027Login :: Powered by Subrion 4.2\u0027 and expected text \u0027Login :: Powered by Subrion 4.2\u0027 are matched ","startTime":1544782503345,"endTime":0,"childRecords":[],"interuppted":false}],"interuppted":false},{"index":15,"isIgnoredIfFailed":false,"type":"TEST_STEP","name":"callTestCase","message":"Call Test Case \u0027Test Cases/CommonTestcase/LoginSystem\u0027 successfully","description":"Step 4: Log in with newly created user","startTime":1544782503346,"endTime":1544782504143,"childRecords":[{"isOptional":false,"type":"TEST_CASE","name":"Test Cases/CommonTestcase/LoginSystem","id":"Test Cases/CommonTestcase/LoginSystem","source":"D:\\\\MyDocument\\\\Katalon\\\\KATALON\\\\KatalonTest\\\\Test Cases\\\\CommonTestcase\\\\LoginSystem.tc","message":"Test Cases/CommonTestcase/LoginSystem","description":"","startTime":1544782503402,"endTime":1544782504142,"childRecords":[{"testStatus":{"stackTrace":"","statusValue":"INFO"},"type":"MESSAGE","name":"","message":"Evaluating variables for test case","startTime":1544782503408,"endTime":0,"childRecords":[],"interuppted":false},{"index":1,"isIgnoredIfFailed":false,"type":"TEST_STEP","name":"setText","message":"Text \u0027154478249936\u0027 is set on object \u0027Object Repository/LoginPage/txt_Username\u0027","description":"Input username to \"username\" textbox","startTime":1544782503409,"endTime":1544782503458,"childRecords":[{"testStatus":{"stackTrace":"","statusValue":"PASSED"},"type":"MESSAGE","name":"","message":"Text \u0027154478249936\u0027 is set on object \u0027Object Repository/LoginPage/txt_Username\u0027","startTime":1544782503458,"endTime":0,"childRecords":[],"interuppted":false}],"interuppted":false},{"index":2,"isIgnoredIfFailed":false,"type":"TEST_STEP","name":"setEncryptedText","message":"Text ****** has been set on object \u0027Object Repository/LoginPage/txt_Password\u0027","description":"Input password to \"password\" textbox","startTime":1544782503458,"endTime":1544782503490,"childRecords":[{"testStatus":{"stackTrace":"","statusValue":"PASSED"},"type":"MESSAGE","name":"","message":"Text ****** has been set on object \u0027Object Repository/LoginPage/txt_Password\u0027","startTime":1544782503489,"endTime":0,"childRecords":[],"interuppted":false}],"interuppted":false},{"index":3,"isIgnoredIfFailed":false,"type":"TEST_STEP","name":"click","message":"Object: \u0027Object Repository/LoginPage/btn_Login\u0027 is clicked on","description":"Click Log in button","startTime":1544782503490,"endTime":1544782504142,"childRecords":[{"testStatus":{"stackTrace":"","statusValue":"PASSED"},"type":"MESSAGE","name":"","message":"Object: \u0027Object Repository/LoginPage/btn_Login\u0027 is clicked on","startTime":1544782504141,"endTime":0,"childRecords":[],"interuppted":false}],"interuppted":false},{"testStatus":{"stackTrace":"","statusValue":"PASSED"},"type":"MESSAGE","name":"","message":"Test Cases/CommonTestcase/LoginSystem","startTime":1544782504142,"endTime":0,"childRecords":[],"interuppted":false}],"interuppted":false},{"testStatus":{"stackTrace":"","statusValue":"PASSED"},"type":"MESSAGE","name":"","message":"Call Test Case \u0027Test Cases/CommonTestcase/LoginSystem\u0027 successfully","startTime":1544782504142,"endTime":0,"childRecords":[],"interuppted":false}],"interuppted":false},{"index":16,"isIgnoredIfFailed":false,"type":"TEST_STEP","name":"verifyMatch","message":"Actual text \u0027Login :: Powered by Subrion 4.2\u0027 and expected text \u0027Login :: Powered by Subrion 4.2\u0027 are matched ","description":"VP:User is still in Log In page","startTime":1544782504143,"endTime":1544782504148,"childRecords":[{"testStatus":{"stackTrace":"","statusValue":"PASSED"},"type":"MESSAGE","name":"","message":"Current window\u0027s title is: \u0027Login :: Powered by Subrion 4.2\u0027","startTime":1544782504147,"endTime":0,"childRecords":[],"interuppted":false},{"testStatus":{"stackTrace":"","statusValue":"PASSED"},"type":"MESSAGE","name":"","message":"Actual text \u0027Login :: Powered by Subrion 4.2\u0027 and expected text \u0027Login :: Powered by Subrion 4.2\u0027 are matched ","startTime":1544782504148,"endTime":0,"childRecords":[],"interuppted":false}],"interuppted":false},{"index":17,"isIgnoredIfFailed":false,"type":"TEST_STEP","name":"verifyTextPresent","message":"Text \u0027Either login or password is invalid.\u0027 is present on page ","description":"Step 5: Verify error message is displayed: “Either login or password is invalid.”  ","startTime":1544782504149,"endTime":1544782504290,"childRecords":[{"testStatus":{"stackTrace":"","statusValue":"PASSED"},"type":"MESSAGE","name":"","message":"Text \u0027Either login or password is invalid.\u0027 is present on page ","startTime":1544782504290,"endTime":0,"childRecords":[],"interuppted":false}],"interuppted":false},{"index":18,"isIgnoredIfFailed":false,"type":"TEST_STEP","name":"Comment - \"Step 6: Login Admin page\"","description":"","startTime":1544782504290,"endTime":1544782504290,"childRecords":[],"interuppted":false},{"index":19,"isIgnoredIfFailed":false,"type":"TEST_STEP","name":"clearText","message":"Text of object \u0027Object Repository/LoginPage/txt_Username\u0027 is cleared","description":"VP: Clear data in User textbox","startTime":1544782504291,"endTime":1544782504330,"childRecords":[{"testStatus":{"stackTrace":"","statusValue":"PASSED"},"type":"MESSAGE","name":"","message":"Text of object \u0027Object Repository/LoginPage/txt_Username\u0027 is cleared","startTime":1544782504329,"endTime":0,"childRecords":[],"interuppted":false}],"interuppted":false},{"index":20,"isIgnoredIfFailed":false,"type":"TEST_STEP","name":"callTestCase","message":"Call Test Case \u0027Test Cases/CommonTestcase/LoginSystem\u0027 successfully","description":"","startTime":1544782504330,"endTime":1544782505458,"childRecords":[{"isOptional":false,"type":"TEST_CASE","name":"Test Cases/CommonTestcase/LoginSystem","id":"Test Cases/CommonTestcase/LoginSystem","source":"D:\\\\MyDocument\\\\Katalon\\\\KATALON\\\\KatalonTest\\\\Test Cases\\\\CommonTestcase\\\\LoginSystem.tc","message":"Test Cases/CommonTestcase/LoginSystem","description":"","startTime":1544782504386,"endTime":1544782505458,"childRecords":[{"testStatus":{"stackTrace":"","statusValue":"INFO"},"type":"MESSAGE","name":"","message":"Evaluating variables for test case","startTime":1544782504390,"endTime":0,"childRecords":[],"interuppted":false},{"index":1,"isIgnoredIfFailed":false,"type":"TEST_STEP","name":"setText","message":"Text \u0027admin\u0027 is set on object \u0027Object Repository/LoginPage/txt_Username\u0027","description":"Input username to \"username\" textbox","startTime":1544782504390,"endTime":1544782504431,"childRecords":[{"testStatus":{"stackTrace":"","statusValue":"PASSED"},"type":"MESSAGE","name":"","message":"Text \u0027admin\u0027 is set on object \u0027Object Repository/LoginPage/txt_Username\u0027","startTime":1544782504431,"endTime":0,"childRecords":[],"interuppted":false}],"interuppted":false},{"index":2,"isIgnoredIfFailed":false,"type":"TEST_STEP","name":"setEncryptedText","message":"Text ****** has been set on object \u0027Object Repository/LoginPage/txt_Password\u0027","description":"Input password to \"password\" textbox","startTime":1544782504431,"endTime":1544782504484,"childRecords":[{"testStatus":{"stackTrace":"","statusValue":"PASSED"},"type":"MESSAGE","name":"","message":"Text ****** has been set on object \u0027Object Repository/LoginPage/txt_Password\u0027","startTime":1544782504484,"endTime":0,"childRecords":[],"interuppted":false}],"interuppted":false},{"index":3,"isIgnoredIfFailed":false,"type":"TEST_STEP","name":"click","message":"Object: \u0027Object Repository/LoginPage/btn_Login\u0027 is clicked on","description":"Click Log in button","startTime":1544782504484,"endTime":1544782505457,"childRecords":[{"testStatus":{"stackTrace":"","statusValue":"PASSED"},"type":"MESSAGE","name":"","message":"Object: \u0027Object Repository/LoginPage/btn_Login\u0027 is clicked on","startTime":1544782505457,"endTime":0,"childRecords":[],"interuppted":false}],"interuppted":false},{"testStatus":{"stackTrace":"","statusValue":"PASSED"},"type":"MESSAGE","name":"","message":"Test Cases/CommonTestcase/LoginSystem","startTime":1544782505457,"endTime":0,"childRecords":[],"interuppted":false}],"interuppted":false},{"testStatus":{"stackTrace":"","statusValue":"PASSED"},"type":"MESSAGE","name":"","message":"Call Test Case \u0027Test Cases/CommonTestcase/LoginSystem\u0027 successfully","startTime":1544782505458,"endTime":0,"childRecords":[],"interuppted":false}],"interuppted":false},{"index":21,"isIgnoredIfFailed":false,"type":"TEST_STEP","name":"verifyMatch","message":"Actual text \u0027My Profile :: Powered by Subrion 4.2\u0027 and expected text \u0027My Profile :: Powered by Subrion 4.2\u0027 are matched ","description":"VP: Brought to My Profile page","startTime":1544782505458,"endTime":1544782505469,"childRecords":[{"testStatus":{"stackTrace":"","statusValue":"PASSED"},"type":"MESSAGE","name":"","message":"Current window\u0027s title is: \u0027My Profile :: Powered by Subrion 4.2\u0027","startTime":1544782505468,"endTime":0,"childRecords":[],"interuppted":false},{"testStatus":{"stackTrace":"","statusValue":"PASSED"},"type":"MESSAGE","name":"","message":"Actual text \u0027My Profile :: Powered by Subrion 4.2\u0027 and expected text \u0027My Profile :: Powered by Subrion 4.2\u0027 are matched ","startTime":1544782505469,"endTime":0,"childRecords":[],"interuppted":false}],"interuppted":false},{"index":22,"isIgnoredIfFailed":false,"type":"TEST_STEP","name":"click","message":"Object: \u0027Object Repository/AdminPage/btn_AdminDashboard\u0027 is clicked on","description":"Step 7: Navigate to Administration Panel page ","startTime":1544782505469,"endTime":1544782505489,"childRecords":[{"testStatus":{"stackTrace":"","statusValue":"PASSED"},"type":"MESSAGE","name":"","message":"Object: \u0027Object Repository/AdminPage/btn_AdminDashboard\u0027 is clicked on","startTime":1544782505489,"endTime":0,"childRecords":[],"interuppted":false}],"interuppted":false},{"index":23,"isIgnoredIfFailed":false,"type":"TEST_STEP","name":"switchToWindowUrl","message":"Switched to window with url: \u0027http://13.250.134.32/subrion/panel/\u0027","description":"","startTime":1544782505489,"endTime":1544782506166,"childRecords":[{"testStatus":{"stackTrace":"","statusValue":"PASSED"},"type":"MESSAGE","name":"","message":"Switched to window with url: \u0027http://13.250.134.32/subrion/panel/\u0027","startTime":1544782506165,"endTime":0,"childRecords":[],"interuppted":false}],"interuppted":false},{"index":24,"isIgnoredIfFailed":false,"type":"TEST_STEP","name":"waitForPageLoad","message":"Wait for page load successfully","description":"VP: Brought to Dashboard page","startTime":1544782506166,"endTime":1544782507198,"childRecords":[{"testStatus":{"stackTrace":"","statusValue":"PASSED"},"type":"MESSAGE","name":"","message":"Wait for page load successfully","startTime":1544782507198,"endTime":0,"childRecords":[],"interuppted":false}],"interuppted":false},{"index":25,"isIgnoredIfFailed":false,"type":"TEST_STEP","name":"verifyMatch","message":"Actual text \u0027Dashboard :: Powered by Subrion 4.2\u0027 and expected text \u0027Dashboard :: Powered by Subrion 4.2\u0027 are matched ","description":"","startTime":1544782507198,"endTime":1544782507204,"childRecords":[{"testStatus":{"stackTrace":"","statusValue":"PASSED"},"type":"MESSAGE","name":"","message":"Current window\u0027s title is: \u0027Dashboard :: Powered by Subrion 4.2\u0027","startTime":1544782507203,"endTime":0,"childRecords":[],"interuppted":false},{"testStatus":{"stackTrace":"","statusValue":"PASSED"},"type":"MESSAGE","name":"","message":"Actual text \u0027Dashboard :: Powered by Subrion 4.2\u0027 and expected text \u0027Dashboard :: Powered by Subrion 4.2\u0027 are matched ","startTime":1544782507204,"endTime":0,"childRecords":[],"interuppted":false}],"interuppted":false},{"index":26,"isIgnoredIfFailed":false,"type":"TEST_STEP","name":"delay","message":"Delayed 10 second(s)","description":"Step 8: Click on \"Member\" menu of main menu","startTime":1544782507204,"endTime":1544782517212,"childRecords":[{"testStatus":{"stackTrace":"","statusValue":"PASSED"},"type":"MESSAGE","name":"","message":"Delayed 10 second(s)","startTime":1544782517212,"endTime":0,"childRecords":[],"interuppted":false}],"interuppted":false},{"index":27,"isIgnoredIfFailed":false,"type":"TEST_STEP","name":"click","message":"Object: \u0027Object Repository/AdminPage/lnk_Members\u0027 is clicked on","description":"","startTime":1544782517212,"endTime":1544782517462,"childRecords":[{"testStatus":{"stackTrace":"","statusValue":"PASSED"},"type":"MESSAGE","name":"","message":"Object: \u0027Object Repository/AdminPage/lnk_Members\u0027 is clicked on","startTime":1544782517461,"endTime":0,"childRecords":[],"interuppted":false}],"interuppted":false},{"index":28,"isIgnoredIfFailed":false,"type":"TEST_STEP","name":"click","message":"Object: \u0027Object Repository/AdminPage/lnk_subMember\u0027 is clicked on","description":"Step 9: Click on \" Member\" menu on Sub menu","startTime":1544782517462,"endTime":1544782518376,"childRecords":[{"testStatus":{"stackTrace":"","statusValue":"PASSED"},"type":"MESSAGE","name":"","message":"Object: \u0027Object Repository/AdminPage/lnk_subMember\u0027 is clicked on","startTime":1544782518376,"endTime":0,"childRecords":[],"interuppted":false}],"interuppted":false},{"index":29,"isIgnoredIfFailed":false,"type":"TEST_STEP","name":"waitForElementVisible","message":"Object \u0027Object Repository/MemberPage/txt_Search\u0027 is visible","description":"Step 10: Click on Edit icon of created member","startTime":1544782518377,"endTime":1544782518945,"childRecords":[{"testStatus":{"stackTrace":"","statusValue":"PASSED"},"type":"MESSAGE","name":"","message":"Object \u0027Object Repository/MemberPage/txt_Search\u0027 is visible","startTime":1544782518945,"endTime":0,"childRecords":[],"interuppted":false}],"interuppted":false},{"index":30,"isIgnoredIfFailed":false,"type":"TEST_STEP","name":"setText","message":"Text \u0027154478249936\u0027 is set on object \u0027Object Repository/MemberPage/txt_Search\u0027","description":"","startTime":1544782518946,"endTime":1544782519069,"childRecords":[{"testStatus":{"stackTrace":"","statusValue":"PASSED"},"type":"MESSAGE","name":"","message":"Text \u0027154478249936\u0027 is set on object \u0027Object Repository/MemberPage/txt_Search\u0027","startTime":1544782519069,"endTime":0,"childRecords":[],"interuppted":false}],"interuppted":false},{"index":31,"isIgnoredIfFailed":false,"type":"TEST_STEP","name":"click","message":"Object: \u0027Object Repository/MemberPage/btn_Search\u0027 is clicked on","description":"","startTime":1544782519069,"endTime":1544782519346,"childRecords":[{"testStatus":{"stackTrace":"","statusValue":"PASSED"},"type":"MESSAGE","name":"","message":"Object: \u0027Object Repository/MemberPage/btn_Search\u0027 is clicked on","startTime":1544782519346,"endTime":0,"childRecords":[],"interuppted":false}],"interuppted":false},{"index":32,"isIgnoredIfFailed":false,"type":"TEST_STEP","name":"delay","message":"Delayed 10 second(s)","description":"","startTime":1544782519346,"endTime":1544782529346,"childRecords":[{"testStatus":{"stackTrace":"","statusValue":"PASSED"},"type":"MESSAGE","name":"","message":"Delayed 10 second(s)","startTime":1544782529346,"endTime":0,"childRecords":[],"interuppted":false}],"interuppted":false},{"index":33,"isIgnoredIfFailed":false,"type":"TEST_STEP","name":"click","message":"Object: \u0027Object Repository/MemberPage/chk_user\u0027 is clicked on","description":"","startTime":1544782529347,"endTime":1544782529637,"childRecords":[{"testStatus":{"stackTrace":"","statusValue":"PASSED"},"type":"MESSAGE","name":"","message":"Object: \u0027Object Repository/MemberPage/chk_user\u0027 is clicked on","startTime":1544782529637,"endTime":0,"childRecords":[],"interuppted":false}],"interuppted":false},{"index":34,"isIgnoredIfFailed":false,"type":"TEST_STEP","name":"click","message":"Object: \u0027Object Repository/AdminPage/btn_Edit\u0027 is clicked on","description":"","startTime":1544782529637,"endTime":1544782530287,"childRecords":[{"testStatus":{"stackTrace":"","statusValue":"PASSED"},"type":"MESSAGE","name":"","message":"Object: \u0027Object Repository/AdminPage/btn_Edit\u0027 is clicked on","startTime":1544782530286,"endTime":0,"childRecords":[],"interuppted":false}],"interuppted":false},{"index":35,"isIgnoredIfFailed":false,"type":"TEST_STEP","name":"verifyMatch","message":"Actual text \u0027Edit Member :: Powered by Subrion 4.2\u0027 and expected text \u0027Edit Member :: Powered by Subrion 4.2\u0027 are matched ","description":"VP: Brought to Edit Member page","startTime":1544782530287,"endTime":1544782530291,"childRecords":[{"testStatus":{"stackTrace":"","statusValue":"PASSED"},"type":"MESSAGE","name":"","message":"Current window\u0027s title is: \u0027Edit Member :: Powered by Subrion 4.2\u0027","startTime":1544782530291,"endTime":0,"childRecords":[],"interuppted":false},{"testStatus":{"stackTrace":"","statusValue":"PASSED"},"type":"MESSAGE","name":"","message":"Actual text \u0027Edit Member :: Powered by Subrion 4.2\u0027 and expected text \u0027Edit Member :: Powered by Subrion 4.2\u0027 are matched ","startTime":1544782530291,"endTime":0,"childRecords":[],"interuppted":false}],"interuppted":false},{"index":36,"isIgnoredIfFailed":false,"type":"TEST_STEP","name":"selectOptionByLabel","message":"All options with label \u0027Active\u0027 are selected in object \u0027Object Repository/EditMemberPage/ddl_Status\u0027 ","description":"Step 11: Select \"Active\" status","startTime":1544782530291,"endTime":1544782530551,"childRecords":[{"testStatus":{"stackTrace":"","statusValue":"PASSED"},"type":"MESSAGE","name":"","message":"All options with label \u0027Active\u0027 are selected in object \u0027Object Repository/EditMemberPage/ddl_Status\u0027 ","startTime":1544782530551,"endTime":0,"childRecords":[],"interuppted":false}],"interuppted":false},{"index":37,"isIgnoredIfFailed":false,"type":"TEST_STEP","name":"click","message":"Object: \u0027Object Repository/EditMemberPage/btn_Save\u0027 is clicked on","description":"Step 12: Click on \"Save\" button","startTime":1544782530552,"endTime":1544782531184,"childRecords":[{"testStatus":{"stackTrace":"","statusValue":"PASSED"},"type":"MESSAGE","name":"","message":"Object: \u0027Object Repository/EditMemberPage/btn_Save\u0027 is clicked on","startTime":1544782531183,"endTime":0,"childRecords":[],"interuppted":false}],"interuppted":false},{"index":38,"isIgnoredIfFailed":false,"type":"TEST_STEP","name":"waitForPageLoad","message":"Wait for page load successfully","description":"Brought to Members page","startTime":1544782531184,"endTime":1544782531208,"childRecords":[{"testStatus":{"stackTrace":"","statusValue":"PASSED"},"type":"MESSAGE","name":"","message":"Wait for page load successfully","startTime":1544782531208,"endTime":0,"childRecords":[],"interuppted":false}],"interuppted":false},{"index":39,"isIgnoredIfFailed":false,"type":"TEST_STEP","name":"delay","message":"Delayed 10 second(s)","description":"Step 13: Log out of the system","startTime":1544782531208,"endTime":1544782541209,"childRecords":[{"testStatus":{"stackTrace":"","statusValue":"PASSED"},"type":"MESSAGE","name":"","message":"Delayed 10 second(s)","startTime":1544782541208,"endTime":0,"childRecords":[],"interuppted":false}],"interuppted":false},{"index":40,"isIgnoredIfFailed":false,"type":"TEST_STEP","name":"click","message":"Object: \u0027Object Repository/MemberPage/btn_Logout\u0027 is clicked on","description":"","startTime":1544782541210,"endTime":1544782541739,"childRecords":[{"testStatus":{"stackTrace":"","statusValue":"PASSED"},"type":"MESSAGE","name":"","message":"Object: \u0027Object Repository/MemberPage/btn_Logout\u0027 is clicked on","startTime":1544782541738,"endTime":0,"childRecords":[],"interuppted":false}],"interuppted":false},{"index":41,"isIgnoredIfFailed":false,"type":"TEST_STEP","name":"click","message":"Object: \u0027Object Repository/AdminPage/btn_BackToHomePage\u0027 is clicked on","description":"Step 14: Navigate to Home Page","startTime":1544782541739,"endTime":1544782542242,"childRecords":[{"testStatus":{"stackTrace":"","statusValue":"PASSED"},"type":"MESSAGE","name":"","message":"Object: \u0027Object Repository/AdminPage/btn_BackToHomePage\u0027 is clicked on","startTime":1544782542242,"endTime":0,"childRecords":[],"interuppted":false}],"interuppted":false},{"index":42,"isIgnoredIfFailed":false,"type":"TEST_STEP","name":"click","message":"Object: \u0027Object Repository/HomePage/lnk_LogIn\u0027 is clicked on","description":"Step 15: Click on \"Log In\" menu","startTime":1544782542242,"endTime":1544782542926,"childRecords":[{"testStatus":{"stackTrace":"","statusValue":"PASSED"},"type":"MESSAGE","name":"","message":"Object: \u0027Object Repository/HomePage/lnk_LogIn\u0027 is clicked on","startTime":1544782542925,"endTime":0,"childRecords":[],"interuppted":false}],"interuppted":false},{"index":43,"isIgnoredIfFailed":false,"type":"TEST_STEP","name":"callTestCase","message":"Call Test Case \u0027Test Cases/CommonTestcase/LoginSystem\u0027 successfully","description":"Step 16: Log in with activated user","startTime":1544782542926,"endTime":1544782544149,"childRecords":[{"isOptional":false,"type":"TEST_CASE","name":"Test Cases/CommonTestcase/LoginSystem","id":"Test Cases/CommonTestcase/LoginSystem","source":"D:\\\\MyDocument\\\\Katalon\\\\KATALON\\\\KatalonTest\\\\Test Cases\\\\CommonTestcase\\\\LoginSystem.tc","message":"Test Cases/CommonTestcase/LoginSystem","description":"","startTime":1544782542984,"endTime":1544782544149,"childRecords":[{"testStatus":{"stackTrace":"","statusValue":"INFO"},"type":"MESSAGE","name":"","message":"Evaluating variables for test case","startTime":1544782542984,"endTime":0,"childRecords":[],"interuppted":false},{"index":1,"isIgnoredIfFailed":false,"type":"TEST_STEP","name":"setText","message":"Text \u0027154478249936\u0027 is set on object \u0027Object Repository/LoginPage/txt_Username\u0027","description":"Input username to \"username\" textbox","startTime":1544782542984,"endTime":1544782543071,"childRecords":[{"testStatus":{"stackTrace":"","statusValue":"PASSED"},"type":"MESSAGE","name":"","message":"Text \u0027154478249936\u0027 is set on object \u0027Object Repository/LoginPage/txt_Username\u0027","startTime":1544782543071,"endTime":0,"childRecords":[],"interuppted":false}],"interuppted":false},{"index":2,"isIgnoredIfFailed":false,"type":"TEST_STEP","name":"setEncryptedText","message":"Text ****** has been set on object \u0027Object Repository/LoginPage/txt_Password\u0027","description":"Input password to \"password\" textbox","startTime":1544782543071,"endTime":1544782543168,"childRecords":[{"testStatus":{"stackTrace":"","statusValue":"PASSED"},"type":"MESSAGE","name":"","message":"Text ****** has been set on object \u0027Object Repository/LoginPage/txt_Password\u0027","startTime":1544782543168,"endTime":0,"childRecords":[],"interuppted":false}],"interuppted":false},{"index":3,"isIgnoredIfFailed":false,"type":"TEST_STEP","name":"click","message":"Object: \u0027Object Repository/LoginPage/btn_Login\u0027 is clicked on","description":"Click Log in button","startTime":1544782543168,"endTime":1544782544149,"childRecords":[{"testStatus":{"stackTrace":"","statusValue":"PASSED"},"type":"MESSAGE","name":"","message":"Object: \u0027Object Repository/LoginPage/btn_Login\u0027 is clicked on","startTime":1544782544149,"endTime":0,"childRecords":[],"interuppted":false}],"interuppted":false},{"testStatus":{"stackTrace":"","statusValue":"PASSED"},"type":"MESSAGE","name":"","message":"Test Cases/CommonTestcase/LoginSystem","startTime":1544782544149,"endTime":0,"childRecords":[],"interuppted":false}],"interuppted":false},{"testStatus":{"stackTrace":"","statusValue":"PASSED"},"type":"MESSAGE","name":"","message":"Call Test Case \u0027Test Cases/CommonTestcase/LoginSystem\u0027 successfully","startTime":1544782544149,"endTime":0,"childRecords":[],"interuppted":false}],"interuppted":false},{"index":44,"isIgnoredIfFailed":false,"type":"TEST_STEP","name":"verifyMatch","message":"Actual text \u0027Home :: Powered by Subrion 4.2\u0027 and expected text \u0027Home :: Powered by Subrion 4.2\u0027 are matched ","description":"Brought to Home Page, username is displayed in the menu bar","startTime":1544782544150,"endTime":1544782544153,"childRecords":[{"testStatus":{"stackTrace":"","statusValue":"PASSED"},"type":"MESSAGE","name":"","message":"Current window\u0027s title is: \u0027Home :: Powered by Subrion 4.2\u0027","startTime":1544782544152,"endTime":0,"childRecords":[],"interuppted":false},{"testStatus":{"stackTrace":"","statusValue":"PASSED"},"type":"MESSAGE","name":"","message":"Actual text \u0027Home :: Powered by Subrion 4.2\u0027 and expected text \u0027Home :: Powered by Subrion 4.2\u0027 are matched ","startTime":1544782544153,"endTime":0,"childRecords":[],"interuppted":false}],"interuppted":false},{"index":45,"isIgnoredIfFailed":false,"type":"TEST_STEP","name":"verifyMatch","message":"Actual text \u0027154478249936_fullName\u0027 and expected text \u0027154478249936_fullName\u0027 are matched ","description":"","startTime":1544782544153,"endTime":1544782544183,"childRecords":[{"testStatus":{"stackTrace":"","statusValue":"PASSED"},"type":"MESSAGE","name":"","message":"Attribute \u0027title\u0027 of object \u0027Object Repository/HomePage/img_User\u0027 is: \u0027154478249936_fullName\u0027","startTime":1544782544183,"endTime":0,"childRecords":[],"interuppted":false},{"testStatus":{"stackTrace":"","statusValue":"PASSED"},"type":"MESSAGE","name":"","message":"Actual text \u0027154478249936_fullName\u0027 and expected text \u0027154478249936_fullName\u0027 are matched ","startTime":1544782544183,"endTime":0,"childRecords":[],"interuppted":false}],"interuppted":false},{"testStatus":{"stackTrace":"","statusValue":"PASSED"},"type":"MESSAGE","name":"","message":"Test Cases/TestCase/TC3_OnlyActiveMemberCanLoginToSystem","startTime":1544782544183,"endTime":0,"childRecords":[],"interuppted":false},{"index":-1,"isIgnoredIfFailed":false,"type":"TEST_STEP","name":"Start listener action : afterTestCase","message":"Browser is closed","description":"","startTime":1544782544183,"endTime":1544782546182,"childRecords":[{"index":1,"isIgnoredIfFailed":false,"type":"TEST_STEP","name":"Statement - println(testCaseContext.getTestCaseId())","description":"","startTime":1544782544183,"endTime":1544782544183,"childRecords":[],"interuppted":false},{"index":2,"isIgnoredIfFailed":false,"type":"TEST_STEP","name":"Statement - println(testCaseContext.getTestCaseStatus())","description":"","startTime":1544782544183,"endTime":1544782544183,"childRecords":[],"interuppted":false},{"index":3,"isIgnoredIfFailed":false,"type":"TEST_STEP","name":"closeBrowser","message":"Browser is closed","description":"","startTime":1544782544183,"endTime":1544782546182,"childRecords":[{"testStatus":{"stackTrace":"","statusValue":"PASSED"},"type":"MESSAGE","name":"","message":"Browser is closed","startTime":1544782546182,"endTime":0,"childRecords":[],"interuppted":false}],"interuppted":false}],"interuppted":false}],"interuppted":false},{"isOptional":false,"type":"TEST_CASE","name":"Test Cases/TestCase/TC1_RegisterMember","id":"Test Cases/TestCase/TC1_RegisterMember","source":"D:\\\\MyDocument\\\\Katalon\\\\KATALON\\\\KatalonTest\\\\Test Cases\\\\TestCase\\\\TC1_RegisterMember.tc","message":"Test Cases/TestCase/TC1_RegisterMember","description":"","startTime":1544782546184,"endTime":1544782617383,"childRecords":[{"testStatus":{"stackTrace":"","statusValue":"INFO"},"type":"MESSAGE","name":"","message":"Evaluating variables for test case","startTime":1544782546185,"endTime":0,"childRecords":[],"interuppted":false},{"index":-1,"isIgnoredIfFailed":false,"type":"TEST_STEP","name":"Start listener action : beforeTestCase","message":"Variable \u0027ShortTimeout\u0027 is not defined for test case.","description":"","startTime":1544782546185,"endTime":1544782585098,"childRecords":[{"index":1,"isIgnoredIfFailed":false,"type":"TEST_STEP","name":"Statement - println(testCaseContext.getTestCaseId())","description":"","startTime":1544782546185,"endTime":1544782546185,"childRecords":[],"interuppted":false},{"index":2,"isIgnoredIfFailed":false,"type":"TEST_STEP","name":"Statement - println(testCaseContext.getTestCaseVariables())","description":"","startTime":1544782546185,"endTime":1544782546185,"childRecords":[],"interuppted":false},{"index":3,"isIgnoredIfFailed":false,"type":"TEST_STEP","name":"openBrowser","message":"Browser is opened with url: \u0027http://13.250.134.32/subrion/\u0027","description":"","startTime":1544782546185,"endTime":1544782585061,"childRecords":[{"testStatus":{"stackTrace":"","statusValue":"PASSED"},"type":"MESSAGE","name":"","message":"Browser is opened with url: \u0027http://13.250.134.32/subrion/\u0027","startTime":1544782585061,"endTime":0,"childRecords":[],"interuppted":false}],"interuppted":false},{"index":4,"isIgnoredIfFailed":false,"type":"TEST_STEP","name":"maximizeWindow","message":"Current window maximized","description":"","startTime":1544782585061,"endTime":1544782585098,"childRecords":[{"testStatus":{"stackTrace":"","statusValue":"PASSED"},"type":"MESSAGE","name":"","message":"Current window maximized","startTime":1544782585097,"endTime":0,"childRecords":[],"interuppted":false}],"interuppted":false},{"index":5,"isIgnoredIfFailed":false,"type":"TEST_STEP","name":"waitForPageLoad","message":"Variable \u0027ShortTimeout\u0027 is not defined for test case.","description":"","startTime":1544782585098,"endTime":1544782585098,"childRecords":[{"testStatus":{"stackTrace":"","statusValue":"ERROR"},"type":"MESSAGE","name":"","message":"Variable \u0027ShortTimeout\u0027 is not defined for test case.","startTime":1544782585098,"endTime":0,"childRecords":[],"interuppted":false}],"interuppted":false}],"interuppted":false},{"index":1,"isIgnoredIfFailed":false,"type":"TEST_STEP","name":"Statement - userName \u003d CustomKeywords.com.kms.cms.MyKeyword.getRandomUser()","message":"com.kms.cms.MyKeyword.getRandomUser is PASSED","description":"PREPARE DATA","startTime":1544782585203,"endTime":1544782585204,"childRecords":[{"testStatus":{"stackTrace":"","statusValue":"PASSED"},"type":"MESSAGE","name":"","message":"com.kms.cms.MyKeyword.getRandomUser is PASSED","startTime":1544782585203,"endTime":0,"childRecords":[],"interuppted":false}],"interuppted":false},{"index":2,"isIgnoredIfFailed":false,"type":"TEST_STEP","name":"Statement - fullName \u003d userName + \"_fullName\"","description":"","startTime":1544782585204,"endTime":1544782585204,"childRecords":[],"interuppted":false},{"index":3,"isIgnoredIfFailed":false,"type":"TEST_STEP","name":"Statement - email \u003d userName + \"@gmail.com\"","description":"","startTime":1544782585204,"endTime":1544782585205,"childRecords":[],"interuppted":false},{"index":4,"isIgnoredIfFailed":false,"type":"TEST_STEP","name":"Statement - passWord \u003d \"BiNouLunM3UiJsgMQbjdfQ\u003d\u003d\"","description":"","startTime":1544782585205,"endTime":1544782585205,"childRecords":[],"interuppted":false},{"index":5,"isIgnoredIfFailed":false,"type":"TEST_STEP","name":"Statement - confirmPass \u003d passWord","description":"","startTime":1544782585205,"endTime":1544782585205,"childRecords":[],"interuppted":false},{"index":6,"isIgnoredIfFailed":false,"type":"TEST_STEP","name":"Comment - \"Step 1: Navigate to CMS Home page\"","description":"","startTime":1544782585206,"endTime":1544782585206,"childRecords":[],"interuppted":false},{"index":7,"isIgnoredIfFailed":false,"type":"TEST_STEP","name":"verifyMatch","message":"Actual text \u0027Home :: Powered by Subrion 4.2\u0027 and expected text \u0027Home :: Powered by Subrion 4.2\u0027 are matched ","description":"VP: Brought to Home page","startTime":1544782585207,"endTime":1544782585212,"childRecords":[{"testStatus":{"stackTrace":"","statusValue":"PASSED"},"type":"MESSAGE","name":"","message":"Current window\u0027s title is: \u0027Home :: Powered by Subrion 4.2\u0027","startTime":1544782585211,"endTime":0,"childRecords":[],"interuppted":false},{"testStatus":{"stackTrace":"","statusValue":"PASSED"},"type":"MESSAGE","name":"","message":"Actual text \u0027Home :: Powered by Subrion 4.2\u0027 and expected text \u0027Home :: Powered by Subrion 4.2\u0027 are matched ","startTime":1544782585212,"endTime":0,"childRecords":[],"interuppted":false}],"interuppted":false},{"index":8,"isIgnoredIfFailed":false,"type":"TEST_STEP","name":"click","message":"Object: \u0027Object Repository/HomePage/lnk_SignUp\u0027 is clicked on","description":"Step 2: Click on \"Sign Up\" link in Main Menu","startTime":1544782585212,"endTime":1544782585794,"childRecords":[{"testStatus":{"stackTrace":"","statusValue":"PASSED"},"type":"MESSAGE","name":"","message":"Object: \u0027Object Repository/HomePage/lnk_SignUp\u0027 is clicked on","startTime":1544782585794,"endTime":0,"childRecords":[],"interuppted":false}],"interuppted":false},{"index":9,"isIgnoredIfFailed":false,"type":"TEST_STEP","name":"callTestCase","message":"Call Test Case \u0027Test Cases/CommonTestcase/CreateNewUser\u0027 successfully","description":"Step 3: Register a Member ","startTime":1544782585794,"endTime":1544782587320,"childRecords":[{"isOptional":false,"type":"TEST_CASE","name":"Test Cases/CommonTestcase/CreateNewUser","id":"Test Cases/CommonTestcase/CreateNewUser","source":"D:\\\\MyDocument\\\\Katalon\\\\KATALON\\\\KatalonTest\\\\Test Cases\\\\CommonTestcase\\\\CreateNewUser.tc","message":"Test Cases/CommonTestcase/CreateNewUser","description":"","startTime":1544782585849,"endTime":1544782587319,"childRecords":[{"testStatus":{"stackTrace":"","statusValue":"INFO"},"type":"MESSAGE","name":"","message":"Evaluating variables for test case","startTime":1544782585853,"endTime":0,"childRecords":[],"interuppted":false},{"index":1,"isIgnoredIfFailed":false,"type":"TEST_STEP","name":"setText","message":"Text \u0027154478258520\u0027 is set on object \u0027Object Repository/RegisterPage/txt_Username\u0027","description":"Step 1: Input value into \"Username\" field","startTime":1544782585855,"endTime":1544782585911,"childRecords":[{"testStatus":{"stackTrace":"","statusValue":"PASSED"},"type":"MESSAGE","name":"","message":"Text \u0027154478258520\u0027 is set on object \u0027Object Repository/RegisterPage/txt_Username\u0027","startTime":1544782585911,"endTime":0,"childRecords":[],"interuppted":false}],"interuppted":false},{"index":2,"isIgnoredIfFailed":false,"type":"TEST_STEP","name":"setText","message":"Text \u0027154478258520_fullName\u0027 is set on object \u0027Object Repository/RegisterPage/txt_Fullname\u0027","description":"Step 2: Input value into \"Full Name\" field","startTime":1544782585911,"endTime":1544782585972,"childRecords":[{"testStatus":{"stackTrace":"","statusValue":"PASSED"},"type":"MESSAGE","name":"","message":"Text \u0027154478258520_fullName\u0027 is set on object \u0027Object Repository/RegisterPage/txt_Fullname\u0027","startTime":1544782585972,"endTime":0,"childRecords":[],"interuppted":false}],"interuppted":false},{"index":3,"isIgnoredIfFailed":false,"type":"TEST_STEP","name":"setText","message":"Text \u0027154478258520@gmail.com\u0027 is set on object \u0027Object Repository/RegisterPage/txt_Email\u0027","description":"Step 3: Input value into \"Email\" field","startTime":1544782585972,"endTime":1544782586017,"childRecords":[{"testStatus":{"stackTrace":"","statusValue":"PASSED"},"type":"MESSAGE","name":"","message":"Text \u0027154478258520@gmail.com\u0027 is set on object \u0027Object Repository/RegisterPage/txt_Email\u0027","startTime":1544782586017,"endTime":0,"childRecords":[],"interuppted":false}],"interuppted":false},{"index":4,"isIgnoredIfFailed":false,"type":"TEST_STEP","name":"selectOptionByLabel","message":"All options with label \u0027Male\u0027 are selected in object \u0027Object Repository/RegisterPage/ddl_Gender\u0027 ","description":"Step 4: Select value into \"Gender\" field","startTime":1544782586017,"endTime":1544782586266,"childRecords":[{"testStatus":{"stackTrace":"","statusValue":"PASSED"},"type":"MESSAGE","name":"","message":"All options with label \u0027Male\u0027 are selected in object \u0027Object Repository/RegisterPage/ddl_Gender\u0027 ","startTime":1544782586266,"endTime":0,"childRecords":[],"interuppted":false}],"interuppted":false},{"index":5,"isIgnoredIfFailed":false,"type":"TEST_STEP","name":"setEncryptedText","message":"Text ****** has been set on object \u0027Object Repository/RegisterPage/txt_Pass\u0027","description":"Step 5: Input value into \"Your password\" field","startTime":1544782586267,"endTime":1544782586294,"childRecords":[{"testStatus":{"stackTrace":"","statusValue":"PASSED"},"type":"MESSAGE","name":"","message":"Text ****** has been set on object \u0027Object Repository/RegisterPage/txt_Pass\u0027","startTime":1544782586294,"endTime":0,"childRecords":[],"interuppted":false}],"interuppted":false},{"index":6,"isIgnoredIfFailed":false,"type":"TEST_STEP","name":"setEncryptedText","message":"Text ****** has been set on object \u0027Object Repository/RegisterPage/txt_Confirmpass\u0027","description":"Step 6: Input value into \"Confirm your password:\" field","startTime":1544782586295,"endTime":1544782586324,"childRecords":[{"testStatus":{"stackTrace":"","statusValue":"PASSED"},"type":"MESSAGE","name":"","message":"Text ****** has been set on object \u0027Object Repository/RegisterPage/txt_Confirmpass\u0027","startTime":1544782586324,"endTime":0,"childRecords":[],"interuppted":false}],"interuppted":false},{"index":7,"isIgnoredIfFailed":false,"type":"TEST_STEP","name":"click","message":"Object: \u0027Object Repository/RegisterPage/btn_Registration\u0027 is clicked on","description":"Step 7: Click on \"Registration\" button ","startTime":1544782586324,"endTime":1544782587319,"childRecords":[{"testStatus":{"stackTrace":"","statusValue":"PASSED"},"type":"MESSAGE","name":"","message":"Object: \u0027Object Repository/RegisterPage/btn_Registration\u0027 is clicked on","startTime":1544782587319,"endTime":0,"childRecords":[],"interuppted":false}],"interuppted":false},{"testStatus":{"stackTrace":"","statusValue":"PASSED"},"type":"MESSAGE","name":"","message":"Test Cases/CommonTestcase/CreateNewUser","startTime":1544782587319,"endTime":0,"childRecords":[],"interuppted":false}],"interuppted":false},{"testStatus":{"stackTrace":"","statusValue":"PASSED"},"type":"MESSAGE","name":"","message":"Call Test Case \u0027Test Cases/CommonTestcase/CreateNewUser\u0027 successfully","startTime":1544782587320,"endTime":0,"childRecords":[],"interuppted":false}],"interuppted":false},{"index":10,"isIgnoredIfFailed":false,"type":"TEST_STEP","name":"verifyMatch","message":"Actual text \u0027Registration :: Powered by Subrion 4.2\u0027 and expected text \u0027Registration :: Powered by Subrion 4.2\u0027 are matched ","description":"VP: Brought to Registration page","startTime":1544782587320,"endTime":1544782587326,"childRecords":[{"testStatus":{"stackTrace":"","statusValue":"PASSED"},"type":"MESSAGE","name":"","message":"Current window\u0027s title is: \u0027Registration :: Powered by Subrion 4.2\u0027","startTime":1544782587326,"endTime":0,"childRecords":[],"interuppted":false},{"testStatus":{"stackTrace":"","statusValue":"PASSED"},"type":"MESSAGE","name":"","message":"Actual text \u0027Registration :: Powered by Subrion 4.2\u0027 and expected text \u0027Registration :: Powered by Subrion 4.2\u0027 are matched ","startTime":1544782587326,"endTime":0,"childRecords":[],"interuppted":false}],"interuppted":false},{"index":11,"isIgnoredIfFailed":false,"type":"TEST_STEP","name":"verifyTextPresent","message":"Text \u0027Member registered! Thank you!\u0027 is present on page ","description":"Step 4: Verify the successful message \"Member registered! Thank you!\" is displayed correctly","startTime":1544782587326,"endTime":1544782587422,"childRecords":[{"testStatus":{"stackTrace":"","statusValue":"PASSED"},"type":"MESSAGE","name":"","message":"Text \u0027Member registered! Thank you!\u0027 is present on page ","startTime":1544782587422,"endTime":0,"childRecords":[],"interuppted":false}],"interuppted":false},{"index":12,"isIgnoredIfFailed":false,"type":"TEST_STEP","name":"verifyTextPresent","message":"Text \u0027154478258520@gmail.com\u0027 is present on page ","description":"Step 5: Verify the registration email is displayed in the information message","startTime":1544782587422,"endTime":1544782587502,"childRecords":[{"testStatus":{"stackTrace":"","statusValue":"PASSED"},"type":"MESSAGE","name":"","message":"Text \u0027154478258520@gmail.com\u0027 is present on page ","startTime":1544782587502,"endTime":0,"childRecords":[],"interuppted":false}],"interuppted":false},{"index":13,"isIgnoredIfFailed":false,"type":"TEST_STEP","name":"callTestCase","message":"Call Test Case \u0027Test Cases/CommonTestcase/DeleteUser\u0027 successfully","description":"CLEAN UP","startTime":1544782587502,"endTime":1544782615560,"childRecords":[{"isOptional":true,"type":"TEST_CASE","name":"Test Cases/CommonTestcase/DeleteUser","id":"Test Cases/CommonTestcase/DeleteUser","source":"D:\\\\MyDocument\\\\Katalon\\\\KATALON\\\\KatalonTest\\\\Test Cases\\\\CommonTestcase\\\\DeleteUser.tc","message":"Test Cases/CommonTestcase/DeleteUser","description":"","startTime":1544782587556,"endTime":1544782615560,"childRecords":[{"testStatus":{"stackTrace":"","statusValue":"INFO"},"type":"MESSAGE","name":"","message":"Evaluating variables for test case","startTime":1544782587560,"endTime":0,"childRecords":[],"interuppted":false},{"index":1,"isIgnoredIfFailed":false,"type":"TEST_STEP","name":"navigateToUrl","message":"Navigate to \u0027http://13.250.134.32/subrion/panel/\u0027 successfully","description":"Step 1: Navigate to Admin page","startTime":1544782587635,"endTime":1544782588035,"childRecords":[{"testStatus":{"stackTrace":"","statusValue":"PASSED"},"type":"MESSAGE","name":"","message":"Navigate to \u0027http://13.250.134.32/subrion/panel/\u0027 successfully","startTime":1544782588034,"endTime":0,"childRecords":[],"interuppted":false}],"interuppted":false},{"index":2,"isIgnoredIfFailed":false,"type":"TEST_STEP","name":"maximizeWindow","message":"Current window maximized","description":"","startTime":1544782588035,"endTime":1544782591549,"childRecords":[{"testStatus":{"stackTrace":"","statusValue":"PASSED"},"type":"MESSAGE","name":"","message":"Current window maximized","startTime":1544782591548,"endTime":0,"childRecords":[],"interuppted":false}],"interuppted":false},{"index":3,"isIgnoredIfFailed":false,"type":"TEST_STEP","name":"callTestCase","message":"Call Test Case \u0027Test Cases/CommonTestcase/LogintoAdminPage\u0027 successfully","description":"Step 2: Login Admin page","startTime":1544782591549,"endTime":1544782592706,"childRecords":[{"isOptional":true,"type":"TEST_CASE","name":"Test Cases/CommonTestcase/LogintoAdminPage","id":"Test Cases/CommonTestcase/LogintoAdminPage","source":"D:\\\\MyDocument\\\\Katalon\\\\KATALON\\\\KatalonTest\\\\Test Cases\\\\CommonTestcase\\\\LogintoAdminPage.tc","message":"Test Cases/CommonTestcase/LogintoAdminPage","description":"","startTime":1544782591605,"endTime":1544782592706,"childRecords":[{"testStatus":{"stackTrace":"","statusValue":"INFO"},"type":"MESSAGE","name":"","message":"Evaluating variables for test case","startTime":1544782591609,"endTime":0,"childRecords":[],"interuppted":false},{"index":1,"isIgnoredIfFailed":false,"type":"TEST_STEP","name":"setText","message":"Text \u0027admin\u0027 is set on object \u0027Object Repository/SubrionAdminPane/txt_userName\u0027","description":"Input username to username textbox","startTime":1544782591698,"endTime":1544782591731,"childRecords":[{"testStatus":{"stackTrace":"","statusValue":"PASSED"},"type":"MESSAGE","name":"","message":"Text \u0027admin\u0027 is set on object \u0027Object Repository/SubrionAdminPane/txt_userName\u0027","startTime":1544782591730,"endTime":0,"childRecords":[],"interuppted":false}],"interuppted":false},{"index":2,"isIgnoredIfFailed":false,"type":"TEST_STEP","name":"setEncryptedText","message":"Text ****** has been set on object \u0027Object Repository/SubrionAdminPane/txt_Password\u0027","description":"Input password to password textbox","startTime":1544782591731,"endTime":1544782591765,"childRecords":[{"testStatus":{"stackTrace":"","statusValue":"PASSED"},"type":"MESSAGE","name":"","message":"Text ****** has been set on object \u0027Object Repository/SubrionAdminPane/txt_Password\u0027","startTime":1544782591765,"endTime":0,"childRecords":[],"interuppted":false}],"interuppted":false},{"index":3,"isIgnoredIfFailed":false,"type":"TEST_STEP","name":"click","message":"Object: \u0027Object Repository/SubrionAdminPane/btn_Login\u0027 is clicked on","description":"Click Log in button","startTime":1544782591765,"endTime":1544782592705,"childRecords":[{"testStatus":{"stackTrace":"","statusValue":"PASSED"},"type":"MESSAGE","name":"","message":"Object: \u0027Object Repository/SubrionAdminPane/btn_Login\u0027 is clicked on","startTime":1544782592705,"endTime":0,"childRecords":[],"interuppted":false}],"interuppted":false},{"testStatus":{"stackTrace":"","statusValue":"PASSED"},"type":"MESSAGE","name":"","message":"Test Cases/CommonTestcase/LogintoAdminPage","startTime":1544782592705,"endTime":0,"childRecords":[],"interuppted":false}],"interuppted":false},{"testStatus":{"stackTrace":"","statusValue":"PASSED"},"type":"MESSAGE","name":"","message":"Call Test Case \u0027Test Cases/CommonTestcase/LogintoAdminPage\u0027 successfully","startTime":1544782592706,"endTime":0,"childRecords":[],"interuppted":false}],"interuppted":false},{"index":4,"isIgnoredIfFailed":false,"type":"TEST_STEP","name":"waitForPageLoad","message":"Wait for page load successfully","description":"Verify Admin page available","startTime":1544782592706,"endTime":1544782592729,"childRecords":[{"testStatus":{"stackTrace":"","statusValue":"PASSED"},"type":"MESSAGE","name":"","message":"Wait for page load successfully","startTime":1544782592729,"endTime":0,"childRecords":[],"interuppted":false}],"interuppted":false},{"index":5,"isIgnoredIfFailed":false,"type":"TEST_STEP","name":"delay","message":"Delayed 10 second(s)","description":"Step 3: Click on \"Member\" menu of main menu","startTime":1544782592729,"endTime":1544782602729,"childRecords":[{"testStatus":{"stackTrace":"","statusValue":"PASSED"},"type":"MESSAGE","name":"","message":"Delayed 10 second(s)","startTime":1544782602729,"endTime":0,"childRecords":[],"interuppted":false}],"interuppted":false},{"index":6,"isIgnoredIfFailed":false,"type":"TEST_STEP","name":"waitForElementClickable","message":"Object \u0027Object Repository/AdminPage/lnk_Members\u0027 is clickable","description":"","startTime":1544782602729,"endTime":1544782602761,"childRecords":[{"testStatus":{"stackTrace":"","statusValue":"PASSED"},"type":"MESSAGE","name":"","message":"Object \u0027Object Repository/AdminPage/lnk_Members\u0027 is clickable","startTime":1544782602761,"endTime":0,"childRecords":[],"interuppted":false}],"interuppted":false},{"index":7,"isIgnoredIfFailed":false,"type":"TEST_STEP","name":"click","message":"Object: \u0027Object Repository/AdminPage/lnk_Members\u0027 is clicked on","description":"","startTime":1544782602761,"endTime":1544782603041,"childRecords":[{"testStatus":{"stackTrace":"","statusValue":"PASSED"},"type":"MESSAGE","name":"","message":"Object: \u0027Object Repository/AdminPage/lnk_Members\u0027 is clicked on","startTime":1544782603041,"endTime":0,"childRecords":[],"interuppted":false}],"interuppted":false},{"index":8,"isIgnoredIfFailed":false,"type":"TEST_STEP","name":"click","message":"Object: \u0027Object Repository/AdminPage/lnk_subMember\u0027 is clicked on","description":"Step 4: Click on \" Member\" menu on Sub menu","startTime":1544782603041,"endTime":1544782603534,"childRecords":[{"testStatus":{"stackTrace":"","statusValue":"PASSED"},"type":"MESSAGE","name":"","message":"Object: \u0027Object Repository/AdminPage/lnk_subMember\u0027 is clicked on","startTime":1544782603533,"endTime":0,"childRecords":[],"interuppted":false}],"interuppted":false},{"index":9,"isIgnoredIfFailed":false,"type":"TEST_STEP","name":"waitForElementVisible","message":"Object \u0027Object Repository/MemberPage/txt_Search\u0027 is visible","description":"Step 5: Click on \"Delete\" icon of created member","startTime":1544782603534,"endTime":1544782604155,"childRecords":[{"testStatus":{"stackTrace":"","statusValue":"PASSED"},"type":"MESSAGE","name":"","message":"Object \u0027Object Repository/MemberPage/txt_Search\u0027 is visible","startTime":1544782604155,"endTime":0,"childRecords":[],"interuppted":false}],"interuppted":false},{"index":10,"isIgnoredIfFailed":false,"type":"TEST_STEP","name":"setText","message":"Text \u0027154478258520\u0027 is set on object \u0027Object Repository/MemberPage/txt_Search\u0027","description":"","startTime":1544782604156,"endTime":1544782604282,"childRecords":[{"testStatus":{"stackTrace":"","statusValue":"PASSED"},"type":"MESSAGE","name":"","message":"Text \u0027154478258520\u0027 is set on object \u0027Object Repository/MemberPage/txt_Search\u0027","startTime":1544782604282,"endTime":0,"childRecords":[],"interuppted":false}],"interuppted":false},{"index":11,"isIgnoredIfFailed":false,"type":"TEST_STEP","name":"click","message":"Object: \u0027Object Repository/MemberPage/btn_Search\u0027 is clicked on","description":"","startTime":1544782604282,"endTime":1544782604643,"childRecords":[{"testStatus":{"stackTrace":"","statusValue":"PASSED"},"type":"MESSAGE","name":"","message":"Object: \u0027Object Repository/MemberPage/btn_Search\u0027 is clicked on","startTime":1544782604642,"endTime":0,"childRecords":[],"interuppted":false}],"interuppted":false},{"index":12,"isIgnoredIfFailed":false,"type":"TEST_STEP","name":"delay","message":"Delayed 10 second(s)","description":"","startTime":1544782604643,"endTime":1544782614644,"childRecords":[{"testStatus":{"stackTrace":"","statusValue":"PASSED"},"type":"MESSAGE","name":"","message":"Delayed 10 second(s)","startTime":1544782614644,"endTime":0,"childRecords":[],"interuppted":false}],"interuppted":false},{"index":13,"isIgnoredIfFailed":false,"type":"TEST_STEP","name":"click","message":"Object: \u0027Object Repository/MemberPage/chk_user\u0027 is clicked on","description":"","startTime":1544782614644,"endTime":1544782614952,"childRecords":[{"testStatus":{"stackTrace":"","statusValue":"PASSED"},"type":"MESSAGE","name":"","message":"Object: \u0027Object Repository/MemberPage/chk_user\u0027 is clicked on","startTime":1544782614951,"endTime":0,"childRecords":[],"interuppted":false}],"interuppted":false},{"index":14,"isIgnoredIfFailed":false,"type":"TEST_STEP","name":"click","message":"Object: \u0027Object Repository/MemberPage/btn_Remove\u0027 is clicked on","description":"","startTime":1544782614952,"endTime":1544782615285,"childRecords":[{"testStatus":{"stackTrace":"","statusValue":"PASSED"},"type":"MESSAGE","name":"","message":"Object: \u0027Object Repository/MemberPage/btn_Remove\u0027 is clicked on","startTime":1544782615284,"endTime":0,"childRecords":[],"interuppted":false}],"interuppted":false},{"index":15,"isIgnoredIfFailed":false,"type":"TEST_STEP","name":"click","message":"Object: \u0027Object Repository/MemberPage/btn_YesConfirm\u0027 is clicked on","description":"Step 6: Select Yes to delete the user","startTime":1544782615285,"endTime":1544782615560,"childRecords":[{"testStatus":{"stackTrace":"","statusValue":"PASSED"},"type":"MESSAGE","name":"","message":"Object: \u0027Object Repository/MemberPage/btn_YesConfirm\u0027 is clicked on","startTime":1544782615559,"endTime":0,"childRecords":[],"interuppted":false}],"interuppted":false},{"testStatus":{"stackTrace":"","statusValue":"PASSED"},"type":"MESSAGE","name":"","message":"Test Cases/CommonTestcase/DeleteUser","startTime":1544782615560,"endTime":0,"childRecords":[],"interuppted":false}],"interuppted":false},{"testStatus":{"stackTrace":"","statusValue":"PASSED"},"type":"MESSAGE","name":"","message":"Call Test Case \u0027Test Cases/CommonTestcase/DeleteUser\u0027 successfully","startTime":1544782615560,"endTime":0,"childRecords":[],"interuppted":false}],"interuppted":false},{"testStatus":{"stackTrace":"","statusValue":"PASSED"},"type":"MESSAGE","name":"","message":"Test Cases/TestCase/TC1_RegisterMember","startTime":1544782615560,"endTime":0,"childRecords":[],"interuppted":false},{"index":-1,"isIgnoredIfFailed":false,"type":"TEST_STEP","name":"Start listener action : afterTestCase","message":"Browser is closed","description":"","startTime":1544782615560,"endTime":1544782617383,"childRecords":[{"index":1,"isIgnoredIfFailed":false,"type":"TEST_STEP","name":"Statement - println(testCaseContext.getTestCaseId())","description":"","startTime":1544782615560,"endTime":1544782615560,"childRecords":[],"interuppted":false},{"index":2,"isIgnoredIfFailed":false,"type":"TEST_STEP","name":"Statement - println(testCaseContext.getTestCaseStatus())","description":"","startTime":1544782615560,"endTime":1544782615560,"childRecords":[],"interuppted":false},{"index":3,"isIgnoredIfFailed":false,"type":"TEST_STEP","name":"closeBrowser","message":"Browser is closed","description":"","startTime":1544782615561,"endTime":1544782617383,"childRecords":[{"testStatus":{"stackTrace":"","statusValue":"PASSED"},"type":"MESSAGE","name":"","message":"Browser is closed","startTime":1544782617383,"endTime":0,"childRecords":[],"interuppted":false}],"interuppted":false}],"interuppted":false}],"interuppted":false}],"interuppted":false}