Suite/Test/Step Name,Browser,Description,Start time,End time,Duration,Status
TestSuites_1,Firefox 63.0,,2018-12-14 17:02:39,2018-12-14 17:05:54,3m - 14.474s,PASSED
,,,,,,
Test Cases/TestCase/TC2_AddBlogEntry,Firefox 63.0,,2018-12-14 17:02:40,2018-12-14 17:03:28,47.979s,PASSED
Start listener action : beforeTestCase,Firefox 63.0,,2018-12-14 17:02:40,2018-12-14 17:03:12,32.526s,ERROR
"Statement - header = ""["" + CustomKeywords.com.kms.cms.MyKeyword.getCurrentDateTime() + ""]"" + "" U23 Vietnam won U23 Irag""",Firefox 63.0,PREPARE,2018-12-14 17:03:12,2018-12-14 17:03:12,0.017s,PASSED
"Statement - body = ""U23 Vietnam went to the final match with U23 Uzbekistan""",Firefox 63.0,,2018-12-14 17:03:12,2018-12-14 17:03:12,0.001s,PASSED
"Statement - tag = ""football""",Firefox 63.0,,2018-12-14 17:03:12,2018-12-14 17:03:12,0.000s,PASSED
"Statement - blogEntryTitle = header + "" :: Powered by Subrion 4.2""",Firefox 63.0,,2018-12-14 17:03:12,2018-12-14 17:03:12,0.000s,PASSED
"Comment - ""Step 1: Log in to System""",Firefox 63.0,,2018-12-14 17:03:12,2018-12-14 17:03:12,0.000s,PASSED
click,Firefox 63.0,VP: Login to the System,2018-12-14 17:03:12,2018-12-14 17:03:13,0.898s,PASSED
callTestCase,Firefox 63.0,,2018-12-14 17:03:13,2018-12-14 17:03:15,1.302s,PASSED
click,Firefox 63.0,"Step 2: Click on ""Blog"" menu",2018-12-14 17:03:15,2018-12-14 17:03:16,1.129s,PASSED
callTestCase,Firefox 63.0,Step 3: Add blog,2018-12-14 17:03:16,2018-12-14 17:03:25,9.661s,PASSED
verifyMatch,Firefox 63.0,"VP: Brought to ""Blog Entry"" page",2018-12-14 17:03:25,2018-12-14 17:03:25,0.022s,PASSED
"Comment - ""Step 4: Verify the ""Blog Entry"" page""",Firefox 63.0,,2018-12-14 17:03:25,2018-12-14 17:03:25,0.000s,PASSED
verifyMatch,Firefox 63.0,"VP: Verify the title, the content, the tags are displayed correctly",2018-12-14 17:03:25,2018-12-14 17:03:26,0.040s,PASSED
verifyMatch,Firefox 63.0,,2018-12-14 17:03:26,2018-12-14 17:03:26,0.015s,PASSED
verifyMatch,Firefox 63.0,,2018-12-14 17:03:26,2018-12-14 17:03:26,0.017s,PASSED
Start listener action : afterTestCase,Firefox 63.0,,2018-12-14 17:03:26,2018-12-14 17:03:28,2.194s,PASSED
,,,,,,
Test Cases/TestCase/TC3_OnlyActiveMemberCanLoginToSystem,Firefox 63.0,,2018-12-14 17:03:28,2018-12-14 17:04:47,1m - 19.595s,PASSED
Start listener action : beforeTestCase,Firefox 63.0,,2018-12-14 17:03:28,2018-12-14 17:03:58,29.839s,ERROR
Statement - userName = CustomKeywords.com.kms.cms.MyKeyword.getRandomUser(),Firefox 63.0,PREPARE DATA,2018-12-14 17:03:58,2018-12-14 17:03:58,0.011s,PASSED
"Statement - fullName = userName + ""_fullName""",Firefox 63.0,,2018-12-14 17:03:58,2018-12-14 17:03:58,0.000s,PASSED
"Statement - email = userName + ""@gmail.com""",Firefox 63.0,,2018-12-14 17:03:58,2018-12-14 17:03:58,0.001s,PASSED
"Statement - passWord = ""BiNouLunM3UiJsgMQbjdfQ==""",Firefox 63.0,,2018-12-14 17:03:58,2018-12-14 17:03:58,0.000s,PASSED
Statement - confirmPass = passWord,Firefox 63.0,,2018-12-14 17:03:58,2018-12-14 17:03:58,0.000s,PASSED
"Statement - invalidLogin = ""Either login or password is invalid.""",Firefox 63.0,,2018-12-14 17:03:58,2018-12-14 17:03:58,0.001s,PASSED
"Statement - status = ""Active""",Firefox 63.0,,2018-12-14 17:03:58,2018-12-14 17:03:58,0.000s,PASSED
Statement - currentTab = com.kms.katalon.core.webui.keyword.WebUiBuiltInKeywords.getWindowIndex(),Firefox 63.0,,2018-12-14 17:03:58,2018-12-14 17:03:58,0.034s,PASSED
"Comment - ""Step 1: Navigate to CMS Home page""",Firefox 63.0,,2018-12-14 17:03:58,2018-12-14 17:03:58,0.001s,PASSED
verifyMatch,Firefox 63.0,VP: Brought to Home page,2018-12-14 17:03:58,2018-12-14 17:03:58,0.007s,PASSED
click,Firefox 63.0,Step 2: Follow steps in TC#1 to create a new user,2018-12-14 17:03:58,2018-12-14 17:03:59,0.899s,PASSED
callTestCase,Firefox 63.0,,2018-12-14 17:03:59,2018-12-14 17:04:00,1.492s,PASSED
click,Firefox 63.0,"Step 3: Click on ""Log In"" menu",2018-12-14 17:04:00,2018-12-14 17:04:01,0.609s,PASSED
verifyMatch,Firefox 63.0,VP: Brought to Login page,2018-12-14 17:04:01,2018-12-14 17:04:01,0.004s,PASSED
callTestCase,Firefox 63.0,Step 4: Log in with newly created user,2018-12-14 17:04:01,2018-12-14 17:04:02,0.819s,PASSED
verifyMatch,Firefox 63.0,VP:User is still in Log In page,2018-12-14 17:04:02,2018-12-14 17:04:02,0.004s,PASSED
verifyTextPresent,Firefox 63.0,Step 5: Verify error message is displayed: “Either login or password is invalid.”  ,2018-12-14 17:04:02,2018-12-14 17:04:02,0.127s,PASSED
"Comment - ""Step 6: Login Admin page""",Firefox 63.0,,2018-12-14 17:04:02,2018-12-14 17:04:02,0.000s,PASSED
clearText,Firefox 63.0,VP: Clear data in User textbox,2018-12-14 17:04:02,2018-12-14 17:04:02,0.031s,PASSED
callTestCase,Firefox 63.0,,2018-12-14 17:04:02,2018-12-14 17:04:04,1.738s,PASSED
verifyMatch,Firefox 63.0,VP: Brought to My Profile page,2018-12-14 17:04:04,2018-12-14 17:04:04,0.006s,PASSED
click,Firefox 63.0,Step 7: Navigate to Administration Panel page ,2018-12-14 17:04:04,2018-12-14 17:04:04,0.037s,PASSED
switchToWindowUrl,Firefox 63.0,,2018-12-14 17:04:04,2018-12-14 17:04:07,3.185s,PASSED
waitForPageLoad,Firefox 63.0,VP: Brought to Dashboard page,2018-12-14 17:04:07,2018-12-14 17:04:08,1.521s,PASSED
verifyMatch,Firefox 63.0,,2018-12-14 17:04:08,2018-12-14 17:04:08,0.007s,PASSED
delay,Firefox 63.0,"Step 8: Click on ""Member"" menu of main menu",2018-12-14 17:04:08,2018-12-14 17:04:18,10.004s,PASSED
click,Firefox 63.0,,2018-12-14 17:04:18,2018-12-14 17:04:19,0.244s,PASSED
click,Firefox 63.0,"Step 9: Click on "" Member"" menu on Sub menu",2018-12-14 17:04:19,2018-12-14 17:04:20,0.915s,PASSED
waitForElementVisible,Firefox 63.0,Step 10: Click on Edit icon of created member,2018-12-14 17:04:20,2018-12-14 17:04:20,0.563s,PASSED
setText,Firefox 63.0,,2018-12-14 17:04:20,2018-12-14 17:04:20,0.055s,PASSED
click,Firefox 63.0,,2018-12-14 17:04:20,2018-12-14 17:04:21,0.324s,PASSED
delay,Firefox 63.0,,2018-12-14 17:04:21,2018-12-14 17:04:31,10.000s,PASSED
click,Firefox 63.0,,2018-12-14 17:04:31,2018-12-14 17:04:31,0.246s,PASSED
click,Firefox 63.0,,2018-12-14 17:04:31,2018-12-14 17:04:32,0.814s,PASSED
verifyMatch,Firefox 63.0,VP: Brought to Edit Member page,2018-12-14 17:04:32,2018-12-14 17:04:32,0.008s,PASSED
selectOptionByLabel,Firefox 63.0,"Step 11: Select ""Active"" status",2018-12-14 17:04:32,2018-12-14 17:04:32,0.251s,PASSED
click,Firefox 63.0,"Step 12: Click on ""Save"" button",2018-12-14 17:04:32,2018-12-14 17:04:33,0.786s,PASSED
waitForPageLoad,Firefox 63.0,Brought to Members page,2018-12-14 17:04:33,2018-12-14 17:04:33,0.048s,PASSED
delay,Firefox 63.0,Step 13: Log out of the system,2018-12-14 17:04:33,2018-12-14 17:04:43,10.002s,PASSED
click,Firefox 63.0,,2018-12-14 17:04:43,2018-12-14 17:04:43,0.538s,PASSED
click,Firefox 63.0,Step 14: Navigate to Home Page,2018-12-14 17:04:43,2018-12-14 17:04:44,0.637s,PASSED
click,Firefox 63.0,"Step 15: Click on ""Log In"" menu",2018-12-14 17:04:44,2018-12-14 17:04:44,0.572s,PASSED
callTestCase,Firefox 63.0,Step 16: Log in with activated user,2018-12-14 17:04:44,2018-12-14 17:04:45,0.995s,PASSED
verifyMatch,Firefox 63.0,"Brought to Home Page, username is displayed in the menu bar",2018-12-14 17:04:45,2018-12-14 17:04:45,0.004s,PASSED
verifyMatch,Firefox 63.0,,2018-12-14 17:04:45,2018-12-14 17:04:45,0.019s,PASSED
Start listener action : afterTestCase,Firefox 63.0,,2018-12-14 17:04:45,2018-12-14 17:04:47,1.895s,PASSED
,,,,,,
Test Cases/TestCase/TC1_RegisterMember,Firefox 63.0,,2018-12-14 17:04:47,2018-12-14 17:05:54,1m - 6.555s,PASSED
Start listener action : beforeTestCase,Firefox 63.0,,2018-12-14 17:04:47,2018-12-14 17:05:17,29.980s,ERROR
Statement - userName = CustomKeywords.com.kms.cms.MyKeyword.getRandomUser(),Firefox 63.0,PREPARE DATA,2018-12-14 17:05:18,2018-12-14 17:05:18,0.001s,PASSED
"Statement - fullName = userName + ""_fullName""",Firefox 63.0,,2018-12-14 17:05:18,2018-12-14 17:05:18,0.000s,PASSED
"Statement - email = userName + ""@gmail.com""",Firefox 63.0,,2018-12-14 17:05:18,2018-12-14 17:05:18,0.000s,PASSED
"Statement - passWord = ""BiNouLunM3UiJsgMQbjdfQ==""",Firefox 63.0,,2018-12-14 17:05:18,2018-12-14 17:05:18,0.001s,PASSED
Statement - confirmPass = passWord,Firefox 63.0,,2018-12-14 17:05:18,2018-12-14 17:05:18,0.000s,PASSED
"Comment - ""Step 1: Navigate to CMS Home page""",Firefox 63.0,,2018-12-14 17:05:18,2018-12-14 17:05:18,0.000s,PASSED
verifyMatch,Firefox 63.0,VP: Brought to Home page,2018-12-14 17:05:18,2018-12-14 17:05:18,0.005s,PASSED
click,Firefox 63.0,"Step 2: Click on ""Sign Up"" link in Main Menu",2018-12-14 17:05:18,2018-12-14 17:05:18,0.661s,PASSED
callTestCase,Firefox 63.0,Step 3: Register a Member ,2018-12-14 17:05:18,2018-12-14 17:05:21,2.575s,PASSED
verifyMatch,Firefox 63.0,VP: Brought to Registration page,2018-12-14 17:05:21,2018-12-14 17:05:21,0.007s,PASSED
verifyTextPresent,Firefox 63.0,"Step 4: Verify the successful message ""Member registered! Thank you!"" is displayed correctly",2018-12-14 17:05:21,2018-12-14 17:05:21,0.098s,PASSED
verifyTextPresent,Firefox 63.0,Step 5: Verify the registration email is displayed in the information message,2018-12-14 17:05:21,2018-12-14 17:05:21,0.092s,PASSED
callTestCase,Firefox 63.0,CLEAN UP,2018-12-14 17:05:21,2018-12-14 17:05:52,31.022s,PASSED
Start listener action : afterTestCase,Firefox 63.0,,2018-12-14 17:05:52,2018-12-14 17:05:54,1.947s,PASSED
