{"devicePlatform":"","logFolder":"D:\\MyDocument\\Katalon\\KATALON\\KatalonTest\\Reports\\TestSuites_1\\20181214_170238","runData":{"hostName":"yentran - SGH734TXL4.kms.com.vn","os":"Windows 10 64bit","katalonVersion":"5.7.1.1","browser":"Firefox 63.0","hostAddress":"192.168.11.55","sessionId":"286c91a5-d43a-4f8e-aa99-036d9324bb42","seleniumVersion":"3.7.1","proxyInformation":"ProxyInformation{proxyOption\u003dNO_PROXY, proxyServerType\u003dHTTP, password\u003d, proxyServerAddress\u003d, proxyServerPort\u003d0}","platform":"Windows 10"},"type":"TEST_SUITE","name":"TestSuites_1","id":"Test Suites/TestSuites_1","source":"","message":"Test Cases/TestCase/TC1_RegisterMember","description":"","startTime":1544781759956,"endTime":1544781954430,"childRecords":[{"isOptional":false,"type":"TEST_CASE","name":"Test Cases/TestCase/TC2_AddBlogEntry","id":"Test Cases/TestCase/TC2_AddBlogEntry","source":"D:\\\\MyDocument\\\\Katalon\\\\KATALON\\\\KatalonTest\\\\Test Cases\\\\TestCase\\\\TC2_AddBlogEntry.tc","message":"Test Cases/TestCase/TC2_AddBlogEntry","description":"","startTime":1544781760283,"endTime":1544781808262,"childRecords":[{"testStatus":{"stackTrace":"","statusValue":"INFO"},"type":"MESSAGE","name":"","message":"Evaluating variables for test case","startTime":1544781760301,"endTime":0,"childRecords":[],"interuppted":false},{"index":-1,"isIgnoredIfFailed":false,"type":"TEST_STEP","name":"Start listener action : beforeTestCase","message":"Variable \u0027ShortTimeout\u0027 is not defined for test case.","description":"","startTime":1544781760305,"endTime":1544781792831,"childRecords":[{"index":1,"isIgnoredIfFailed":false,"type":"TEST_STEP","name":"Statement - println(testCaseContext.getTestCaseId())","description":"","startTime":1544781760306,"endTime":1544781760310,"childRecords":[],"interuppted":false},{"index":2,"isIgnoredIfFailed":false,"type":"TEST_STEP","name":"Statement - println(testCaseContext.getTestCaseVariables())","description":"","startTime":1544781760310,"endTime":1544781760312,"childRecords":[],"interuppted":false},{"index":3,"isIgnoredIfFailed":false,"type":"TEST_STEP","name":"openBrowser","message":"Browser is opened with url: \u0027http://13.250.134.32/subrion/\u0027","description":"","startTime":1544781760312,"endTime":1544781792749,"childRecords":[{"testStatus":{"stackTrace":"","statusValue":"PASSED"},"type":"MESSAGE","name":"","message":"Browser is opened with url: \u0027http://13.250.134.32/subrion/\u0027","startTime":1544781792748,"endTime":0,"childRecords":[],"interuppted":false}],"interuppted":false},{"index":4,"isIgnoredIfFailed":false,"type":"TEST_STEP","name":"maximizeWindow","message":"Current window maximized","description":"","startTime":1544781792749,"endTime":1544781792828,"childRecords":[{"testStatus":{"stackTrace":"","statusValue":"PASSED"},"type":"MESSAGE","name":"","message":"Current window maximized","startTime":1544781792827,"endTime":0,"childRecords":[],"interuppted":false}],"interuppted":false},{"index":5,"isIgnoredIfFailed":false,"type":"TEST_STEP","name":"waitForPageLoad","message":"Variable \u0027ShortTimeout\u0027 is not defined for test case.","description":"","startTime":1544781792829,"endTime":1544781792831,"childRecords":[{"testStatus":{"stackTrace":"","statusValue":"ERROR"},"type":"MESSAGE","name":"","message":"Variable \u0027ShortTimeout\u0027 is not defined for test case.","startTime":1544781792830,"endTime":0,"childRecords":[],"interuppted":false}],"interuppted":false}],"interuppted":false},{"index":1,"isIgnoredIfFailed":false,"type":"TEST_STEP","name":"Statement - header \u003d \"[\" + CustomKeywords.com.kms.cms.MyKeyword.getCurrentDateTime() + \"]\" + \" U23 Vietnam won U23 Irag\"","message":"com.kms.cms.MyKeyword.getCurrentDateTime is PASSED","description":"PREPARE","startTime":1544781792961,"endTime":1544781792978,"childRecords":[{"testStatus":{"stackTrace":"","statusValue":"PASSED"},"type":"MESSAGE","name":"","message":"com.kms.cms.MyKeyword.getCurrentDateTime is PASSED","startTime":1544781792978,"endTime":0,"childRecords":[],"interuppted":false}],"interuppted":false},{"index":2,"isIgnoredIfFailed":false,"type":"TEST_STEP","name":"Statement - body \u003d \"U23 Vietnam went to the final match with U23 Uzbekistan\"","description":"","startTime":1544781792979,"endTime":1544781792980,"childRecords":[],"interuppted":false},{"index":3,"isIgnoredIfFailed":false,"type":"TEST_STEP","name":"Statement - tag \u003d \"football\"","description":"","startTime":1544781792980,"endTime":1544781792980,"childRecords":[],"interuppted":false},{"index":4,"isIgnoredIfFailed":false,"type":"TEST_STEP","name":"Statement - blogEntryTitle \u003d header + \" :: Powered by Subrion 4.2\"","description":"","startTime":1544781792981,"endTime":1544781792981,"childRecords":[],"interuppted":false},{"index":5,"isIgnoredIfFailed":false,"type":"TEST_STEP","name":"Comment - \"Step 1: Log in to System\"","description":"","startTime":1544781792981,"endTime":1544781792981,"childRecords":[],"interuppted":false},{"index":6,"isIgnoredIfFailed":false,"type":"TEST_STEP","name":"click","message":"Object: \u0027Object Repository/HomePage/lnk_LogIn\u0027 is clicked on","description":"VP: Login to the System","startTime":1544781792982,"endTime":1544781793880,"childRecords":[{"testStatus":{"stackTrace":"","statusValue":"PASSED"},"type":"MESSAGE","name":"","message":"Object: \u0027Object Repository/HomePage/lnk_LogIn\u0027 is clicked on","startTime":1544781793879,"endTime":0,"childRecords":[],"interuppted":false}],"interuppted":false},{"index":7,"isIgnoredIfFailed":false,"type":"TEST_STEP","name":"callTestCase","message":"Call Test Case \u0027Test Cases/CommonTestcase/LoginSystem\u0027 successfully","description":"","startTime":1544781793880,"endTime":1544781795182,"childRecords":[{"isOptional":false,"type":"TEST_CASE","name":"Test Cases/CommonTestcase/LoginSystem","id":"Test Cases/CommonTestcase/LoginSystem","source":"D:\\\\MyDocument\\\\Katalon\\\\KATALON\\\\KatalonTest\\\\Test Cases\\\\CommonTestcase\\\\LoginSystem.tc","message":"Test Cases/CommonTestcase/LoginSystem","description":"","startTime":1544781793948,"endTime":1544781795178,"childRecords":[{"testStatus":{"stackTrace":"","statusValue":"INFO"},"type":"MESSAGE","name":"","message":"Evaluating variables for test case","startTime":1544781793952,"endTime":0,"childRecords":[],"interuppted":false},{"index":1,"isIgnoredIfFailed":false,"type":"TEST_STEP","name":"setText","message":"Text \u0027katalontest\u0027 is set on object \u0027Object Repository/LoginPage/txt_Username\u0027","description":"Input username to \"username\" textbox","startTime":1544781794045,"endTime":1544781794108,"childRecords":[{"testStatus":{"stackTrace":"","statusValue":"PASSED"},"type":"MESSAGE","name":"","message":"Text \u0027katalontest\u0027 is set on object \u0027Object Repository/LoginPage/txt_Username\u0027","startTime":1544781794107,"endTime":0,"childRecords":[],"interuppted":false}],"interuppted":false},{"index":2,"isIgnoredIfFailed":false,"type":"TEST_STEP","name":"setEncryptedText","message":"Text ****** has been set on object \u0027Object Repository/LoginPage/txt_Password\u0027","description":"Input password to \"password\" textbox","startTime":1544781794108,"endTime":1544781794203,"childRecords":[{"testStatus":{"stackTrace":"","statusValue":"PASSED"},"type":"MESSAGE","name":"","message":"Text ****** has been set on object \u0027Object Repository/LoginPage/txt_Password\u0027","startTime":1544781794202,"endTime":0,"childRecords":[],"interuppted":false}],"interuppted":false},{"index":3,"isIgnoredIfFailed":false,"type":"TEST_STEP","name":"click","message":"Object: \u0027Object Repository/LoginPage/btn_Login\u0027 is clicked on","description":"Click Log in button","startTime":1544781794203,"endTime":1544781795178,"childRecords":[{"testStatus":{"stackTrace":"","statusValue":"PASSED"},"type":"MESSAGE","name":"","message":"Object: \u0027Object Repository/LoginPage/btn_Login\u0027 is clicked on","startTime":1544781795177,"endTime":0,"childRecords":[],"interuppted":false}],"interuppted":false},{"testStatus":{"stackTrace":"","statusValue":"PASSED"},"type":"MESSAGE","name":"","message":"Test Cases/CommonTestcase/LoginSystem","startTime":1544781795178,"endTime":0,"childRecords":[],"interuppted":false}],"interuppted":false},{"testStatus":{"stackTrace":"","statusValue":"PASSED"},"type":"MESSAGE","name":"","message":"Call Test Case \u0027Test Cases/CommonTestcase/LoginSystem\u0027 successfully","startTime":1544781795182,"endTime":0,"childRecords":[],"interuppted":false}],"interuppted":false},{"index":8,"isIgnoredIfFailed":false,"type":"TEST_STEP","name":"click","message":"Object: \u0027Object Repository/HomePage/lnk_Blog\u0027 is clicked on","description":"Step 2: Click on \"Blog\" menu","startTime":1544781795182,"endTime":1544781796311,"childRecords":[{"testStatus":{"stackTrace":"","statusValue":"PASSED"},"type":"MESSAGE","name":"","message":"Object: \u0027Object Repository/HomePage/lnk_Blog\u0027 is clicked on","startTime":1544781796310,"endTime":0,"childRecords":[],"interuppted":false}],"interuppted":false},{"index":9,"isIgnoredIfFailed":false,"type":"TEST_STEP","name":"callTestCase","message":"Call Test Case \u0027Test Cases/CommonTestcase/AddBlogEntry\u0027 successfully","description":"Step 3: Add blog","startTime":1544781796312,"endTime":1544781805973,"childRecords":[{"isOptional":false,"type":"TEST_CASE","name":"Test Cases/CommonTestcase/AddBlogEntry","id":"Test Cases/CommonTestcase/AddBlogEntry","source":"D:\\\\MyDocument\\\\Katalon\\\\KATALON\\\\KatalonTest\\\\Test Cases\\\\CommonTestcase\\\\AddBlogEntry.tc","message":"Test Cases/CommonTestcase/AddBlogEntry","description":"","startTime":1544781796380,"endTime":1544781805973,"childRecords":[{"testStatus":{"stackTrace":"","statusValue":"INFO"},"type":"MESSAGE","name":"","message":"Evaluating variables for test case","startTime":1544781796387,"endTime":0,"childRecords":[],"interuppted":false},{"index":1,"isIgnoredIfFailed":false,"type":"TEST_STEP","name":"click","message":"Object: \u0027Object Repository/AddBlogPage/btn_AddBlogEntry\u0027 is clicked on","description":"Click on \"Add Blog Entry\" button","startTime":1544781796461,"endTime":1544781799524,"childRecords":[{"testStatus":{"stackTrace":"","statusValue":"PASSED"},"type":"MESSAGE","name":"","message":"Object: \u0027Object Repository/AddBlogPage/btn_AddBlogEntry\u0027 is clicked on","startTime":1544781799523,"endTime":0,"childRecords":[],"interuppted":false}],"interuppted":false},{"index":2,"isIgnoredIfFailed":false,"type":"TEST_STEP","name":"setText","message":"Text \u0027[20181214-051212] U23 Vietnam won U23 Irag\u0027 is set on object \u0027Object Repository/AddBlogPage/txt_Title\u0027","description":"Input value into \"Title\" field","startTime":1544781799525,"endTime":1544781799627,"childRecords":[{"testStatus":{"stackTrace":"","statusValue":"PASSED"},"type":"MESSAGE","name":"","message":"Text \u0027[20181214-051212] U23 Vietnam won U23 Irag\u0027 is set on object \u0027Object Repository/AddBlogPage/txt_Title\u0027","startTime":1544781799627,"endTime":0,"childRecords":[],"interuppted":false}],"interuppted":false},{"index":3,"isIgnoredIfFailed":false,"type":"TEST_STEP","name":"switchToFrame","message":"Switched to iframe: \u0027Object Repository/AddBlogPage/fra_Iframe\u0027","description":"Input value into \"Body\" field","startTime":1544781799627,"endTime":1544781800670,"childRecords":[],"interuppted":false},{"index":4,"isIgnoredIfFailed":false,"type":"TEST_STEP","name":"setText","message":"Text \u0027U23 Vietnam went to the final match with U23 Uzbekistan\u0027 is set on object \u0027Object Repository/AddBlogPage/txt_body\u0027","description":"","startTime":1544781800670,"endTime":1544781800776,"childRecords":[{"testStatus":{"stackTrace":"","statusValue":"PASSED"},"type":"MESSAGE","name":"","message":"Text \u0027U23 Vietnam went to the final match with U23 Uzbekistan\u0027 is set on object \u0027Object Repository/AddBlogPage/txt_body\u0027","startTime":1544781800774,"endTime":0,"childRecords":[],"interuppted":false}],"interuppted":false},{"index":5,"isIgnoredIfFailed":false,"type":"TEST_STEP","name":"switchToDefaultContent","message":"Switching to default content","description":"","startTime":1544781800776,"endTime":1544781800803,"childRecords":[],"interuppted":false},{"index":6,"isIgnoredIfFailed":false,"type":"TEST_STEP","name":"setText","message":"Text \u0027football\u0027 is set on object \u0027Object Repository/AddBlogPage/txt_Tag\u0027","description":"Input value into \"Tags\"  field","startTime":1544781800803,"endTime":1544781800860,"childRecords":[{"testStatus":{"stackTrace":"","statusValue":"PASSED"},"type":"MESSAGE","name":"","message":"Text \u0027football\u0027 is set on object \u0027Object Repository/AddBlogPage/txt_Tag\u0027","startTime":1544781800859,"endTime":0,"childRecords":[],"interuppted":false}],"interuppted":false},{"index":7,"isIgnoredIfFailed":false,"type":"TEST_STEP","name":"click","message":"Object: \u0027Object Repository/AddBlogPage/btn_Save\u0027 is clicked on","description":"Click on \"Save\" button","startTime":1544781800860,"endTime":1544781805946,"childRecords":[{"testStatus":{"stackTrace":"","statusValue":"PASSED"},"type":"MESSAGE","name":"","message":"Object: \u0027Object Repository/AddBlogPage/btn_Save\u0027 is clicked on","startTime":1544781805946,"endTime":0,"childRecords":[],"interuppted":false}],"interuppted":false},{"index":8,"isIgnoredIfFailed":false,"type":"TEST_STEP","name":"waitForPageLoad","message":"Wait for page load successfully","description":"","startTime":1544781805947,"endTime":1544781805973,"childRecords":[{"testStatus":{"stackTrace":"","statusValue":"PASSED"},"type":"MESSAGE","name":"","message":"Wait for page load successfully","startTime":1544781805973,"endTime":0,"childRecords":[],"interuppted":false}],"interuppted":false},{"testStatus":{"stackTrace":"","statusValue":"PASSED"},"type":"MESSAGE","name":"","message":"Test Cases/CommonTestcase/AddBlogEntry","startTime":1544781805973,"endTime":0,"childRecords":[],"interuppted":false}],"interuppted":false},{"testStatus":{"stackTrace":"","statusValue":"PASSED"},"type":"MESSAGE","name":"","message":"Call Test Case \u0027Test Cases/CommonTestcase/AddBlogEntry\u0027 successfully","startTime":1544781805973,"endTime":0,"childRecords":[],"interuppted":false}],"interuppted":false},{"index":10,"isIgnoredIfFailed":false,"type":"TEST_STEP","name":"verifyMatch","message":"Actual text \u0027[20181214-051212] U23 Vietnam won U23 Irag :: Powered by Subrion 4.2\u0027 and expected text \u0027[20181214-051212] U23 Vietnam won U23 Irag :: Powered by Subrion 4.2\u0027 are matched ","description":"VP: Brought to \"Blog Entry\" page","startTime":1544781805973,"endTime":1544781805995,"childRecords":[{"testStatus":{"stackTrace":"","statusValue":"PASSED"},"type":"MESSAGE","name":"","message":"Current window\u0027s title is: \u0027[20181214-051212] U23 Vietnam won U23 Irag :: Powered by Subrion 4.2\u0027","startTime":1544781805989,"endTime":0,"childRecords":[],"interuppted":false},{"testStatus":{"stackTrace":"","statusValue":"PASSED"},"type":"MESSAGE","name":"","message":"Actual text \u0027[20181214-051212] U23 Vietnam won U23 Irag :: Powered by Subrion 4.2\u0027 and expected text \u0027[20181214-051212] U23 Vietnam won U23 Irag :: Powered by Subrion 4.2\u0027 are matched ","startTime":1544781805995,"endTime":0,"childRecords":[],"interuppted":false}],"interuppted":false},{"index":11,"isIgnoredIfFailed":false,"type":"TEST_STEP","name":"Comment - \"Step 4: Verify the \"Blog Entry\" page\"","description":"","startTime":1544781805995,"endTime":1544781805995,"childRecords":[],"interuppted":false},{"index":12,"isIgnoredIfFailed":false,"type":"TEST_STEP","name":"verifyMatch","message":"Actual text \u0027[20181214-051212] U23 Vietnam won U23 Irag\u0027 and expected text \u0027[20181214-051212] U23 Vietnam won U23 Irag\u0027 are matched ","description":"VP: Verify the title, the content, the tags are displayed correctly","startTime":1544781805995,"endTime":1544781806035,"childRecords":[{"testStatus":{"stackTrace":"","statusValue":"PASSED"},"type":"MESSAGE","name":"","message":"Text of object \u0027Object Repository/AdminPage/dat_header\u0027 is: \u0027[20181214-051212] U23 Vietnam won U23 Irag\u0027","startTime":1544781806035,"endTime":0,"childRecords":[],"interuppted":false},{"testStatus":{"stackTrace":"","statusValue":"PASSED"},"type":"MESSAGE","name":"","message":"Actual text \u0027[20181214-051212] U23 Vietnam won U23 Irag\u0027 and expected text \u0027[20181214-051212] U23 Vietnam won U23 Irag\u0027 are matched ","startTime":1544781806035,"endTime":0,"childRecords":[],"interuppted":false}],"interuppted":false},{"index":13,"isIgnoredIfFailed":false,"type":"TEST_STEP","name":"verifyMatch","message":"Actual text \u0027U23 Vietnam went to the final match with U23 Uzbekistan\u0027 and expected text \u0027U23 Vietnam went to the final match with U23 Uzbekistan\u0027 are matched ","description":"","startTime":1544781806036,"endTime":1544781806051,"childRecords":[{"testStatus":{"stackTrace":"","statusValue":"PASSED"},"type":"MESSAGE","name":"","message":"Text of object \u0027Object Repository/AdminPage/dat_contentBody\u0027 is: \u0027U23 Vietnam went to the final match with U23 Uzbekistan\u0027","startTime":1544781806050,"endTime":0,"childRecords":[],"interuppted":false},{"testStatus":{"stackTrace":"","statusValue":"PASSED"},"type":"MESSAGE","name":"","message":"Actual text \u0027U23 Vietnam went to the final match with U23 Uzbekistan\u0027 and expected text \u0027U23 Vietnam went to the final match with U23 Uzbekistan\u0027 are matched ","startTime":1544781806051,"endTime":0,"childRecords":[],"interuppted":false}],"interuppted":false},{"index":14,"isIgnoredIfFailed":false,"type":"TEST_STEP","name":"verifyMatch","message":"Actual text \u0027football\u0027 and expected text \u0027football\u0027 are matched ","description":"","startTime":1544781806051,"endTime":1544781806068,"childRecords":[{"testStatus":{"stackTrace":"","statusValue":"PASSED"},"type":"MESSAGE","name":"","message":"Text of object \u0027Object Repository/AdminPage/dat_Tag\u0027 is: \u0027football\u0027","startTime":1544781806067,"endTime":0,"childRecords":[],"interuppted":false},{"testStatus":{"stackTrace":"","statusValue":"PASSED"},"type":"MESSAGE","name":"","message":"Actual text \u0027football\u0027 and expected text \u0027football\u0027 are matched ","startTime":1544781806067,"endTime":0,"childRecords":[],"interuppted":false}],"interuppted":false},{"testStatus":{"stackTrace":"","statusValue":"PASSED"},"type":"MESSAGE","name":"","message":"Test Cases/TestCase/TC2_AddBlogEntry","startTime":1544781806068,"endTime":0,"childRecords":[],"interuppted":false},{"index":-1,"isIgnoredIfFailed":false,"type":"TEST_STEP","name":"Start listener action : afterTestCase","message":"Browser is closed","description":"","startTime":1544781806068,"endTime":1544781808262,"childRecords":[{"index":1,"isIgnoredIfFailed":false,"type":"TEST_STEP","name":"Statement - println(testCaseContext.getTestCaseId())","description":"","startTime":1544781806068,"endTime":1544781806068,"childRecords":[],"interuppted":false},{"index":2,"isIgnoredIfFailed":false,"type":"TEST_STEP","name":"Statement - println(testCaseContext.getTestCaseStatus())","description":"","startTime":1544781806069,"endTime":1544781806069,"childRecords":[],"interuppted":false},{"index":3,"isIgnoredIfFailed":false,"type":"TEST_STEP","name":"closeBrowser","message":"Browser is closed","description":"","startTime":1544781806069,"endTime":1544781808262,"childRecords":[{"testStatus":{"stackTrace":"","statusValue":"PASSED"},"type":"MESSAGE","name":"","message":"Browser is closed","startTime":1544781808262,"endTime":0,"childRecords":[],"interuppted":false}],"interuppted":false}],"interuppted":false}],"interuppted":false},{"isOptional":false,"type":"TEST_CASE","name":"Test Cases/TestCase/TC3_OnlyActiveMemberCanLoginToSystem","id":"Test Cases/TestCase/TC3_OnlyActiveMemberCanLoginToSystem","source":"D:\\\\MyDocument\\\\Katalon\\\\KATALON\\\\KatalonTest\\\\Test Cases\\\\TestCase\\\\TC3_OnlyActiveMemberCanLoginToSystem.tc","message":"Test Cases/TestCase/TC3_OnlyActiveMemberCanLoginToSystem","description":"","startTime":1544781808265,"endTime":1544781887860,"childRecords":[{"testStatus":{"stackTrace":"","statusValue":"INFO"},"type":"MESSAGE","name":"","message":"Evaluating variables for test case","startTime":1544781808276,"endTime":0,"childRecords":[],"interuppted":false},{"index":-1,"isIgnoredIfFailed":false,"type":"TEST_STEP","name":"Start listener action : beforeTestCase","message":"Variable \u0027ShortTimeout\u0027 is not defined for test case.","description":"","startTime":1544781808276,"endTime":1544781838115,"childRecords":[{"index":1,"isIgnoredIfFailed":false,"type":"TEST_STEP","name":"Statement - println(testCaseContext.getTestCaseId())","description":"","startTime":1544781808276,"endTime":1544781808276,"childRecords":[],"interuppted":false},{"index":2,"isIgnoredIfFailed":false,"type":"TEST_STEP","name":"Statement - println(testCaseContext.getTestCaseVariables())","description":"","startTime":1544781808276,"endTime":1544781808276,"childRecords":[],"interuppted":false},{"index":3,"isIgnoredIfFailed":false,"type":"TEST_STEP","name":"openBrowser","message":"Browser is opened with url: \u0027http://13.250.134.32/subrion/\u0027","description":"","startTime":1544781808276,"endTime":1544781838068,"childRecords":[{"testStatus":{"stackTrace":"","statusValue":"PASSED"},"type":"MESSAGE","name":"","message":"Browser is opened with url: \u0027http://13.250.134.32/subrion/\u0027","startTime":1544781838067,"endTime":0,"childRecords":[],"interuppted":false}],"interuppted":false},{"index":4,"isIgnoredIfFailed":false,"type":"TEST_STEP","name":"maximizeWindow","message":"Current window maximized","description":"","startTime":1544781838068,"endTime":1544781838114,"childRecords":[{"testStatus":{"stackTrace":"","statusValue":"PASSED"},"type":"MESSAGE","name":"","message":"Current window maximized","startTime":1544781838114,"endTime":0,"childRecords":[],"interuppted":false}],"interuppted":false},{"index":5,"isIgnoredIfFailed":false,"type":"TEST_STEP","name":"waitForPageLoad","message":"Variable \u0027ShortTimeout\u0027 is not defined for test case.","description":"","startTime":1544781838114,"endTime":1544781838115,"childRecords":[{"testStatus":{"stackTrace":"","statusValue":"ERROR"},"type":"MESSAGE","name":"","message":"Variable \u0027ShortTimeout\u0027 is not defined for test case.","startTime":1544781838114,"endTime":0,"childRecords":[],"interuppted":false}],"interuppted":false}],"interuppted":false},{"index":1,"isIgnoredIfFailed":false,"type":"TEST_STEP","name":"Statement - userName \u003d CustomKeywords.com.kms.cms.MyKeyword.getRandomUser()","message":"com.kms.cms.MyKeyword.getRandomUser is PASSED","description":"PREPARE DATA","startTime":1544781838393,"endTime":1544781838404,"childRecords":[{"testStatus":{"stackTrace":"","statusValue":"PASSED"},"type":"MESSAGE","name":"","message":"com.kms.cms.MyKeyword.getRandomUser is PASSED","startTime":1544781838404,"endTime":0,"childRecords":[],"interuppted":false}],"interuppted":false},{"index":2,"isIgnoredIfFailed":false,"type":"TEST_STEP","name":"Statement - fullName \u003d userName + \"_fullName\"","description":"","startTime":1544781838405,"endTime":1544781838405,"childRecords":[],"interuppted":false},{"index":3,"isIgnoredIfFailed":false,"type":"TEST_STEP","name":"Statement - email \u003d userName + \"@gmail.com\"","description":"","startTime":1544781838405,"endTime":1544781838406,"childRecords":[],"interuppted":false},{"index":4,"isIgnoredIfFailed":false,"type":"TEST_STEP","name":"Statement - passWord \u003d \"BiNouLunM3UiJsgMQbjdfQ\u003d\u003d\"","description":"","startTime":1544781838406,"endTime":1544781838406,"childRecords":[],"interuppted":false},{"index":5,"isIgnoredIfFailed":false,"type":"TEST_STEP","name":"Statement - confirmPass \u003d passWord","description":"","startTime":1544781838407,"endTime":1544781838407,"childRecords":[],"interuppted":false},{"index":6,"isIgnoredIfFailed":false,"type":"TEST_STEP","name":"Statement - invalidLogin \u003d \"Either login or password is invalid.\"","description":"","startTime":1544781838407,"endTime":1544781838408,"childRecords":[],"interuppted":false},{"index":7,"isIgnoredIfFailed":false,"type":"TEST_STEP","name":"Statement - status \u003d \"Active\"","description":"","startTime":1544781838408,"endTime":1544781838408,"childRecords":[],"interuppted":false},{"index":8,"isIgnoredIfFailed":false,"type":"TEST_STEP","name":"Statement - currentTab \u003d com.kms.katalon.core.webui.keyword.WebUiBuiltInKeywords.getWindowIndex()","message":"Current window\u0027s index is: 0","description":"","startTime":1544781838409,"endTime":1544781838443,"childRecords":[{"testStatus":{"stackTrace":"","statusValue":"PASSED"},"type":"MESSAGE","name":"","message":"Current window\u0027s index is: 0","startTime":1544781838442,"endTime":0,"childRecords":[],"interuppted":false}],"interuppted":false},{"index":9,"isIgnoredIfFailed":false,"type":"TEST_STEP","name":"Comment - \"Step 1: Navigate to CMS Home page\"","description":"","startTime":1544781838443,"endTime":1544781838444,"childRecords":[],"interuppted":false},{"index":10,"isIgnoredIfFailed":false,"type":"TEST_STEP","name":"verifyMatch","message":"Actual text \u0027Home :: Powered by Subrion 4.2\u0027 and expected text \u0027Home :: Powered by Subrion 4.2\u0027 are matched ","description":"VP: Brought to Home page","startTime":1544781838444,"endTime":1544781838451,"childRecords":[{"testStatus":{"stackTrace":"","statusValue":"PASSED"},"type":"MESSAGE","name":"","message":"Current window\u0027s title is: \u0027Home :: Powered by Subrion 4.2\u0027","startTime":1544781838449,"endTime":0,"childRecords":[],"interuppted":false},{"testStatus":{"stackTrace":"","statusValue":"PASSED"},"type":"MESSAGE","name":"","message":"Actual text \u0027Home :: Powered by Subrion 4.2\u0027 and expected text \u0027Home :: Powered by Subrion 4.2\u0027 are matched ","startTime":1544781838451,"endTime":0,"childRecords":[],"interuppted":false}],"interuppted":false},{"index":11,"isIgnoredIfFailed":false,"type":"TEST_STEP","name":"click","message":"Object: \u0027Object Repository/HomePage/lnk_SignUp\u0027 is clicked on","description":"Step 2: Follow steps in TC#1 to create a new user","startTime":1544781838452,"endTime":1544781839351,"childRecords":[{"testStatus":{"stackTrace":"","statusValue":"PASSED"},"type":"MESSAGE","name":"","message":"Object: \u0027Object Repository/HomePage/lnk_SignUp\u0027 is clicked on","startTime":1544781839350,"endTime":0,"childRecords":[],"interuppted":false}],"interuppted":false},{"index":12,"isIgnoredIfFailed":false,"type":"TEST_STEP","name":"callTestCase","message":"Call Test Case \u0027Test Cases/CommonTestcase/CreateNewUser\u0027 successfully","description":"","startTime":1544781839351,"endTime":1544781840843,"childRecords":[{"isOptional":false,"type":"TEST_CASE","name":"Test Cases/CommonTestcase/CreateNewUser","id":"Test Cases/CommonTestcase/CreateNewUser","source":"D:\\\\MyDocument\\\\Katalon\\\\KATALON\\\\KatalonTest\\\\Test Cases\\\\CommonTestcase\\\\CreateNewUser.tc","message":"Test Cases/CommonTestcase/CreateNewUser","description":"","startTime":1544781839408,"endTime":1544781840843,"childRecords":[{"testStatus":{"stackTrace":"","statusValue":"INFO"},"type":"MESSAGE","name":"","message":"Evaluating variables for test case","startTime":1544781839412,"endTime":0,"childRecords":[],"interuppted":false},{"index":1,"isIgnoredIfFailed":false,"type":"TEST_STEP","name":"setText","message":"Text \u0027154478183839\u0027 is set on object \u0027Object Repository/RegisterPage/txt_Username\u0027","description":"Step 1: Input value into \"Username\" field","startTime":1544781839515,"endTime":1544781839583,"childRecords":[{"testStatus":{"stackTrace":"","statusValue":"PASSED"},"type":"MESSAGE","name":"","message":"Text \u0027154478183839\u0027 is set on object \u0027Object Repository/RegisterPage/txt_Username\u0027","startTime":1544781839582,"endTime":0,"childRecords":[],"interuppted":false}],"interuppted":false},{"index":2,"isIgnoredIfFailed":false,"type":"TEST_STEP","name":"setText","message":"Text \u0027154478183839_fullName\u0027 is set on object \u0027Object Repository/RegisterPage/txt_Fullname\u0027","description":"Step 2: Input value into \"Full Name\" field","startTime":1544781839583,"endTime":1544781839653,"childRecords":[{"testStatus":{"stackTrace":"","statusValue":"PASSED"},"type":"MESSAGE","name":"","message":"Text \u0027154478183839_fullName\u0027 is set on object \u0027Object Repository/RegisterPage/txt_Fullname\u0027","startTime":1544781839652,"endTime":0,"childRecords":[],"interuppted":false}],"interuppted":false},{"index":3,"isIgnoredIfFailed":false,"type":"TEST_STEP","name":"setText","message":"Text \u0027154478183839@gmail.com\u0027 is set on object \u0027Object Repository/RegisterPage/txt_Email\u0027","description":"Step 3: Input value into \"Email\" field","startTime":1544781839653,"endTime":1544781839701,"childRecords":[{"testStatus":{"stackTrace":"","statusValue":"PASSED"},"type":"MESSAGE","name":"","message":"Text \u0027154478183839@gmail.com\u0027 is set on object \u0027Object Repository/RegisterPage/txt_Email\u0027","startTime":1544781839701,"endTime":0,"childRecords":[],"interuppted":false}],"interuppted":false},{"index":4,"isIgnoredIfFailed":false,"type":"TEST_STEP","name":"selectOptionByLabel","message":"All options with label \u0027Male\u0027 are selected in object \u0027Object Repository/RegisterPage/ddl_Gender\u0027 ","description":"Step 4: Select value into \"Gender\" field","startTime":1544781839701,"endTime":1544781839973,"childRecords":[{"testStatus":{"stackTrace":"","statusValue":"PASSED"},"type":"MESSAGE","name":"","message":"All options with label \u0027Male\u0027 are selected in object \u0027Object Repository/RegisterPage/ddl_Gender\u0027 ","startTime":1544781839973,"endTime":0,"childRecords":[],"interuppted":false}],"interuppted":false},{"index":5,"isIgnoredIfFailed":false,"type":"TEST_STEP","name":"setEncryptedText","message":"Text ****** has been set on object \u0027Object Repository/RegisterPage/txt_Pass\u0027","description":"Step 5: Input value into \"Your password\" field","startTime":1544781839973,"endTime":1544781840004,"childRecords":[{"testStatus":{"stackTrace":"","statusValue":"PASSED"},"type":"MESSAGE","name":"","message":"Text ****** has been set on object \u0027Object Repository/RegisterPage/txt_Pass\u0027","startTime":1544781840003,"endTime":0,"childRecords":[],"interuppted":false}],"interuppted":false},{"index":6,"isIgnoredIfFailed":false,"type":"TEST_STEP","name":"setEncryptedText","message":"Text ****** has been set on object \u0027Object Repository/RegisterPage/txt_Confirmpass\u0027","description":"Step 6: Input value into \"Confirm your password:\" field","startTime":1544781840005,"endTime":1544781840038,"childRecords":[{"testStatus":{"stackTrace":"","statusValue":"PASSED"},"type":"MESSAGE","name":"","message":"Text ****** has been set on object \u0027Object Repository/RegisterPage/txt_Confirmpass\u0027","startTime":1544781840037,"endTime":0,"childRecords":[],"interuppted":false}],"interuppted":false},{"index":7,"isIgnoredIfFailed":false,"type":"TEST_STEP","name":"click","message":"Object: \u0027Object Repository/RegisterPage/btn_Registration\u0027 is clicked on","description":"Step 7: Click on \"Registration\" button ","startTime":1544781840038,"endTime":1544781840842,"childRecords":[{"testStatus":{"stackTrace":"","statusValue":"PASSED"},"type":"MESSAGE","name":"","message":"Object: \u0027Object Repository/RegisterPage/btn_Registration\u0027 is clicked on","startTime":1544781840841,"endTime":0,"childRecords":[],"interuppted":false}],"interuppted":false},{"testStatus":{"stackTrace":"","statusValue":"PASSED"},"type":"MESSAGE","name":"","message":"Test Cases/CommonTestcase/CreateNewUser","startTime":1544781840842,"endTime":0,"childRecords":[],"interuppted":false}],"interuppted":false},{"testStatus":{"stackTrace":"","statusValue":"PASSED"},"type":"MESSAGE","name":"","message":"Call Test Case \u0027Test Cases/CommonTestcase/CreateNewUser\u0027 successfully","startTime":1544781840843,"endTime":0,"childRecords":[],"interuppted":false}],"interuppted":false},{"index":13,"isIgnoredIfFailed":false,"type":"TEST_STEP","name":"click","message":"Object: \u0027Object Repository/HomePage/lnk_LogIn\u0027 is clicked on","description":"Step 3: Click on \"Log In\" menu","startTime":1544781840843,"endTime":1544781841452,"childRecords":[{"testStatus":{"stackTrace":"","statusValue":"PASSED"},"type":"MESSAGE","name":"","message":"Object: \u0027Object Repository/HomePage/lnk_LogIn\u0027 is clicked on","startTime":1544781841452,"endTime":0,"childRecords":[],"interuppted":false}],"interuppted":false},{"index":14,"isIgnoredIfFailed":false,"type":"TEST_STEP","name":"verifyMatch","message":"Actual text \u0027Login :: Powered by Subrion 4.2\u0027 and expected text \u0027Login :: Powered by Subrion 4.2\u0027 are matched ","description":"VP: Brought to Login page","startTime":1544781841453,"endTime":1544781841457,"childRecords":[{"testStatus":{"stackTrace":"","statusValue":"PASSED"},"type":"MESSAGE","name":"","message":"Current window\u0027s title is: \u0027Login :: Powered by Subrion 4.2\u0027","startTime":1544781841456,"endTime":0,"childRecords":[],"interuppted":false},{"testStatus":{"stackTrace":"","statusValue":"PASSED"},"type":"MESSAGE","name":"","message":"Actual text \u0027Login :: Powered by Subrion 4.2\u0027 and expected text \u0027Login :: Powered by Subrion 4.2\u0027 are matched ","startTime":1544781841457,"endTime":0,"childRecords":[],"interuppted":false}],"interuppted":false},{"index":15,"isIgnoredIfFailed":false,"type":"TEST_STEP","name":"callTestCase","message":"Call Test Case \u0027Test Cases/CommonTestcase/LoginSystem\u0027 successfully","description":"Step 4: Log in with newly created user","startTime":1544781841458,"endTime":1544781842277,"childRecords":[{"isOptional":false,"type":"TEST_CASE","name":"Test Cases/CommonTestcase/LoginSystem","id":"Test Cases/CommonTestcase/LoginSystem","source":"D:\\\\MyDocument\\\\Katalon\\\\KATALON\\\\KatalonTest\\\\Test Cases\\\\CommonTestcase\\\\LoginSystem.tc","message":"Test Cases/CommonTestcase/LoginSystem","description":"","startTime":1544781841513,"endTime":1544781842276,"childRecords":[{"testStatus":{"stackTrace":"","statusValue":"INFO"},"type":"MESSAGE","name":"","message":"Evaluating variables for test case","startTime":1544781841516,"endTime":0,"childRecords":[],"interuppted":false},{"index":1,"isIgnoredIfFailed":false,"type":"TEST_STEP","name":"setText","message":"Text \u0027154478183839\u0027 is set on object \u0027Object Repository/LoginPage/txt_Username\u0027","description":"Input username to \"username\" textbox","startTime":1544781841518,"endTime":1544781841563,"childRecords":[{"testStatus":{"stackTrace":"","statusValue":"PASSED"},"type":"MESSAGE","name":"","message":"Text \u0027154478183839\u0027 is set on object \u0027Object Repository/LoginPage/txt_Username\u0027","startTime":1544781841562,"endTime":0,"childRecords":[],"interuppted":false}],"interuppted":false},{"index":2,"isIgnoredIfFailed":false,"type":"TEST_STEP","name":"setEncryptedText","message":"Text ****** has been set on object \u0027Object Repository/LoginPage/txt_Password\u0027","description":"Input password to \"password\" textbox","startTime":1544781841563,"endTime":1544781841588,"childRecords":[{"testStatus":{"stackTrace":"","statusValue":"PASSED"},"type":"MESSAGE","name":"","message":"Text ****** has been set on object \u0027Object Repository/LoginPage/txt_Password\u0027","startTime":1544781841588,"endTime":0,"childRecords":[],"interuppted":false}],"interuppted":false},{"index":3,"isIgnoredIfFailed":false,"type":"TEST_STEP","name":"click","message":"Object: \u0027Object Repository/LoginPage/btn_Login\u0027 is clicked on","description":"Click Log in button","startTime":1544781841588,"endTime":1544781842276,"childRecords":[{"testStatus":{"stackTrace":"","statusValue":"PASSED"},"type":"MESSAGE","name":"","message":"Object: \u0027Object Repository/LoginPage/btn_Login\u0027 is clicked on","startTime":1544781842276,"endTime":0,"childRecords":[],"interuppted":false}],"interuppted":false},{"testStatus":{"stackTrace":"","statusValue":"PASSED"},"type":"MESSAGE","name":"","message":"Test Cases/CommonTestcase/LoginSystem","startTime":1544781842276,"endTime":0,"childRecords":[],"interuppted":false}],"interuppted":false},{"testStatus":{"stackTrace":"","statusValue":"PASSED"},"type":"MESSAGE","name":"","message":"Call Test Case \u0027Test Cases/CommonTestcase/LoginSystem\u0027 successfully","startTime":1544781842276,"endTime":0,"childRecords":[],"interuppted":false}],"interuppted":false},{"index":16,"isIgnoredIfFailed":false,"type":"TEST_STEP","name":"verifyMatch","message":"Actual text \u0027Login :: Powered by Subrion 4.2\u0027 and expected text \u0027Login :: Powered by Subrion 4.2\u0027 are matched ","description":"VP:User is still in Log In page","startTime":1544781842277,"endTime":1544781842281,"childRecords":[{"testStatus":{"stackTrace":"","statusValue":"PASSED"},"type":"MESSAGE","name":"","message":"Current window\u0027s title is: \u0027Login :: Powered by Subrion 4.2\u0027","startTime":1544781842280,"endTime":0,"childRecords":[],"interuppted":false},{"testStatus":{"stackTrace":"","statusValue":"PASSED"},"type":"MESSAGE","name":"","message":"Actual text \u0027Login :: Powered by Subrion 4.2\u0027 and expected text \u0027Login :: Powered by Subrion 4.2\u0027 are matched ","startTime":1544781842280,"endTime":0,"childRecords":[],"interuppted":false}],"interuppted":false},{"index":17,"isIgnoredIfFailed":false,"type":"TEST_STEP","name":"verifyTextPresent","message":"Text \u0027Either login or password is invalid.\u0027 is present on page ","description":"Step 5: Verify error message is displayed: “Either login or password is invalid.”  ","startTime":1544781842281,"endTime":1544781842408,"childRecords":[{"testStatus":{"stackTrace":"","statusValue":"PASSED"},"type":"MESSAGE","name":"","message":"Text \u0027Either login or password is invalid.\u0027 is present on page ","startTime":1544781842408,"endTime":0,"childRecords":[],"interuppted":false}],"interuppted":false},{"index":18,"isIgnoredIfFailed":false,"type":"TEST_STEP","name":"Comment - \"Step 6: Login Admin page\"","description":"","startTime":1544781842408,"endTime":1544781842408,"childRecords":[],"interuppted":false},{"index":19,"isIgnoredIfFailed":false,"type":"TEST_STEP","name":"clearText","message":"Text of object \u0027Object Repository/LoginPage/txt_Username\u0027 is cleared","description":"VP: Clear data in User textbox","startTime":1544781842409,"endTime":1544781842440,"childRecords":[{"testStatus":{"stackTrace":"","statusValue":"PASSED"},"type":"MESSAGE","name":"","message":"Text of object \u0027Object Repository/LoginPage/txt_Username\u0027 is cleared","startTime":1544781842439,"endTime":0,"childRecords":[],"interuppted":false}],"interuppted":false},{"index":20,"isIgnoredIfFailed":false,"type":"TEST_STEP","name":"callTestCase","message":"Call Test Case \u0027Test Cases/CommonTestcase/LoginSystem\u0027 successfully","description":"","startTime":1544781842440,"endTime":1544781844178,"childRecords":[{"isOptional":false,"type":"TEST_CASE","name":"Test Cases/CommonTestcase/LoginSystem","id":"Test Cases/CommonTestcase/LoginSystem","source":"D:\\\\MyDocument\\\\Katalon\\\\KATALON\\\\KatalonTest\\\\Test Cases\\\\CommonTestcase\\\\LoginSystem.tc","message":"Test Cases/CommonTestcase/LoginSystem","description":"","startTime":1544781842495,"endTime":1544781844177,"childRecords":[{"testStatus":{"stackTrace":"","statusValue":"INFO"},"type":"MESSAGE","name":"","message":"Evaluating variables for test case","startTime":1544781842498,"endTime":0,"childRecords":[],"interuppted":false},{"index":1,"isIgnoredIfFailed":false,"type":"TEST_STEP","name":"setText","message":"Text \u0027admin\u0027 is set on object \u0027Object Repository/LoginPage/txt_Username\u0027","description":"Input username to \"username\" textbox","startTime":1544781842500,"endTime":1544781842534,"childRecords":[{"testStatus":{"stackTrace":"","statusValue":"PASSED"},"type":"MESSAGE","name":"","message":"Text \u0027admin\u0027 is set on object \u0027Object Repository/LoginPage/txt_Username\u0027","startTime":1544781842533,"endTime":0,"childRecords":[],"interuppted":false}],"interuppted":false},{"index":2,"isIgnoredIfFailed":false,"type":"TEST_STEP","name":"setEncryptedText","message":"Text ****** has been set on object \u0027Object Repository/LoginPage/txt_Password\u0027","description":"Input password to \"password\" textbox","startTime":1544781842534,"endTime":1544781842572,"childRecords":[{"testStatus":{"stackTrace":"","statusValue":"PASSED"},"type":"MESSAGE","name":"","message":"Text ****** has been set on object \u0027Object Repository/LoginPage/txt_Password\u0027","startTime":1544781842571,"endTime":0,"childRecords":[],"interuppted":false}],"interuppted":false},{"index":3,"isIgnoredIfFailed":false,"type":"TEST_STEP","name":"click","message":"Object: \u0027Object Repository/LoginPage/btn_Login\u0027 is clicked on","description":"Click Log in button","startTime":1544781842572,"endTime":1544781844177,"childRecords":[{"testStatus":{"stackTrace":"","statusValue":"PASSED"},"type":"MESSAGE","name":"","message":"Object: \u0027Object Repository/LoginPage/btn_Login\u0027 is clicked on","startTime":1544781844177,"endTime":0,"childRecords":[],"interuppted":false}],"interuppted":false},{"testStatus":{"stackTrace":"","statusValue":"PASSED"},"type":"MESSAGE","name":"","message":"Test Cases/CommonTestcase/LoginSystem","startTime":1544781844177,"endTime":0,"childRecords":[],"interuppted":false}],"interuppted":false},{"testStatus":{"stackTrace":"","statusValue":"PASSED"},"type":"MESSAGE","name":"","message":"Call Test Case \u0027Test Cases/CommonTestcase/LoginSystem\u0027 successfully","startTime":1544781844178,"endTime":0,"childRecords":[],"interuppted":false}],"interuppted":false},{"index":21,"isIgnoredIfFailed":false,"type":"TEST_STEP","name":"verifyMatch","message":"Actual text \u0027My Profile :: Powered by Subrion 4.2\u0027 and expected text \u0027My Profile :: Powered by Subrion 4.2\u0027 are matched ","description":"VP: Brought to My Profile page","startTime":1544781844178,"endTime":1544781844184,"childRecords":[{"testStatus":{"stackTrace":"","statusValue":"PASSED"},"type":"MESSAGE","name":"","message":"Current window\u0027s title is: \u0027My Profile :: Powered by Subrion 4.2\u0027","startTime":1544781844183,"endTime":0,"childRecords":[],"interuppted":false},{"testStatus":{"stackTrace":"","statusValue":"PASSED"},"type":"MESSAGE","name":"","message":"Actual text \u0027My Profile :: Powered by Subrion 4.2\u0027 and expected text \u0027My Profile :: Powered by Subrion 4.2\u0027 are matched ","startTime":1544781844184,"endTime":0,"childRecords":[],"interuppted":false}],"interuppted":false},{"index":22,"isIgnoredIfFailed":false,"type":"TEST_STEP","name":"click","message":"Object: \u0027Object Repository/AdminPage/btn_AdminDashboard\u0027 is clicked on","description":"Step 7: Navigate to Administration Panel page ","startTime":1544781844184,"endTime":1544781844221,"childRecords":[{"testStatus":{"stackTrace":"","statusValue":"PASSED"},"type":"MESSAGE","name":"","message":"Object: \u0027Object Repository/AdminPage/btn_AdminDashboard\u0027 is clicked on","startTime":1544781844221,"endTime":0,"childRecords":[],"interuppted":false}],"interuppted":false},{"index":23,"isIgnoredIfFailed":false,"type":"TEST_STEP","name":"switchToWindowUrl","message":"Switched to window with url: \u0027http://13.250.134.32/subrion/panel/\u0027","description":"","startTime":1544781844222,"endTime":1544781847407,"childRecords":[{"testStatus":{"stackTrace":"","statusValue":"PASSED"},"type":"MESSAGE","name":"","message":"Switched to window with url: \u0027http://13.250.134.32/subrion/panel/\u0027","startTime":1544781847407,"endTime":0,"childRecords":[],"interuppted":false}],"interuppted":false},{"index":24,"isIgnoredIfFailed":false,"type":"TEST_STEP","name":"waitForPageLoad","message":"Wait for page load successfully","description":"VP: Brought to Dashboard page","startTime":1544781847408,"endTime":1544781848929,"childRecords":[{"testStatus":{"stackTrace":"","statusValue":"PASSED"},"type":"MESSAGE","name":"","message":"Wait for page load successfully","startTime":1544781848929,"endTime":0,"childRecords":[],"interuppted":false}],"interuppted":false},{"index":25,"isIgnoredIfFailed":false,"type":"TEST_STEP","name":"verifyMatch","message":"Actual text \u0027Dashboard :: Powered by Subrion 4.2\u0027 and expected text \u0027Dashboard :: Powered by Subrion 4.2\u0027 are matched ","description":"","startTime":1544781848930,"endTime":1544781848937,"childRecords":[{"testStatus":{"stackTrace":"","statusValue":"PASSED"},"type":"MESSAGE","name":"","message":"Current window\u0027s title is: \u0027Dashboard :: Powered by Subrion 4.2\u0027","startTime":1544781848936,"endTime":0,"childRecords":[],"interuppted":false},{"testStatus":{"stackTrace":"","statusValue":"PASSED"},"type":"MESSAGE","name":"","message":"Actual text \u0027Dashboard :: Powered by Subrion 4.2\u0027 and expected text \u0027Dashboard :: Powered by Subrion 4.2\u0027 are matched ","startTime":1544781848936,"endTime":0,"childRecords":[],"interuppted":false}],"interuppted":false},{"index":26,"isIgnoredIfFailed":false,"type":"TEST_STEP","name":"delay","message":"Delayed 10 second(s)","description":"Step 8: Click on \"Member\" menu of main menu","startTime":1544781848937,"endTime":1544781858941,"childRecords":[{"testStatus":{"stackTrace":"","statusValue":"PASSED"},"type":"MESSAGE","name":"","message":"Delayed 10 second(s)","startTime":1544781858941,"endTime":0,"childRecords":[],"interuppted":false}],"interuppted":false},{"index":27,"isIgnoredIfFailed":false,"type":"TEST_STEP","name":"click","message":"Object: \u0027Object Repository/AdminPage/lnk_Members\u0027 is clicked on","description":"","startTime":1544781858941,"endTime":1544781859185,"childRecords":[{"testStatus":{"stackTrace":"","statusValue":"PASSED"},"type":"MESSAGE","name":"","message":"Object: \u0027Object Repository/AdminPage/lnk_Members\u0027 is clicked on","startTime":1544781859184,"endTime":0,"childRecords":[],"interuppted":false}],"interuppted":false},{"index":28,"isIgnoredIfFailed":false,"type":"TEST_STEP","name":"click","message":"Object: \u0027Object Repository/AdminPage/lnk_subMember\u0027 is clicked on","description":"Step 9: Click on \" Member\" menu on Sub menu","startTime":1544781859185,"endTime":1544781860100,"childRecords":[{"testStatus":{"stackTrace":"","statusValue":"PASSED"},"type":"MESSAGE","name":"","message":"Object: \u0027Object Repository/AdminPage/lnk_subMember\u0027 is clicked on","startTime":1544781860099,"endTime":0,"childRecords":[],"interuppted":false}],"interuppted":false},{"index":29,"isIgnoredIfFailed":false,"type":"TEST_STEP","name":"waitForElementVisible","message":"Object \u0027Object Repository/MemberPage/txt_Search\u0027 is visible","description":"Step 10: Click on Edit icon of created member","startTime":1544781860100,"endTime":1544781860663,"childRecords":[{"testStatus":{"stackTrace":"","statusValue":"PASSED"},"type":"MESSAGE","name":"","message":"Object \u0027Object Repository/MemberPage/txt_Search\u0027 is visible","startTime":1544781860662,"endTime":0,"childRecords":[],"interuppted":false}],"interuppted":false},{"index":30,"isIgnoredIfFailed":false,"type":"TEST_STEP","name":"setText","message":"Text \u0027154478183839\u0027 is set on object \u0027Object Repository/MemberPage/txt_Search\u0027","description":"","startTime":1544781860663,"endTime":1544781860718,"childRecords":[{"testStatus":{"stackTrace":"","statusValue":"PASSED"},"type":"MESSAGE","name":"","message":"Text \u0027154478183839\u0027 is set on object \u0027Object Repository/MemberPage/txt_Search\u0027","startTime":1544781860717,"endTime":0,"childRecords":[],"interuppted":false}],"interuppted":false},{"index":31,"isIgnoredIfFailed":false,"type":"TEST_STEP","name":"click","message":"Object: \u0027Object Repository/MemberPage/btn_Search\u0027 is clicked on","description":"","startTime":1544781860718,"endTime":1544781861042,"childRecords":[{"testStatus":{"stackTrace":"","statusValue":"PASSED"},"type":"MESSAGE","name":"","message":"Object: \u0027Object Repository/MemberPage/btn_Search\u0027 is clicked on","startTime":1544781861041,"endTime":0,"childRecords":[],"interuppted":false}],"interuppted":false},{"index":32,"isIgnoredIfFailed":false,"type":"TEST_STEP","name":"delay","message":"Delayed 10 second(s)","description":"","startTime":1544781861042,"endTime":1544781871042,"childRecords":[{"testStatus":{"stackTrace":"","statusValue":"PASSED"},"type":"MESSAGE","name":"","message":"Delayed 10 second(s)","startTime":1544781871041,"endTime":0,"childRecords":[],"interuppted":false}],"interuppted":false},{"index":33,"isIgnoredIfFailed":false,"type":"TEST_STEP","name":"click","message":"Object: \u0027Object Repository/MemberPage/chk_user\u0027 is clicked on","description":"","startTime":1544781871042,"endTime":1544781871288,"childRecords":[{"testStatus":{"stackTrace":"","statusValue":"PASSED"},"type":"MESSAGE","name":"","message":"Object: \u0027Object Repository/MemberPage/chk_user\u0027 is clicked on","startTime":1544781871288,"endTime":0,"childRecords":[],"interuppted":false}],"interuppted":false},{"index":34,"isIgnoredIfFailed":false,"type":"TEST_STEP","name":"click","message":"Object: \u0027Object Repository/AdminPage/btn_Edit\u0027 is clicked on","description":"","startTime":1544781871288,"endTime":1544781872102,"childRecords":[{"testStatus":{"stackTrace":"","statusValue":"PASSED"},"type":"MESSAGE","name":"","message":"Object: \u0027Object Repository/AdminPage/btn_Edit\u0027 is clicked on","startTime":1544781872102,"endTime":0,"childRecords":[],"interuppted":false}],"interuppted":false},{"index":35,"isIgnoredIfFailed":false,"type":"TEST_STEP","name":"verifyMatch","message":"Actual text \u0027Edit Member :: Powered by Subrion 4.2\u0027 and expected text \u0027Edit Member :: Powered by Subrion 4.2\u0027 are matched ","description":"VP: Brought to Edit Member page","startTime":1544781872102,"endTime":1544781872110,"childRecords":[{"testStatus":{"stackTrace":"","statusValue":"PASSED"},"type":"MESSAGE","name":"","message":"Current window\u0027s title is: \u0027Edit Member :: Powered by Subrion 4.2\u0027","startTime":1544781872108,"endTime":0,"childRecords":[],"interuppted":false},{"testStatus":{"stackTrace":"","statusValue":"PASSED"},"type":"MESSAGE","name":"","message":"Actual text \u0027Edit Member :: Powered by Subrion 4.2\u0027 and expected text \u0027Edit Member :: Powered by Subrion 4.2\u0027 are matched ","startTime":1544781872109,"endTime":0,"childRecords":[],"interuppted":false}],"interuppted":false},{"index":36,"isIgnoredIfFailed":false,"type":"TEST_STEP","name":"selectOptionByLabel","message":"All options with label \u0027Active\u0027 are selected in object \u0027Object Repository/EditMemberPage/ddl_Status\u0027 ","description":"Step 11: Select \"Active\" status","startTime":1544781872111,"endTime":1544781872362,"childRecords":[{"testStatus":{"stackTrace":"","statusValue":"PASSED"},"type":"MESSAGE","name":"","message":"All options with label \u0027Active\u0027 are selected in object \u0027Object Repository/EditMemberPage/ddl_Status\u0027 ","startTime":1544781872362,"endTime":0,"childRecords":[],"interuppted":false}],"interuppted":false},{"index":37,"isIgnoredIfFailed":false,"type":"TEST_STEP","name":"click","message":"Object: \u0027Object Repository/EditMemberPage/btn_Save\u0027 is clicked on","description":"Step 12: Click on \"Save\" button","startTime":1544781872362,"endTime":1544781873148,"childRecords":[{"testStatus":{"stackTrace":"","statusValue":"PASSED"},"type":"MESSAGE","name":"","message":"Object: \u0027Object Repository/EditMemberPage/btn_Save\u0027 is clicked on","startTime":1544781873148,"endTime":0,"childRecords":[],"interuppted":false}],"interuppted":false},{"index":38,"isIgnoredIfFailed":false,"type":"TEST_STEP","name":"waitForPageLoad","message":"Wait for page load successfully","description":"Brought to Members page","startTime":1544781873149,"endTime":1544781873197,"childRecords":[{"testStatus":{"stackTrace":"","statusValue":"PASSED"},"type":"MESSAGE","name":"","message":"Wait for page load successfully","startTime":1544781873196,"endTime":0,"childRecords":[],"interuppted":false}],"interuppted":false},{"index":39,"isIgnoredIfFailed":false,"type":"TEST_STEP","name":"delay","message":"Delayed 10 second(s)","description":"Step 13: Log out of the system","startTime":1544781873197,"endTime":1544781883199,"childRecords":[{"testStatus":{"stackTrace":"","statusValue":"PASSED"},"type":"MESSAGE","name":"","message":"Delayed 10 second(s)","startTime":1544781883198,"endTime":0,"childRecords":[],"interuppted":false}],"interuppted":false},{"index":40,"isIgnoredIfFailed":false,"type":"TEST_STEP","name":"click","message":"Object: \u0027Object Repository/MemberPage/btn_Logout\u0027 is clicked on","description":"","startTime":1544781883199,"endTime":1544781883737,"childRecords":[{"testStatus":{"stackTrace":"","statusValue":"PASSED"},"type":"MESSAGE","name":"","message":"Object: \u0027Object Repository/MemberPage/btn_Logout\u0027 is clicked on","startTime":1544781883736,"endTime":0,"childRecords":[],"interuppted":false}],"interuppted":false},{"index":41,"isIgnoredIfFailed":false,"type":"TEST_STEP","name":"click","message":"Object: \u0027Object Repository/AdminPage/btn_BackToHomePage\u0027 is clicked on","description":"Step 14: Navigate to Home Page","startTime":1544781883737,"endTime":1544781884374,"childRecords":[{"testStatus":{"stackTrace":"","statusValue":"PASSED"},"type":"MESSAGE","name":"","message":"Object: \u0027Object Repository/AdminPage/btn_BackToHomePage\u0027 is clicked on","startTime":1544781884374,"endTime":0,"childRecords":[],"interuppted":false}],"interuppted":false},{"index":42,"isIgnoredIfFailed":false,"type":"TEST_STEP","name":"click","message":"Object: \u0027Object Repository/HomePage/lnk_LogIn\u0027 is clicked on","description":"Step 15: Click on \"Log In\" menu","startTime":1544781884375,"endTime":1544781884947,"childRecords":[{"testStatus":{"stackTrace":"","statusValue":"PASSED"},"type":"MESSAGE","name":"","message":"Object: \u0027Object Repository/HomePage/lnk_LogIn\u0027 is clicked on","startTime":1544781884947,"endTime":0,"childRecords":[],"interuppted":false}],"interuppted":false},{"index":43,"isIgnoredIfFailed":false,"type":"TEST_STEP","name":"callTestCase","message":"Call Test Case \u0027Test Cases/CommonTestcase/LoginSystem\u0027 successfully","description":"Step 16: Log in with activated user","startTime":1544781884947,"endTime":1544781885942,"childRecords":[{"isOptional":false,"type":"TEST_CASE","name":"Test Cases/CommonTestcase/LoginSystem","id":"Test Cases/CommonTestcase/LoginSystem","source":"D:\\\\MyDocument\\\\Katalon\\\\KATALON\\\\KatalonTest\\\\Test Cases\\\\CommonTestcase\\\\LoginSystem.tc","message":"Test Cases/CommonTestcase/LoginSystem","description":"","startTime":1544781885003,"endTime":1544781885942,"childRecords":[{"testStatus":{"stackTrace":"","statusValue":"INFO"},"type":"MESSAGE","name":"","message":"Evaluating variables for test case","startTime":1544781885007,"endTime":0,"childRecords":[],"interuppted":false},{"index":1,"isIgnoredIfFailed":false,"type":"TEST_STEP","name":"setText","message":"Text \u0027154478183839\u0027 is set on object \u0027Object Repository/LoginPage/txt_Username\u0027","description":"Input username to \"username\" textbox","startTime":1544781885009,"endTime":1544781885058,"childRecords":[{"testStatus":{"stackTrace":"","statusValue":"PASSED"},"type":"MESSAGE","name":"","message":"Text \u0027154478183839\u0027 is set on object \u0027Object Repository/LoginPage/txt_Username\u0027","startTime":1544781885057,"endTime":0,"childRecords":[],"interuppted":false}],"interuppted":false},{"index":2,"isIgnoredIfFailed":false,"type":"TEST_STEP","name":"setEncryptedText","message":"Text ****** has been set on object \u0027Object Repository/LoginPage/txt_Password\u0027","description":"Input password to \"password\" textbox","startTime":1544781885058,"endTime":1544781885091,"childRecords":[{"testStatus":{"stackTrace":"","statusValue":"PASSED"},"type":"MESSAGE","name":"","message":"Text ****** has been set on object \u0027Object Repository/LoginPage/txt_Password\u0027","startTime":1544781885090,"endTime":0,"childRecords":[],"interuppted":false}],"interuppted":false},{"index":3,"isIgnoredIfFailed":false,"type":"TEST_STEP","name":"click","message":"Object: \u0027Object Repository/LoginPage/btn_Login\u0027 is clicked on","description":"Click Log in button","startTime":1544781885091,"endTime":1544781885942,"childRecords":[{"testStatus":{"stackTrace":"","statusValue":"PASSED"},"type":"MESSAGE","name":"","message":"Object: \u0027Object Repository/LoginPage/btn_Login\u0027 is clicked on","startTime":1544781885941,"endTime":0,"childRecords":[],"interuppted":false}],"interuppted":false},{"testStatus":{"stackTrace":"","statusValue":"PASSED"},"type":"MESSAGE","name":"","message":"Test Cases/CommonTestcase/LoginSystem","startTime":1544781885942,"endTime":0,"childRecords":[],"interuppted":false}],"interuppted":false},{"testStatus":{"stackTrace":"","statusValue":"PASSED"},"type":"MESSAGE","name":"","message":"Call Test Case \u0027Test Cases/CommonTestcase/LoginSystem\u0027 successfully","startTime":1544781885942,"endTime":0,"childRecords":[],"interuppted":false}],"interuppted":false},{"index":44,"isIgnoredIfFailed":false,"type":"TEST_STEP","name":"verifyMatch","message":"Actual text \u0027Home :: Powered by Subrion 4.2\u0027 and expected text \u0027Home :: Powered by Subrion 4.2\u0027 are matched ","description":"Brought to Home Page, username is displayed in the menu bar","startTime":1544781885942,"endTime":1544781885946,"childRecords":[{"testStatus":{"stackTrace":"","statusValue":"PASSED"},"type":"MESSAGE","name":"","message":"Current window\u0027s title is: \u0027Home :: Powered by Subrion 4.2\u0027","startTime":1544781885945,"endTime":0,"childRecords":[],"interuppted":false},{"testStatus":{"stackTrace":"","statusValue":"PASSED"},"type":"MESSAGE","name":"","message":"Actual text \u0027Home :: Powered by Subrion 4.2\u0027 and expected text \u0027Home :: Powered by Subrion 4.2\u0027 are matched ","startTime":1544781885945,"endTime":0,"childRecords":[],"interuppted":false}],"interuppted":false},{"index":45,"isIgnoredIfFailed":false,"type":"TEST_STEP","name":"verifyMatch","message":"Actual text \u0027154478183839_fullName\u0027 and expected text \u0027154478183839_fullName\u0027 are matched ","description":"","startTime":1544781885946,"endTime":1544781885965,"childRecords":[{"testStatus":{"stackTrace":"","statusValue":"PASSED"},"type":"MESSAGE","name":"","message":"Attribute \u0027title\u0027 of object \u0027Object Repository/HomePage/img_User\u0027 is: \u0027154478183839_fullName\u0027","startTime":1544781885964,"endTime":0,"childRecords":[],"interuppted":false},{"testStatus":{"stackTrace":"","statusValue":"PASSED"},"type":"MESSAGE","name":"","message":"Actual text \u0027154478183839_fullName\u0027 and expected text \u0027154478183839_fullName\u0027 are matched ","startTime":1544781885965,"endTime":0,"childRecords":[],"interuppted":false}],"interuppted":false},{"testStatus":{"stackTrace":"","statusValue":"PASSED"},"type":"MESSAGE","name":"","message":"Test Cases/TestCase/TC3_OnlyActiveMemberCanLoginToSystem","startTime":1544781885965,"endTime":0,"childRecords":[],"interuppted":false},{"index":-1,"isIgnoredIfFailed":false,"type":"TEST_STEP","name":"Start listener action : afterTestCase","message":"Browser is closed","description":"","startTime":1544781885965,"endTime":1544781887860,"childRecords":[{"index":1,"isIgnoredIfFailed":false,"type":"TEST_STEP","name":"Statement - println(testCaseContext.getTestCaseId())","description":"","startTime":1544781885965,"endTime":1544781885965,"childRecords":[],"interuppted":false},{"index":2,"isIgnoredIfFailed":false,"type":"TEST_STEP","name":"Statement - println(testCaseContext.getTestCaseStatus())","description":"","startTime":1544781885966,"endTime":1544781885966,"childRecords":[],"interuppted":false},{"index":3,"isIgnoredIfFailed":false,"type":"TEST_STEP","name":"closeBrowser","message":"Browser is closed","description":"","startTime":1544781885966,"endTime":1544781887860,"childRecords":[{"testStatus":{"stackTrace":"","statusValue":"PASSED"},"type":"MESSAGE","name":"","message":"Browser is closed","startTime":1544781887859,"endTime":0,"childRecords":[],"interuppted":false}],"interuppted":false}],"interuppted":false}],"interuppted":false},{"isOptional":false,"type":"TEST_CASE","name":"Test Cases/TestCase/TC1_RegisterMember","id":"Test Cases/TestCase/TC1_RegisterMember","source":"D:\\\\MyDocument\\\\Katalon\\\\KATALON\\\\KatalonTest\\\\Test Cases\\\\TestCase\\\\TC1_RegisterMember.tc","message":"Test Cases/TestCase/TC1_RegisterMember","description":"","startTime":1544781887862,"endTime":1544781954417,"childRecords":[{"testStatus":{"stackTrace":"","statusValue":"INFO"},"type":"MESSAGE","name":"","message":"Evaluating variables for test case","startTime":1544781887867,"endTime":0,"childRecords":[],"interuppted":false},{"index":-1,"isIgnoredIfFailed":false,"type":"TEST_STEP","name":"Start listener action : beforeTestCase","message":"Variable \u0027ShortTimeout\u0027 is not defined for test case.","description":"","startTime":1544781887867,"endTime":1544781917847,"childRecords":[{"index":1,"isIgnoredIfFailed":false,"type":"TEST_STEP","name":"Statement - println(testCaseContext.getTestCaseId())","description":"","startTime":1544781887868,"endTime":1544781887868,"childRecords":[],"interuppted":false},{"index":2,"isIgnoredIfFailed":false,"type":"TEST_STEP","name":"Statement - println(testCaseContext.getTestCaseVariables())","description":"","startTime":1544781887868,"endTime":1544781887868,"childRecords":[],"interuppted":false},{"index":3,"isIgnoredIfFailed":false,"type":"TEST_STEP","name":"openBrowser","message":"Browser is opened with url: \u0027http://13.250.134.32/subrion/\u0027","description":"","startTime":1544781887868,"endTime":1544781917814,"childRecords":[{"testStatus":{"stackTrace":"","statusValue":"PASSED"},"type":"MESSAGE","name":"","message":"Browser is opened with url: \u0027http://13.250.134.32/subrion/\u0027","startTime":1544781917813,"endTime":0,"childRecords":[],"interuppted":false}],"interuppted":false},{"index":4,"isIgnoredIfFailed":false,"type":"TEST_STEP","name":"maximizeWindow","message":"Current window maximized","description":"","startTime":1544781917814,"endTime":1544781917847,"childRecords":[{"testStatus":{"stackTrace":"","statusValue":"PASSED"},"type":"MESSAGE","name":"","message":"Current window maximized","startTime":1544781917846,"endTime":0,"childRecords":[],"interuppted":false}],"interuppted":false},{"index":5,"isIgnoredIfFailed":false,"type":"TEST_STEP","name":"waitForPageLoad","message":"Variable \u0027ShortTimeout\u0027 is not defined for test case.","description":"","startTime":1544781917847,"endTime":1544781917847,"childRecords":[{"testStatus":{"stackTrace":"","statusValue":"ERROR"},"type":"MESSAGE","name":"","message":"Variable \u0027ShortTimeout\u0027 is not defined for test case.","startTime":1544781917847,"endTime":0,"childRecords":[],"interuppted":false}],"interuppted":false}],"interuppted":false},{"index":1,"isIgnoredIfFailed":false,"type":"TEST_STEP","name":"Statement - userName \u003d CustomKeywords.com.kms.cms.MyKeyword.getRandomUser()","message":"com.kms.cms.MyKeyword.getRandomUser is PASSED","description":"PREPARE DATA","startTime":1544781918005,"endTime":1544781918006,"childRecords":[{"testStatus":{"stackTrace":"","statusValue":"PASSED"},"type":"MESSAGE","name":"","message":"com.kms.cms.MyKeyword.getRandomUser is PASSED","startTime":1544781918005,"endTime":0,"childRecords":[],"interuppted":false}],"interuppted":false},{"index":2,"isIgnoredIfFailed":false,"type":"TEST_STEP","name":"Statement - fullName \u003d userName + \"_fullName\"","description":"","startTime":1544781918006,"endTime":1544781918006,"childRecords":[],"interuppted":false},{"index":3,"isIgnoredIfFailed":false,"type":"TEST_STEP","name":"Statement - email \u003d userName + \"@gmail.com\"","description":"","startTime":1544781918006,"endTime":1544781918006,"childRecords":[],"interuppted":false},{"index":4,"isIgnoredIfFailed":false,"type":"TEST_STEP","name":"Statement - passWord \u003d \"BiNouLunM3UiJsgMQbjdfQ\u003d\u003d\"","description":"","startTime":1544781918006,"endTime":1544781918007,"childRecords":[],"interuppted":false},{"index":5,"isIgnoredIfFailed":false,"type":"TEST_STEP","name":"Statement - confirmPass \u003d passWord","description":"","startTime":1544781918007,"endTime":1544781918007,"childRecords":[],"interuppted":false},{"index":6,"isIgnoredIfFailed":false,"type":"TEST_STEP","name":"Comment - \"Step 1: Navigate to CMS Home page\"","description":"","startTime":1544781918007,"endTime":1544781918007,"childRecords":[],"interuppted":false},{"index":7,"isIgnoredIfFailed":false,"type":"TEST_STEP","name":"verifyMatch","message":"Actual text \u0027Home :: Powered by Subrion 4.2\u0027 and expected text \u0027Home :: Powered by Subrion 4.2\u0027 are matched ","description":"VP: Brought to Home page","startTime":1544781918007,"endTime":1544781918012,"childRecords":[{"testStatus":{"stackTrace":"","statusValue":"PASSED"},"type":"MESSAGE","name":"","message":"Current window\u0027s title is: \u0027Home :: Powered by Subrion 4.2\u0027","startTime":1544781918011,"endTime":0,"childRecords":[],"interuppted":false},{"testStatus":{"stackTrace":"","statusValue":"PASSED"},"type":"MESSAGE","name":"","message":"Actual text \u0027Home :: Powered by Subrion 4.2\u0027 and expected text \u0027Home :: Powered by Subrion 4.2\u0027 are matched ","startTime":1544781918012,"endTime":0,"childRecords":[],"interuppted":false}],"interuppted":false},{"index":8,"isIgnoredIfFailed":false,"type":"TEST_STEP","name":"click","message":"Object: \u0027Object Repository/HomePage/lnk_SignUp\u0027 is clicked on","description":"Step 2: Click on \"Sign Up\" link in Main Menu","startTime":1544781918012,"endTime":1544781918673,"childRecords":[{"testStatus":{"stackTrace":"","statusValue":"PASSED"},"type":"MESSAGE","name":"","message":"Object: \u0027Object Repository/HomePage/lnk_SignUp\u0027 is clicked on","startTime":1544781918672,"endTime":0,"childRecords":[],"interuppted":false}],"interuppted":false},{"index":9,"isIgnoredIfFailed":false,"type":"TEST_STEP","name":"callTestCase","message":"Call Test Case \u0027Test Cases/CommonTestcase/CreateNewUser\u0027 successfully","description":"Step 3: Register a Member ","startTime":1544781918673,"endTime":1544781921248,"childRecords":[{"isOptional":false,"type":"TEST_CASE","name":"Test Cases/CommonTestcase/CreateNewUser","id":"Test Cases/CommonTestcase/CreateNewUser","source":"D:\\\\MyDocument\\\\Katalon\\\\KATALON\\\\KatalonTest\\\\Test Cases\\\\CommonTestcase\\\\CreateNewUser.tc","message":"Test Cases/CommonTestcase/CreateNewUser","description":"","startTime":1544781918728,"endTime":1544781921248,"childRecords":[{"testStatus":{"stackTrace":"","statusValue":"INFO"},"type":"MESSAGE","name":"","message":"Evaluating variables for test case","startTime":1544781918732,"endTime":0,"childRecords":[],"interuppted":false},{"index":1,"isIgnoredIfFailed":false,"type":"TEST_STEP","name":"setText","message":"Text \u0027154478191801\u0027 is set on object \u0027Object Repository/RegisterPage/txt_Username\u0027","description":"Step 1: Input value into \"Username\" field","startTime":1544781918733,"endTime":1544781918785,"childRecords":[{"testStatus":{"stackTrace":"","statusValue":"PASSED"},"type":"MESSAGE","name":"","message":"Text \u0027154478191801\u0027 is set on object \u0027Object Repository/RegisterPage/txt_Username\u0027","startTime":1544781918784,"endTime":0,"childRecords":[],"interuppted":false}],"interuppted":false},{"index":2,"isIgnoredIfFailed":false,"type":"TEST_STEP","name":"setText","message":"Text \u0027154478191801_fullName\u0027 is set on object \u0027Object Repository/RegisterPage/txt_Fullname\u0027","description":"Step 2: Input value into \"Full Name\" field","startTime":1544781918786,"endTime":1544781918844,"childRecords":[{"testStatus":{"stackTrace":"","statusValue":"PASSED"},"type":"MESSAGE","name":"","message":"Text \u0027154478191801_fullName\u0027 is set on object \u0027Object Repository/RegisterPage/txt_Fullname\u0027","startTime":1544781918844,"endTime":0,"childRecords":[],"interuppted":false}],"interuppted":false},{"index":3,"isIgnoredIfFailed":false,"type":"TEST_STEP","name":"setText","message":"Text \u0027154478191801@gmail.com\u0027 is set on object \u0027Object Repository/RegisterPage/txt_Email\u0027","description":"Step 3: Input value into \"Email\" field","startTime":1544781918844,"endTime":1544781918884,"childRecords":[{"testStatus":{"stackTrace":"","statusValue":"PASSED"},"type":"MESSAGE","name":"","message":"Text \u0027154478191801@gmail.com\u0027 is set on object \u0027Object Repository/RegisterPage/txt_Email\u0027","startTime":1544781918884,"endTime":0,"childRecords":[],"interuppted":false}],"interuppted":false},{"index":4,"isIgnoredIfFailed":false,"type":"TEST_STEP","name":"selectOptionByLabel","message":"All options with label \u0027Male\u0027 are selected in object \u0027Object Repository/RegisterPage/ddl_Gender\u0027 ","description":"Step 4: Select value into \"Gender\" field","startTime":1544781918884,"endTime":1544781919131,"childRecords":[{"testStatus":{"stackTrace":"","statusValue":"PASSED"},"type":"MESSAGE","name":"","message":"All options with label \u0027Male\u0027 are selected in object \u0027Object Repository/RegisterPage/ddl_Gender\u0027 ","startTime":1544781919131,"endTime":0,"childRecords":[],"interuppted":false}],"interuppted":false},{"index":5,"isIgnoredIfFailed":false,"type":"TEST_STEP","name":"setEncryptedText","message":"Text ****** has been set on object \u0027Object Repository/RegisterPage/txt_Pass\u0027","description":"Step 5: Input value into \"Your password\" field","startTime":1544781919131,"endTime":1544781919168,"childRecords":[{"testStatus":{"stackTrace":"","statusValue":"PASSED"},"type":"MESSAGE","name":"","message":"Text ****** has been set on object \u0027Object Repository/RegisterPage/txt_Pass\u0027","startTime":1544781919167,"endTime":0,"childRecords":[],"interuppted":false}],"interuppted":false},{"index":6,"isIgnoredIfFailed":false,"type":"TEST_STEP","name":"setEncryptedText","message":"Text ****** has been set on object \u0027Object Repository/RegisterPage/txt_Confirmpass\u0027","description":"Step 6: Input value into \"Confirm your password:\" field","startTime":1544781919168,"endTime":1544781919198,"childRecords":[{"testStatus":{"stackTrace":"","statusValue":"PASSED"},"type":"MESSAGE","name":"","message":"Text ****** has been set on object \u0027Object Repository/RegisterPage/txt_Confirmpass\u0027","startTime":1544781919198,"endTime":0,"childRecords":[],"interuppted":false}],"interuppted":false},{"index":7,"isIgnoredIfFailed":false,"type":"TEST_STEP","name":"click","message":"Object: \u0027Object Repository/RegisterPage/btn_Registration\u0027 is clicked on","description":"Step 7: Click on \"Registration\" button ","startTime":1544781919198,"endTime":1544781921248,"childRecords":[{"testStatus":{"stackTrace":"","statusValue":"PASSED"},"type":"MESSAGE","name":"","message":"Object: \u0027Object Repository/RegisterPage/btn_Registration\u0027 is clicked on","startTime":1544781921247,"endTime":0,"childRecords":[],"interuppted":false}],"interuppted":false},{"testStatus":{"stackTrace":"","statusValue":"PASSED"},"type":"MESSAGE","name":"","message":"Test Cases/CommonTestcase/CreateNewUser","startTime":1544781921248,"endTime":0,"childRecords":[],"interuppted":false}],"interuppted":false},{"testStatus":{"stackTrace":"","statusValue":"PASSED"},"type":"MESSAGE","name":"","message":"Call Test Case \u0027Test Cases/CommonTestcase/CreateNewUser\u0027 successfully","startTime":1544781921248,"endTime":0,"childRecords":[],"interuppted":false}],"interuppted":false},{"index":10,"isIgnoredIfFailed":false,"type":"TEST_STEP","name":"verifyMatch","message":"Actual text \u0027Registration :: Powered by Subrion 4.2\u0027 and expected text \u0027Registration :: Powered by Subrion 4.2\u0027 are matched ","description":"VP: Brought to Registration page","startTime":1544781921248,"endTime":1544781921255,"childRecords":[{"testStatus":{"stackTrace":"","statusValue":"PASSED"},"type":"MESSAGE","name":"","message":"Current window\u0027s title is: \u0027Registration :: Powered by Subrion 4.2\u0027","startTime":1544781921254,"endTime":0,"childRecords":[],"interuppted":false},{"testStatus":{"stackTrace":"","statusValue":"PASSED"},"type":"MESSAGE","name":"","message":"Actual text \u0027Registration :: Powered by Subrion 4.2\u0027 and expected text \u0027Registration :: Powered by Subrion 4.2\u0027 are matched ","startTime":1544781921255,"endTime":0,"childRecords":[],"interuppted":false}],"interuppted":false},{"index":11,"isIgnoredIfFailed":false,"type":"TEST_STEP","name":"verifyTextPresent","message":"Text \u0027Member registered! Thank you!\u0027 is present on page ","description":"Step 4: Verify the successful message \"Member registered! Thank you!\" is displayed correctly","startTime":1544781921255,"endTime":1544781921353,"childRecords":[{"testStatus":{"stackTrace":"","statusValue":"PASSED"},"type":"MESSAGE","name":"","message":"Text \u0027Member registered! Thank you!\u0027 is present on page ","startTime":1544781921353,"endTime":0,"childRecords":[],"interuppted":false}],"interuppted":false},{"index":12,"isIgnoredIfFailed":false,"type":"TEST_STEP","name":"verifyTextPresent","message":"Text \u0027154478191801@gmail.com\u0027 is present on page ","description":"Step 5: Verify the registration email is displayed in the information message","startTime":1544781921354,"endTime":1544781921446,"childRecords":[{"testStatus":{"stackTrace":"","statusValue":"PASSED"},"type":"MESSAGE","name":"","message":"Text \u0027154478191801@gmail.com\u0027 is present on page ","startTime":1544781921446,"endTime":0,"childRecords":[],"interuppted":false}],"interuppted":false},{"index":13,"isIgnoredIfFailed":false,"type":"TEST_STEP","name":"callTestCase","message":"Call Test Case \u0027Test Cases/CommonTestcase/DeleteUser\u0027 successfully","description":"CLEAN UP","startTime":1544781921447,"endTime":1544781952469,"childRecords":[{"isOptional":true,"type":"TEST_CASE","name":"Test Cases/CommonTestcase/DeleteUser","id":"Test Cases/CommonTestcase/DeleteUser","source":"D:\\\\MyDocument\\\\Katalon\\\\KATALON\\\\KatalonTest\\\\Test Cases\\\\CommonTestcase\\\\DeleteUser.tc","message":"Test Cases/CommonTestcase/DeleteUser","description":"","startTime":1544781921502,"endTime":1544781952469,"childRecords":[{"testStatus":{"stackTrace":"","statusValue":"INFO"},"type":"MESSAGE","name":"","message":"Evaluating variables for test case","startTime":1544781921506,"endTime":0,"childRecords":[],"interuppted":false},{"index":1,"isIgnoredIfFailed":false,"type":"TEST_STEP","name":"navigateToUrl","message":"Navigate to \u0027http://13.250.134.32/subrion/panel/\u0027 successfully","description":"Step 1: Navigate to Admin page","startTime":1544781921581,"endTime":1544781922258,"childRecords":[{"testStatus":{"stackTrace":"","statusValue":"PASSED"},"type":"MESSAGE","name":"","message":"Navigate to \u0027http://13.250.134.32/subrion/panel/\u0027 successfully","startTime":1544781922258,"endTime":0,"childRecords":[],"interuppted":false}],"interuppted":false},{"index":2,"isIgnoredIfFailed":false,"type":"TEST_STEP","name":"maximizeWindow","message":"Current window maximized","description":"","startTime":1544781922258,"endTime":1544781925772,"childRecords":[{"testStatus":{"stackTrace":"","statusValue":"PASSED"},"type":"MESSAGE","name":"","message":"Current window maximized","startTime":1544781925772,"endTime":0,"childRecords":[],"interuppted":false}],"interuppted":false},{"index":3,"isIgnoredIfFailed":false,"type":"TEST_STEP","name":"callTestCase","message":"Call Test Case \u0027Test Cases/CommonTestcase/LogintoAdminPage\u0027 successfully","description":"Step 2: Login Admin page","startTime":1544781925773,"endTime":1544781926994,"childRecords":[{"isOptional":true,"type":"TEST_CASE","name":"Test Cases/CommonTestcase/LogintoAdminPage","id":"Test Cases/CommonTestcase/LogintoAdminPage","source":"D:\\\\MyDocument\\\\Katalon\\\\KATALON\\\\KatalonTest\\\\Test Cases\\\\CommonTestcase\\\\LogintoAdminPage.tc","message":"Test Cases/CommonTestcase/LogintoAdminPage","description":"","startTime":1544781925830,"endTime":1544781926994,"childRecords":[{"testStatus":{"stackTrace":"","statusValue":"INFO"},"type":"MESSAGE","name":"","message":"Evaluating variables for test case","startTime":1544781925833,"endTime":0,"childRecords":[],"interuppted":false},{"index":1,"isIgnoredIfFailed":false,"type":"TEST_STEP","name":"setText","message":"Text \u0027admin\u0027 is set on object \u0027Object Repository/SubrionAdminPane/txt_userName\u0027","description":"Input username to username textbox","startTime":1544781925916,"endTime":1544781925954,"childRecords":[{"testStatus":{"stackTrace":"","statusValue":"PASSED"},"type":"MESSAGE","name":"","message":"Text \u0027admin\u0027 is set on object \u0027Object Repository/SubrionAdminPane/txt_userName\u0027","startTime":1544781925954,"endTime":0,"childRecords":[],"interuppted":false}],"interuppted":false},{"index":2,"isIgnoredIfFailed":false,"type":"TEST_STEP","name":"setEncryptedText","message":"Text ****** has been set on object \u0027Object Repository/SubrionAdminPane/txt_Password\u0027","description":"Input password to password textbox","startTime":1544781925954,"endTime":1544781925987,"childRecords":[{"testStatus":{"stackTrace":"","statusValue":"PASSED"},"type":"MESSAGE","name":"","message":"Text ****** has been set on object \u0027Object Repository/SubrionAdminPane/txt_Password\u0027","startTime":1544781925987,"endTime":0,"childRecords":[],"interuppted":false}],"interuppted":false},{"index":3,"isIgnoredIfFailed":false,"type":"TEST_STEP","name":"click","message":"Object: \u0027Object Repository/SubrionAdminPane/btn_Login\u0027 is clicked on","description":"Click Log in button","startTime":1544781925987,"endTime":1544781926994,"childRecords":[{"testStatus":{"stackTrace":"","statusValue":"PASSED"},"type":"MESSAGE","name":"","message":"Object: \u0027Object Repository/SubrionAdminPane/btn_Login\u0027 is clicked on","startTime":1544781926993,"endTime":0,"childRecords":[],"interuppted":false}],"interuppted":false},{"testStatus":{"stackTrace":"","statusValue":"PASSED"},"type":"MESSAGE","name":"","message":"Test Cases/CommonTestcase/LogintoAdminPage","startTime":1544781926994,"endTime":0,"childRecords":[],"interuppted":false}],"interuppted":false},{"testStatus":{"stackTrace":"","statusValue":"PASSED"},"type":"MESSAGE","name":"","message":"Call Test Case \u0027Test Cases/CommonTestcase/LogintoAdminPage\u0027 successfully","startTime":1544781926994,"endTime":0,"childRecords":[],"interuppted":false}],"interuppted":false},{"index":4,"isIgnoredIfFailed":false,"type":"TEST_STEP","name":"waitForPageLoad","message":"Wait for page load successfully","description":"Verify Admin page available","startTime":1544781926994,"endTime":1544781927024,"childRecords":[{"testStatus":{"stackTrace":"","statusValue":"PASSED"},"type":"MESSAGE","name":"","message":"Wait for page load successfully","startTime":1544781927023,"endTime":0,"childRecords":[],"interuppted":false}],"interuppted":false},{"index":5,"isIgnoredIfFailed":false,"type":"TEST_STEP","name":"delay","message":"Delayed 10 second(s)","description":"Step 3: Click on \"Member\" menu of main menu","startTime":1544781927024,"endTime":1544781937024,"childRecords":[{"testStatus":{"stackTrace":"","statusValue":"PASSED"},"type":"MESSAGE","name":"","message":"Delayed 10 second(s)","startTime":1544781937024,"endTime":0,"childRecords":[],"interuppted":false}],"interuppted":false},{"index":6,"isIgnoredIfFailed":false,"type":"TEST_STEP","name":"waitForElementClickable","message":"Object \u0027Object Repository/AdminPage/lnk_Members\u0027 is clickable","description":"","startTime":1544781937024,"endTime":1544781937058,"childRecords":[{"testStatus":{"stackTrace":"","statusValue":"PASSED"},"type":"MESSAGE","name":"","message":"Object \u0027Object Repository/AdminPage/lnk_Members\u0027 is clickable","startTime":1544781937057,"endTime":0,"childRecords":[],"interuppted":false}],"interuppted":false},{"index":7,"isIgnoredIfFailed":false,"type":"TEST_STEP","name":"click","message":"Object: \u0027Object Repository/AdminPage/lnk_Members\u0027 is clicked on","description":"","startTime":1544781937058,"endTime":1544781937467,"childRecords":[{"testStatus":{"stackTrace":"","statusValue":"PASSED"},"type":"MESSAGE","name":"","message":"Object: \u0027Object Repository/AdminPage/lnk_Members\u0027 is clicked on","startTime":1544781937467,"endTime":0,"childRecords":[],"interuppted":false}],"interuppted":false},{"index":8,"isIgnoredIfFailed":false,"type":"TEST_STEP","name":"click","message":"Object: \u0027Object Repository/AdminPage/lnk_subMember\u0027 is clicked on","description":"Step 4: Click on \" Member\" menu on Sub menu","startTime":1544781937467,"endTime":1544781938174,"childRecords":[{"testStatus":{"stackTrace":"","statusValue":"PASSED"},"type":"MESSAGE","name":"","message":"Object: \u0027Object Repository/AdminPage/lnk_subMember\u0027 is clicked on","startTime":1544781938173,"endTime":0,"childRecords":[],"interuppted":false}],"interuppted":false},{"index":9,"isIgnoredIfFailed":false,"type":"TEST_STEP","name":"waitForElementVisible","message":"Object \u0027Object Repository/MemberPage/txt_Search\u0027 is visible","description":"Step 5: Click on \"Delete\" icon of created member","startTime":1544781938174,"endTime":1544781939727,"childRecords":[{"testStatus":{"stackTrace":"","statusValue":"PASSED"},"type":"MESSAGE","name":"","message":"Object \u0027Object Repository/MemberPage/txt_Search\u0027 is visible","startTime":1544781939727,"endTime":0,"childRecords":[],"interuppted":false}],"interuppted":false},{"index":10,"isIgnoredIfFailed":false,"type":"TEST_STEP","name":"setText","message":"Text \u0027154478191801\u0027 is set on object \u0027Object Repository/MemberPage/txt_Search\u0027","description":"","startTime":1544781939727,"endTime":1544781939771,"childRecords":[{"testStatus":{"stackTrace":"","statusValue":"PASSED"},"type":"MESSAGE","name":"","message":"Text \u0027154478191801\u0027 is set on object \u0027Object Repository/MemberPage/txt_Search\u0027","startTime":1544781939771,"endTime":0,"childRecords":[],"interuppted":false}],"interuppted":false},{"index":11,"isIgnoredIfFailed":false,"type":"TEST_STEP","name":"click","message":"Object: \u0027Object Repository/MemberPage/btn_Search\u0027 is clicked on","description":"","startTime":1544781939771,"endTime":1544781940488,"childRecords":[{"testStatus":{"stackTrace":"","statusValue":"PASSED"},"type":"MESSAGE","name":"","message":"Object: \u0027Object Repository/MemberPage/btn_Search\u0027 is clicked on","startTime":1544781940488,"endTime":0,"childRecords":[],"interuppted":false}],"interuppted":false},{"index":12,"isIgnoredIfFailed":false,"type":"TEST_STEP","name":"delay","message":"Delayed 10 second(s)","description":"","startTime":1544781940489,"endTime":1544781950489,"childRecords":[{"testStatus":{"stackTrace":"","statusValue":"PASSED"},"type":"MESSAGE","name":"","message":"Delayed 10 second(s)","startTime":1544781950489,"endTime":0,"childRecords":[],"interuppted":false}],"interuppted":false},{"index":13,"isIgnoredIfFailed":false,"type":"TEST_STEP","name":"click","message":"Object: \u0027Object Repository/MemberPage/chk_user\u0027 is clicked on","description":"","startTime":1544781950489,"endTime":1544781951205,"childRecords":[{"testStatus":{"stackTrace":"","statusValue":"PASSED"},"type":"MESSAGE","name":"","message":"Object: \u0027Object Repository/MemberPage/chk_user\u0027 is clicked on","startTime":1544781951205,"endTime":0,"childRecords":[],"interuppted":false}],"interuppted":false},{"index":14,"isIgnoredIfFailed":false,"type":"TEST_STEP","name":"click","message":"Object: \u0027Object Repository/MemberPage/btn_Remove\u0027 is clicked on","description":"","startTime":1544781951205,"endTime":1544781951722,"childRecords":[{"testStatus":{"stackTrace":"","statusValue":"PASSED"},"type":"MESSAGE","name":"","message":"Object: \u0027Object Repository/MemberPage/btn_Remove\u0027 is clicked on","startTime":1544781951721,"endTime":0,"childRecords":[],"interuppted":false}],"interuppted":false},{"index":15,"isIgnoredIfFailed":false,"type":"TEST_STEP","name":"click","message":"Object: \u0027Object Repository/MemberPage/btn_YesConfirm\u0027 is clicked on","description":"Step 6: Select Yes to delete the user","startTime":1544781951722,"endTime":1544781952469,"childRecords":[{"testStatus":{"stackTrace":"","statusValue":"PASSED"},"type":"MESSAGE","name":"","message":"Object: \u0027Object Repository/MemberPage/btn_YesConfirm\u0027 is clicked on","startTime":1544781952468,"endTime":0,"childRecords":[],"interuppted":false}],"interuppted":false},{"testStatus":{"stackTrace":"","statusValue":"PASSED"},"type":"MESSAGE","name":"","message":"Test Cases/CommonTestcase/DeleteUser","startTime":1544781952469,"endTime":0,"childRecords":[],"interuppted":false}],"interuppted":false},{"testStatus":{"stackTrace":"","statusValue":"PASSED"},"type":"MESSAGE","name":"","message":"Call Test Case \u0027Test Cases/CommonTestcase/DeleteUser\u0027 successfully","startTime":1544781952469,"endTime":0,"childRecords":[],"interuppted":false}],"interuppted":false},{"testStatus":{"stackTrace":"","statusValue":"PASSED"},"type":"MESSAGE","name":"","message":"Test Cases/TestCase/TC1_RegisterMember","startTime":1544781952470,"endTime":0,"childRecords":[],"interuppted":false},{"index":-1,"isIgnoredIfFailed":false,"type":"TEST_STEP","name":"Start listener action : afterTestCase","message":"Browser is closed","description":"","startTime":1544781952470,"endTime":1544781954417,"childRecords":[{"index":1,"isIgnoredIfFailed":false,"type":"TEST_STEP","name":"Statement - println(testCaseContext.getTestCaseId())","description":"","startTime":1544781952470,"endTime":1544781952471,"childRecords":[],"interuppted":false},{"index":2,"isIgnoredIfFailed":false,"type":"TEST_STEP","name":"Statement - println(testCaseContext.getTestCaseStatus())","description":"","startTime":1544781952471,"endTime":1544781952471,"childRecords":[],"interuppted":false},{"index":3,"isIgnoredIfFailed":false,"type":"TEST_STEP","name":"closeBrowser","message":"Browser is closed","description":"","startTime":1544781952471,"endTime":1544781954417,"childRecords":[{"testStatus":{"stackTrace":"","statusValue":"PASSED"},"type":"MESSAGE","name":"","message":"Browser is closed","startTime":1544781954417,"endTime":0,"childRecords":[],"interuppted":false}],"interuppted":false}],"interuppted":false}],"interuppted":false}],"interuppted":false}