Suite/Test/Step Name,Browser,Description,Start time,End time,Duration,Status
TestSuites_1,Chrome 70.0.3538.110,,2018-12-14 16:11:00,2018-12-14 16:13:15,2m - 14.779s,PASSED
,,,,,,
Test Cases/TestCase/TC2_AddBlogEntry,Chrome 70.0.3538.110,,2018-12-14 16:11:01,2018-12-14 16:11:34,33.490s,PASSED
Start listener action : beforeTestCase,Chrome 70.0.3538.110,,2018-12-14 16:11:01,2018-12-14 16:11:13,11.999s,ERROR
"Statement - header = ""["" + CustomKeywords.com.kms.cms.MyKeyword.getCurrentDateTime() + ""]"" + "" U23 Vietnam won U23 Irag""",Chrome 70.0.3538.110,PREPARE,2018-12-14 16:11:13,2018-12-14 16:11:13,0.022s,PASSED
"Statement - body = ""U23 Vietnam went to the final match with U23 Uzbekistan""",Chrome 70.0.3538.110,,2018-12-14 16:11:13,2018-12-14 16:11:13,0.001s,PASSED
"Statement - tag = ""football""",Chrome 70.0.3538.110,,2018-12-14 16:11:13,2018-12-14 16:11:13,0.000s,PASSED
"Statement - blogEntryTitle = header + "" :: Powered by Subrion 4.2""",Chrome 70.0.3538.110,,2018-12-14 16:11:13,2018-12-14 16:11:13,0.000s,PASSED
"Comment - ""Step 1: Log in to System""",Chrome 70.0.3538.110,,2018-12-14 16:11:13,2018-12-14 16:11:13,0.001s,PASSED
click,Chrome 70.0.3538.110,VP: Login to the System,2018-12-14 16:11:13,2018-12-14 16:11:13,0.652s,PASSED
callTestCase,Chrome 70.0.3538.110,,2018-12-14 16:11:13,2018-12-14 16:11:15,1.646s,PASSED
click,Chrome 70.0.3538.110,"Step 2: Click on ""Blog"" menu",2018-12-14 16:11:15,2018-12-14 16:11:16,0.935s,PASSED
callTestCase,Chrome 70.0.3538.110,Step 3: Add blog,2018-12-14 16:11:16,2018-12-14 16:11:33,16.869s,PASSED
verifyMatch,Chrome 70.0.3538.110,"VP: Brought to ""Blog Entry"" page",2018-12-14 16:11:33,2018-12-14 16:11:33,0.018s,PASSED
"Comment - ""Step 4: Verify the ""Blog Entry"" page""",Chrome 70.0.3538.110,,2018-12-14 16:11:33,2018-12-14 16:11:33,0.000s,PASSED
verifyMatch,Chrome 70.0.3538.110,"VP: Verify the title, the content, the tags are displayed correctly",2018-12-14 16:11:33,2018-12-14 16:11:33,0.042s,PASSED
verifyMatch,Chrome 70.0.3538.110,,2018-12-14 16:11:33,2018-12-14 16:11:33,0.032s,PASSED
verifyMatch,Chrome 70.0.3538.110,,2018-12-14 16:11:33,2018-12-14 16:11:33,0.034s,PASSED
Start listener action : afterTestCase,Chrome 70.0.3538.110,,2018-12-14 16:11:33,2018-12-14 16:11:34,1.116s,PASSED
,,,,,,
Test Cases/TestCase/TC3_OnlyActiveMemberCanLoginToSystem,Chrome 70.0.3538.110,,2018-12-14 16:11:34,2018-12-14 16:12:34,59.571s,PASSED
Start listener action : beforeTestCase,Chrome 70.0.3538.110,,2018-12-14 16:11:34,2018-12-14 16:11:47,13.315s,ERROR
Statement - userName = CustomKeywords.com.kms.cms.MyKeyword.getRandomUser(),Chrome 70.0.3538.110,PREPARE DATA,2018-12-14 16:11:48,2018-12-14 16:11:48,0.012s,PASSED
"Statement - fullName = userName + ""_fullName""",Chrome 70.0.3538.110,,2018-12-14 16:11:48,2018-12-14 16:11:48,0.001s,PASSED
"Statement - email = userName + ""@gmail.com""",Chrome 70.0.3538.110,,2018-12-14 16:11:48,2018-12-14 16:11:48,0.001s,PASSED
"Statement - passWord = ""BiNouLunM3UiJsgMQbjdfQ==""",Chrome 70.0.3538.110,,2018-12-14 16:11:48,2018-12-14 16:11:48,0.001s,PASSED
Statement - confirmPass = passWord,Chrome 70.0.3538.110,,2018-12-14 16:11:48,2018-12-14 16:11:48,0.001s,PASSED
"Statement - invalidLogin = ""Either login or password is invalid.""",Chrome 70.0.3538.110,,2018-12-14 16:11:48,2018-12-14 16:11:48,0.001s,PASSED
"Statement - status = ""Active""",Chrome 70.0.3538.110,,2018-12-14 16:11:48,2018-12-14 16:11:48,0.001s,PASSED
Statement - currentTab = com.kms.katalon.core.webui.keyword.WebUiBuiltInKeywords.getWindowIndex(),Chrome 70.0.3538.110,,2018-12-14 16:11:48,2018-12-14 16:11:48,0.026s,PASSED
"Comment - ""Step 1: Navigate to CMS Home page""",Chrome 70.0.3538.110,,2018-12-14 16:11:48,2018-12-14 16:11:48,0.001s,PASSED
verifyMatch,Chrome 70.0.3538.110,VP: Brought to Home page,2018-12-14 16:11:48,2018-12-14 16:11:48,0.011s,PASSED
click,Chrome 70.0.3538.110,Step 2: Follow steps in TC#1 to create a new user,2018-12-14 16:11:48,2018-12-14 16:11:48,0.661s,PASSED
callTestCase,Chrome 70.0.3538.110,,2018-12-14 16:11:48,2018-12-14 16:11:50,1.849s,PASSED
click,Chrome 70.0.3538.110,"Step 3: Click on ""Log In"" menu",2018-12-14 16:11:50,2018-12-14 16:11:51,0.438s,PASSED
verifyMatch,Chrome 70.0.3538.110,VP: Brought to Login page,2018-12-14 16:11:51,2018-12-14 16:11:51,0.008s,PASSED
callTestCase,Chrome 70.0.3538.110,Step 4: Log in with newly created user,2018-12-14 16:11:51,2018-12-14 16:11:52,1.087s,PASSED
verifyMatch,Chrome 70.0.3538.110,VP:User is still in Log In page,2018-12-14 16:11:52,2018-12-14 16:11:52,0.009s,PASSED
verifyTextPresent,Chrome 70.0.3538.110,Step 5: Verify error message is displayed: “Either login or password is invalid.”  ,2018-12-14 16:11:52,2018-12-14 16:11:52,0.103s,PASSED
"Comment - ""Step 6: Login Admin page""",Chrome 70.0.3538.110,,2018-12-14 16:11:52,2018-12-14 16:11:52,0.000s,PASSED
clearText,Chrome 70.0.3538.110,VP: Clear data in User textbox,2018-12-14 16:11:52,2018-12-14 16:11:52,0.057s,PASSED
callTestCase,Chrome 70.0.3538.110,,2018-12-14 16:11:52,2018-12-14 16:11:53,1.350s,PASSED
verifyMatch,Chrome 70.0.3538.110,VP: Brought to My Profile page,2018-12-14 16:11:53,2018-12-14 16:11:53,0.008s,PASSED
click,Chrome 70.0.3538.110,Step 7: Navigate to Administration Panel page ,2018-12-14 16:11:53,2018-12-14 16:11:53,0.089s,PASSED
switchToWindowUrl,Chrome 70.0.3538.110,,2018-12-14 16:11:53,2018-12-14 16:11:55,1.696s,PASSED
waitForPageLoad,Chrome 70.0.3538.110,VP: Brought to Dashboard page,2018-12-14 16:11:55,2018-12-14 16:11:55,0.005s,PASSED
verifyMatch,Chrome 70.0.3538.110,,2018-12-14 16:11:55,2018-12-14 16:11:55,0.011s,PASSED
delay,Chrome 70.0.3538.110,"Step 8: Click on ""Member"" menu of main menu",2018-12-14 16:11:55,2018-12-14 16:12:05,10.003s,PASSED
click,Chrome 70.0.3538.110,,2018-12-14 16:12:05,2018-12-14 16:12:05,0.065s,PASSED
click,Chrome 70.0.3538.110,"Step 9: Click on "" Member"" menu on Sub menu",2018-12-14 16:12:05,2018-12-14 16:12:06,1.435s,PASSED
waitForElementVisible,Chrome 70.0.3538.110,Step 10: Click on Edit icon of created member,2018-12-14 16:12:06,2018-12-14 16:12:07,0.090s,PASSED
setText,Chrome 70.0.3538.110,,2018-12-14 16:12:07,2018-12-14 16:12:07,0.137s,PASSED
click,Chrome 70.0.3538.110,,2018-12-14 16:12:07,2018-12-14 16:12:07,0.073s,PASSED
delay,Chrome 70.0.3538.110,,2018-12-14 16:12:07,2018-12-14 16:12:17,10.000s,PASSED
click,Chrome 70.0.3538.110,,2018-12-14 16:12:17,2018-12-14 16:12:17,0.084s,PASSED
click,Chrome 70.0.3538.110,,2018-12-14 16:12:17,2018-12-14 16:12:18,0.938s,PASSED
verifyMatch,Chrome 70.0.3538.110,VP: Brought to Edit Member page,2018-12-14 16:12:18,2018-12-14 16:12:18,0.008s,PASSED
selectOptionByLabel,Chrome 70.0.3538.110,"Step 11: Select ""Active"" status",2018-12-14 16:12:18,2018-12-14 16:12:18,0.087s,PASSED
click,Chrome 70.0.3538.110,"Step 12: Click on ""Save"" button",2018-12-14 16:12:18,2018-12-14 16:12:19,1.180s,PASSED
waitForPageLoad,Chrome 70.0.3538.110,Brought to Members page,2018-12-14 16:12:19,2018-12-14 16:12:19,0.078s,PASSED
delay,Chrome 70.0.3538.110,Step 13: Log out of the system,2018-12-14 16:12:19,2018-12-14 16:12:29,10.000s,PASSED
click,Chrome 70.0.3538.110,,2018-12-14 16:12:29,2018-12-14 16:12:30,1.026s,PASSED
click,Chrome 70.0.3538.110,Step 14: Navigate to Home Page,2018-12-14 16:12:30,2018-12-14 16:12:31,0.663s,PASSED
click,Chrome 70.0.3538.110,"Step 15: Click on ""Log In"" menu",2018-12-14 16:12:31,2018-12-14 16:12:31,0.580s,PASSED
callTestCase,Chrome 70.0.3538.110,Step 16: Log in with activated user,2018-12-14 16:12:31,2018-12-14 16:12:33,1.112s,PASSED
verifyMatch,Chrome 70.0.3538.110,"Brought to Home Page, username is displayed in the menu bar",2018-12-14 16:12:33,2018-12-14 16:12:33,0.006s,PASSED
verifyMatch,Chrome 70.0.3538.110,,2018-12-14 16:12:33,2018-12-14 16:12:33,0.029s,PASSED
Start listener action : afterTestCase,Chrome 70.0.3538.110,,2018-12-14 16:12:33,2018-12-14 16:12:34,1.016s,PASSED
,,,,,,
Test Cases/TestCase/TC1_RegisterMember,Chrome 70.0.3538.110,,2018-12-14 16:12:34,2018-12-14 16:13:15,41.294s,PASSED
Start listener action : beforeTestCase,Chrome 70.0.3538.110,,2018-12-14 16:12:34,2018-12-14 16:12:47,13.548s,ERROR
Statement - userName = CustomKeywords.com.kms.cms.MyKeyword.getRandomUser(),Chrome 70.0.3538.110,PREPARE DATA,2018-12-14 16:12:47,2018-12-14 16:12:47,0.001s,PASSED
"Statement - fullName = userName + ""_fullName""",Chrome 70.0.3538.110,,2018-12-14 16:12:47,2018-12-14 16:12:47,0.001s,PASSED
"Statement - email = userName + ""@gmail.com""",Chrome 70.0.3538.110,,2018-12-14 16:12:47,2018-12-14 16:12:47,0.000s,PASSED
"Statement - passWord = ""BiNouLunM3UiJsgMQbjdfQ==""",Chrome 70.0.3538.110,,2018-12-14 16:12:47,2018-12-14 16:12:47,0.001s,PASSED
Statement - confirmPass = passWord,Chrome 70.0.3538.110,,2018-12-14 16:12:47,2018-12-14 16:12:47,0.000s,PASSED
"Comment - ""Step 1: Navigate to CMS Home page""",Chrome 70.0.3538.110,,2018-12-14 16:12:47,2018-12-14 16:12:47,0.001s,PASSED
verifyMatch,Chrome 70.0.3538.110,VP: Brought to Home page,2018-12-14 16:12:47,2018-12-14 16:12:47,0.008s,PASSED
click,Chrome 70.0.3538.110,"Step 2: Click on ""Sign Up"" link in Main Menu",2018-12-14 16:12:47,2018-12-14 16:12:48,0.626s,PASSED
callTestCase,Chrome 70.0.3538.110,Step 3: Register a Member ,2018-12-14 16:12:48,2018-12-14 16:12:49,1.513s,PASSED
verifyMatch,Chrome 70.0.3538.110,VP: Brought to Registration page,2018-12-14 16:12:49,2018-12-14 16:12:49,0.007s,PASSED
verifyTextPresent,Chrome 70.0.3538.110,"Step 4: Verify the successful message ""Member registered! Thank you!"" is displayed correctly",2018-12-14 16:12:49,2018-12-14 16:12:49,0.053s,PASSED
verifyTextPresent,Chrome 70.0.3538.110,Step 5: Verify the registration email is displayed in the information message,2018-12-14 16:12:49,2018-12-14 16:12:49,0.036s,PASSED
callTestCase,Chrome 70.0.3538.110,CLEAN UP,2018-12-14 16:12:49,2018-12-14 16:13:14,24.345s,PASSED
Start listener action : afterTestCase,Chrome 70.0.3538.110,,2018-12-14 16:13:14,2018-12-14 16:13:15,1.055s,PASSED
