Suite/Test/Step Name,Browser,Description,Start time,End time,Duration,Status
TestSuites_1,Firefox 63.0,,2018-12-14 17:06:30,2018-12-14 17:09:34,3m - 4.311s,PASSED
,,,,,,
Test Cases/TestCase/TC2_AddBlogEntry,Firefox 63.0,,2018-12-14 17:06:30,2018-12-14 17:07:12,41.481s,PASSED
Start listener action : beforeTestCase,Firefox 63.0,,2018-12-14 17:06:30,2018-12-14 17:07:01,30.941s,ERROR
"Statement - header = ""["" + CustomKeywords.com.kms.cms.MyKeyword.getCurrentDateTime() + ""]"" + "" U23 Vietnam won U23 Irag""",Firefox 63.0,PREPARE,2018-12-14 17:07:01,2018-12-14 17:07:01,0.018s,PASSED
"Statement - body = ""U23 Vietnam went to the final match with U23 Uzbekistan""",Firefox 63.0,,2018-12-14 17:07:01,2018-12-14 17:07:01,0.001s,PASSED
"Statement - tag = ""football""",Firefox 63.0,,2018-12-14 17:07:01,2018-12-14 17:07:01,0.000s,PASSED
"Statement - blogEntryTitle = header + "" :: Powered by Subrion 4.2""",Firefox 63.0,,2018-12-14 17:07:01,2018-12-14 17:07:01,0.001s,PASSED
"Comment - ""Step 1: Log in to System""",Firefox 63.0,,2018-12-14 17:07:01,2018-12-14 17:07:01,0.000s,PASSED
click,Firefox 63.0,VP: Login to the System,2018-12-14 17:07:01,2018-12-14 17:07:02,0.347s,PASSED
callTestCase,Firefox 63.0,,2018-12-14 17:07:02,2018-12-14 17:07:03,1.190s,PASSED
click,Firefox 63.0,"Step 2: Click on ""Blog"" menu",2018-12-14 17:07:03,2018-12-14 17:07:04,0.575s,PASSED
callTestCase,Firefox 63.0,Step 3: Add blog,2018-12-14 17:07:04,2018-12-14 17:07:09,5.751s,PASSED
verifyMatch,Firefox 63.0,"VP: Brought to ""Blog Entry"" page",2018-12-14 17:07:09,2018-12-14 17:07:09,0.016s,PASSED
"Comment - ""Step 4: Verify the ""Blog Entry"" page""",Firefox 63.0,,2018-12-14 17:07:09,2018-12-14 17:07:09,0.000s,PASSED
verifyMatch,Firefox 63.0,"VP: Verify the title, the content, the tags are displayed correctly",2018-12-14 17:07:09,2018-12-14 17:07:09,0.036s,PASSED
verifyMatch,Firefox 63.0,,2018-12-14 17:07:09,2018-12-14 17:07:09,0.051s,PASSED
verifyMatch,Firefox 63.0,,2018-12-14 17:07:09,2018-12-14 17:07:09,0.034s,PASSED
Start listener action : afterTestCase,Firefox 63.0,,2018-12-14 17:07:09,2018-12-14 17:07:12,2.355s,PASSED
,,,,,,
Test Cases/TestCase/TC3_OnlyActiveMemberCanLoginToSystem,Firefox 63.0,,2018-12-14 17:07:12,2018-12-14 17:08:29,1m - 17.355s,PASSED
Start listener action : beforeTestCase,Firefox 63.0,,2018-12-14 17:07:12,2018-12-14 17:07:42,30.302s,ERROR
Statement - userName = CustomKeywords.com.kms.cms.MyKeyword.getRandomUser(),Firefox 63.0,PREPARE DATA,2018-12-14 17:07:42,2018-12-14 17:07:42,0.008s,PASSED
"Statement - fullName = userName + ""_fullName""",Firefox 63.0,,2018-12-14 17:07:42,2018-12-14 17:07:42,0.000s,PASSED
"Statement - email = userName + ""@gmail.com""",Firefox 63.0,,2018-12-14 17:07:42,2018-12-14 17:07:42,0.000s,PASSED
"Statement - passWord = ""BiNouLunM3UiJsgMQbjdfQ==""",Firefox 63.0,,2018-12-14 17:07:42,2018-12-14 17:07:42,0.001s,PASSED
Statement - confirmPass = passWord,Firefox 63.0,,2018-12-14 17:07:42,2018-12-14 17:07:42,0.000s,PASSED
"Statement - invalidLogin = ""Either login or password is invalid.""",Firefox 63.0,,2018-12-14 17:07:42,2018-12-14 17:07:42,0.000s,PASSED
"Statement - status = ""Active""",Firefox 63.0,,2018-12-14 17:07:42,2018-12-14 17:07:42,0.000s,PASSED
Statement - currentTab = com.kms.katalon.core.webui.keyword.WebUiBuiltInKeywords.getWindowIndex(),Firefox 63.0,,2018-12-14 17:07:42,2018-12-14 17:07:42,0.018s,PASSED
"Comment - ""Step 1: Navigate to CMS Home page""",Firefox 63.0,,2018-12-14 17:07:42,2018-12-14 17:07:42,0.001s,PASSED
verifyMatch,Firefox 63.0,VP: Brought to Home page,2018-12-14 17:07:42,2018-12-14 17:07:42,0.005s,PASSED
click,Firefox 63.0,Step 2: Follow steps in TC#1 to create a new user,2018-12-14 17:07:42,2018-12-14 17:07:43,0.594s,PASSED
callTestCase,Firefox 63.0,,2018-12-14 17:07:43,2018-12-14 17:07:44,1.548s,PASSED
click,Firefox 63.0,"Step 3: Click on ""Log In"" menu",2018-12-14 17:07:44,2018-12-14 17:07:45,0.560s,PASSED
verifyMatch,Firefox 63.0,VP: Brought to Login page,2018-12-14 17:07:45,2018-12-14 17:07:45,0.005s,PASSED
callTestCase,Firefox 63.0,Step 4: Log in with newly created user,2018-12-14 17:07:45,2018-12-14 17:07:46,0.756s,PASSED
verifyMatch,Firefox 63.0,VP:User is still in Log In page,2018-12-14 17:07:46,2018-12-14 17:07:46,0.004s,PASSED
verifyTextPresent,Firefox 63.0,Step 5: Verify error message is displayed: “Either login or password is invalid.”  ,2018-12-14 17:07:46,2018-12-14 17:07:46,0.128s,PASSED
"Comment - ""Step 6: Login Admin page""",Firefox 63.0,,2018-12-14 17:07:46,2018-12-14 17:07:46,0.000s,PASSED
clearText,Firefox 63.0,VP: Clear data in User textbox,2018-12-14 17:07:46,2018-12-14 17:07:46,0.023s,PASSED
callTestCase,Firefox 63.0,,2018-12-14 17:07:46,2018-12-14 17:07:47,1.440s,PASSED
verifyMatch,Firefox 63.0,VP: Brought to My Profile page,2018-12-14 17:07:47,2018-12-14 17:07:47,0.002s,PASSED
click,Firefox 63.0,Step 7: Navigate to Administration Panel page ,2018-12-14 17:07:47,2018-12-14 17:07:47,0.047s,PASSED
switchToWindowUrl,Firefox 63.0,,2018-12-14 17:07:47,2018-12-14 17:07:48,0.603s,PASSED
waitForPageLoad,Firefox 63.0,VP: Brought to Dashboard page,2018-12-14 17:07:48,2018-12-14 17:07:49,1.098s,PASSED
verifyMatch,Firefox 63.0,,2018-12-14 17:07:49,2018-12-14 17:07:49,0.005s,PASSED
delay,Firefox 63.0,"Step 8: Click on ""Member"" menu of main menu",2018-12-14 17:07:49,2018-12-14 17:07:59,10.007s,PASSED
click,Firefox 63.0,,2018-12-14 17:07:59,2018-12-14 17:07:59,0.256s,PASSED
click,Firefox 63.0,"Step 9: Click on "" Member"" menu on Sub menu",2018-12-14 17:07:59,2018-12-14 17:08:00,0.565s,PASSED
waitForElementVisible,Firefox 63.0,Step 10: Click on Edit icon of created member,2018-12-14 17:08:00,2018-12-14 17:08:01,0.602s,PASSED
setText,Firefox 63.0,,2018-12-14 17:08:01,2018-12-14 17:08:01,0.231s,PASSED
click,Firefox 63.0,,2018-12-14 17:08:01,2018-12-14 17:08:01,0.298s,PASSED
delay,Firefox 63.0,,2018-12-14 17:08:01,2018-12-14 17:08:11,10.001s,PASSED
click,Firefox 63.0,,2018-12-14 17:08:11,2018-12-14 17:08:11,0.265s,PASSED
click,Firefox 63.0,,2018-12-14 17:08:11,2018-12-14 17:08:12,0.961s,PASSED
verifyMatch,Firefox 63.0,VP: Brought to Edit Member page,2018-12-14 17:08:12,2018-12-14 17:08:12,0.003s,PASSED
selectOptionByLabel,Firefox 63.0,"Step 11: Select ""Active"" status",2018-12-14 17:08:12,2018-12-14 17:08:13,0.282s,PASSED
click,Firefox 63.0,"Step 12: Click on ""Save"" button",2018-12-14 17:08:13,2018-12-14 17:08:13,0.585s,PASSED
waitForPageLoad,Firefox 63.0,Brought to Members page,2018-12-14 17:08:13,2018-12-14 17:08:13,0.026s,PASSED
delay,Firefox 63.0,Step 13: Log out of the system,2018-12-14 17:08:13,2018-12-14 17:08:23,9.999s,PASSED
click,Firefox 63.0,,2018-12-14 17:08:23,2018-12-14 17:08:24,1.251s,PASSED
click,Firefox 63.0,Step 14: Navigate to Home Page,2018-12-14 17:08:24,2018-12-14 17:08:25,0.620s,PASSED
click,Firefox 63.0,"Step 15: Click on ""Log In"" menu",2018-12-14 17:08:25,2018-12-14 17:08:26,0.885s,PASSED
callTestCase,Firefox 63.0,Step 16: Log in with activated user,2018-12-14 17:08:26,2018-12-14 17:08:27,1.058s,PASSED
verifyMatch,Firefox 63.0,"Brought to Home Page, username is displayed in the menu bar",2018-12-14 17:08:27,2018-12-14 17:08:27,0.003s,PASSED
verifyMatch,Firefox 63.0,,2018-12-14 17:08:27,2018-12-14 17:08:27,0.022s,PASSED
Start listener action : afterTestCase,Firefox 63.0,,2018-12-14 17:08:27,2018-12-14 17:08:29,2.112s,PASSED
,,,,,,
Test Cases/TestCase/TC1_RegisterMember,Firefox 63.0,,2018-12-14 17:08:29,2018-12-14 17:09:34,1m - 5.173s,PASSED
Start listener action : beforeTestCase,Firefox 63.0,,2018-12-14 17:08:29,2018-12-14 17:09:00,31.065s,ERROR
Statement - userName = CustomKeywords.com.kms.cms.MyKeyword.getRandomUser(),Firefox 63.0,PREPARE DATA,2018-12-14 17:09:00,2018-12-14 17:09:00,0.001s,PASSED
"Statement - fullName = userName + ""_fullName""",Firefox 63.0,,2018-12-14 17:09:00,2018-12-14 17:09:00,0.001s,PASSED
"Statement - email = userName + ""@gmail.com""",Firefox 63.0,,2018-12-14 17:09:00,2018-12-14 17:09:00,0.000s,PASSED
"Statement - passWord = ""BiNouLunM3UiJsgMQbjdfQ==""",Firefox 63.0,,2018-12-14 17:09:00,2018-12-14 17:09:00,0.000s,PASSED
Statement - confirmPass = passWord,Firefox 63.0,,2018-12-14 17:09:00,2018-12-14 17:09:00,0.000s,PASSED
"Comment - ""Step 1: Navigate to CMS Home page""",Firefox 63.0,,2018-12-14 17:09:00,2018-12-14 17:09:00,0.000s,PASSED
verifyMatch,Firefox 63.0,VP: Brought to Home page,2018-12-14 17:09:00,2018-12-14 17:09:00,0.006s,PASSED
click,Firefox 63.0,"Step 2: Click on ""Sign Up"" link in Main Menu",2018-12-14 17:09:00,2018-12-14 17:09:01,0.817s,PASSED
callTestCase,Firefox 63.0,Step 3: Register a Member ,2018-12-14 17:09:01,2018-12-14 17:09:03,2.248s,PASSED
verifyMatch,Firefox 63.0,VP: Brought to Registration page,2018-12-14 17:09:03,2018-12-14 17:09:03,0.004s,PASSED
verifyTextPresent,Firefox 63.0,"Step 4: Verify the successful message ""Member registered! Thank you!"" is displayed correctly",2018-12-14 17:09:03,2018-12-14 17:09:04,0.103s,PASSED
verifyTextPresent,Firefox 63.0,Step 5: Verify the registration email is displayed in the information message,2018-12-14 17:09:04,2018-12-14 17:09:04,0.081s,PASSED
callTestCase,Firefox 63.0,CLEAN UP,2018-12-14 17:09:04,2018-12-14 17:09:32,28.662s,PASSED
Start listener action : afterTestCase,Firefox 63.0,,2018-12-14 17:09:32,2018-12-14 17:09:34,2.054s,PASSED
