{"devicePlatform":"","logFolder":"D:\\MyDocument\\Katalon\\KATALON\\KatalonTest\\Reports\\TestSuites_1\\20181214_170628","runData":{"hostName":"yentran - SGH734TXL4.kms.com.vn","os":"Windows 10 64bit","katalonVersion":"5.7.1.1","browser":"Firefox 63.0","hostAddress":"192.168.11.55","sessionId":"a79c4387-8b47-4fe1-b6f5-4680267ef9ca","seleniumVersion":"3.7.1","proxyInformation":"ProxyInformation{proxyOption\u003dNO_PROXY, proxyServerType\u003dHTTP, password\u003d, proxyServerAddress\u003d, proxyServerPort\u003d0}","platform":"Windows 10"},"type":"TEST_SUITE","name":"TestSuites_1","id":"Test Suites/TestSuites_1","source":"","message":"Test Cases/TestCase/TC1_RegisterMember","description":"","startTime":1544781990536,"endTime":1544782174847,"childRecords":[{"isOptional":false,"type":"TEST_CASE","name":"Test Cases/TestCase/TC2_AddBlogEntry","id":"Test Cases/TestCase/TC2_AddBlogEntry","source":"D:\\\\MyDocument\\\\Katalon\\\\KATALON\\\\KatalonTest\\\\Test Cases\\\\TestCase\\\\TC2_AddBlogEntry.tc","message":"Test Cases/TestCase/TC2_AddBlogEntry","description":"","startTime":1544781990817,"endTime":1544782032298,"childRecords":[{"testStatus":{"stackTrace":"","statusValue":"INFO"},"type":"MESSAGE","name":"","message":"Evaluating variables for test case","startTime":1544781990846,"endTime":0,"childRecords":[],"interuppted":false},{"index":-1,"isIgnoredIfFailed":false,"type":"TEST_STEP","name":"Start listener action : beforeTestCase","message":"Variable \u0027ShortTimeout\u0027 is not defined for test case.","description":"","startTime":1544781990849,"endTime":1544782021790,"childRecords":[{"index":1,"isIgnoredIfFailed":false,"type":"TEST_STEP","name":"Statement - println(testCaseContext.getTestCaseId())","description":"","startTime":1544781990850,"endTime":1544781990854,"childRecords":[],"interuppted":false},{"index":2,"isIgnoredIfFailed":false,"type":"TEST_STEP","name":"Statement - println(testCaseContext.getTestCaseVariables())","description":"","startTime":1544781990854,"endTime":1544781990855,"childRecords":[],"interuppted":false},{"index":3,"isIgnoredIfFailed":false,"type":"TEST_STEP","name":"openBrowser","message":"Browser is opened with url: \u0027http://13.250.134.32/subrion/\u0027","description":"","startTime":1544781990855,"endTime":1544782021726,"childRecords":[{"testStatus":{"stackTrace":"","statusValue":"PASSED"},"type":"MESSAGE","name":"","message":"Browser is opened with url: \u0027http://13.250.134.32/subrion/\u0027","startTime":1544782021725,"endTime":0,"childRecords":[],"interuppted":false}],"interuppted":false},{"index":4,"isIgnoredIfFailed":false,"type":"TEST_STEP","name":"maximizeWindow","message":"Current window maximized","description":"","startTime":1544782021726,"endTime":1544782021785,"childRecords":[{"testStatus":{"stackTrace":"","statusValue":"PASSED"},"type":"MESSAGE","name":"","message":"Current window maximized","startTime":1544782021783,"endTime":0,"childRecords":[],"interuppted":false}],"interuppted":false},{"index":5,"isIgnoredIfFailed":false,"type":"TEST_STEP","name":"waitForPageLoad","message":"Variable \u0027ShortTimeout\u0027 is not defined for test case.","description":"","startTime":1544782021785,"endTime":1544782021789,"childRecords":[{"testStatus":{"stackTrace":"","statusValue":"ERROR"},"type":"MESSAGE","name":"","message":"Variable \u0027ShortTimeout\u0027 is not defined for test case.","startTime":1544782021788,"endTime":0,"childRecords":[],"interuppted":false}],"interuppted":false}],"interuppted":false},{"index":1,"isIgnoredIfFailed":false,"type":"TEST_STEP","name":"Statement - header \u003d \"[\" + CustomKeywords.com.kms.cms.MyKeyword.getCurrentDateTime() + \"]\" + \" U23 Vietnam won U23 Irag\"","message":"com.kms.cms.MyKeyword.getCurrentDateTime is PASSED","description":"PREPARE","startTime":1544782021921,"endTime":1544782021939,"childRecords":[{"testStatus":{"stackTrace":"","statusValue":"PASSED"},"type":"MESSAGE","name":"","message":"com.kms.cms.MyKeyword.getCurrentDateTime is PASSED","startTime":1544782021939,"endTime":0,"childRecords":[],"interuppted":false}],"interuppted":false},{"index":2,"isIgnoredIfFailed":false,"type":"TEST_STEP","name":"Statement - body \u003d \"U23 Vietnam went to the final match with U23 Uzbekistan\"","description":"","startTime":1544782021940,"endTime":1544782021941,"childRecords":[],"interuppted":false},{"index":3,"isIgnoredIfFailed":false,"type":"TEST_STEP","name":"Statement - tag \u003d \"football\"","description":"","startTime":1544782021941,"endTime":1544782021941,"childRecords":[],"interuppted":false},{"index":4,"isIgnoredIfFailed":false,"type":"TEST_STEP","name":"Statement - blogEntryTitle \u003d header + \" :: Powered by Subrion 4.2\"","description":"","startTime":1544782021941,"endTime":1544782021942,"childRecords":[],"interuppted":false},{"index":5,"isIgnoredIfFailed":false,"type":"TEST_STEP","name":"Comment - \"Step 1: Log in to System\"","description":"","startTime":1544782021942,"endTime":1544782021942,"childRecords":[],"interuppted":false},{"index":6,"isIgnoredIfFailed":false,"type":"TEST_STEP","name":"click","message":"Object: \u0027Object Repository/HomePage/lnk_LogIn\u0027 is clicked on","description":"VP: Login to the System","startTime":1544782021942,"endTime":1544782022289,"childRecords":[{"testStatus":{"stackTrace":"","statusValue":"PASSED"},"type":"MESSAGE","name":"","message":"Object: \u0027Object Repository/HomePage/lnk_LogIn\u0027 is clicked on","startTime":1544782022288,"endTime":0,"childRecords":[],"interuppted":false}],"interuppted":false},{"index":7,"isIgnoredIfFailed":false,"type":"TEST_STEP","name":"callTestCase","message":"Call Test Case \u0027Test Cases/CommonTestcase/LoginSystem\u0027 successfully","description":"","startTime":1544782022289,"endTime":1544782023479,"childRecords":[{"isOptional":false,"type":"TEST_CASE","name":"Test Cases/CommonTestcase/LoginSystem","id":"Test Cases/CommonTestcase/LoginSystem","source":"D:\\\\MyDocument\\\\Katalon\\\\KATALON\\\\KatalonTest\\\\Test Cases\\\\CommonTestcase\\\\LoginSystem.tc","message":"Test Cases/CommonTestcase/LoginSystem","description":"","startTime":1544782022360,"endTime":1544782023473,"childRecords":[{"testStatus":{"stackTrace":"","statusValue":"INFO"},"type":"MESSAGE","name":"","message":"Evaluating variables for test case","startTime":1544782022367,"endTime":0,"childRecords":[],"interuppted":false},{"index":1,"isIgnoredIfFailed":false,"type":"TEST_STEP","name":"setText","message":"Text \u0027katalontest\u0027 is set on object \u0027Object Repository/LoginPage/txt_Username\u0027","description":"Input username to \"username\" textbox","startTime":1544782022469,"endTime":1544782022537,"childRecords":[{"testStatus":{"stackTrace":"","statusValue":"PASSED"},"type":"MESSAGE","name":"","message":"Text \u0027katalontest\u0027 is set on object \u0027Object Repository/LoginPage/txt_Username\u0027","startTime":1544782022536,"endTime":0,"childRecords":[],"interuppted":false}],"interuppted":false},{"index":2,"isIgnoredIfFailed":false,"type":"TEST_STEP","name":"setEncryptedText","message":"Text ****** has been set on object \u0027Object Repository/LoginPage/txt_Password\u0027","description":"Input password to \"password\" textbox","startTime":1544782022537,"endTime":1544782022623,"childRecords":[{"testStatus":{"stackTrace":"","statusValue":"PASSED"},"type":"MESSAGE","name":"","message":"Text ****** has been set on object \u0027Object Repository/LoginPage/txt_Password\u0027","startTime":1544782022622,"endTime":0,"childRecords":[],"interuppted":false}],"interuppted":false},{"index":3,"isIgnoredIfFailed":false,"type":"TEST_STEP","name":"click","message":"Object: \u0027Object Repository/LoginPage/btn_Login\u0027 is clicked on","description":"Click Log in button","startTime":1544782022623,"endTime":1544782023473,"childRecords":[{"testStatus":{"stackTrace":"","statusValue":"PASSED"},"type":"MESSAGE","name":"","message":"Object: \u0027Object Repository/LoginPage/btn_Login\u0027 is clicked on","startTime":1544782023472,"endTime":0,"childRecords":[],"interuppted":false}],"interuppted":false},{"testStatus":{"stackTrace":"","statusValue":"PASSED"},"type":"MESSAGE","name":"","message":"Test Cases/CommonTestcase/LoginSystem","startTime":1544782023473,"endTime":0,"childRecords":[],"interuppted":false}],"interuppted":false},{"testStatus":{"stackTrace":"","statusValue":"PASSED"},"type":"MESSAGE","name":"","message":"Call Test Case \u0027Test Cases/CommonTestcase/LoginSystem\u0027 successfully","startTime":1544782023478,"endTime":0,"childRecords":[],"interuppted":false}],"interuppted":false},{"index":8,"isIgnoredIfFailed":false,"type":"TEST_STEP","name":"click","message":"Object: \u0027Object Repository/HomePage/lnk_Blog\u0027 is clicked on","description":"Step 2: Click on \"Blog\" menu","startTime":1544782023480,"endTime":1544782024055,"childRecords":[{"testStatus":{"stackTrace":"","statusValue":"PASSED"},"type":"MESSAGE","name":"","message":"Object: \u0027Object Repository/HomePage/lnk_Blog\u0027 is clicked on","startTime":1544782024054,"endTime":0,"childRecords":[],"interuppted":false}],"interuppted":false},{"index":9,"isIgnoredIfFailed":false,"type":"TEST_STEP","name":"callTestCase","message":"Call Test Case \u0027Test Cases/CommonTestcase/AddBlogEntry\u0027 successfully","description":"Step 3: Add blog","startTime":1544782024055,"endTime":1544782029806,"childRecords":[{"isOptional":false,"type":"TEST_CASE","name":"Test Cases/CommonTestcase/AddBlogEntry","id":"Test Cases/CommonTestcase/AddBlogEntry","source":"D:\\\\MyDocument\\\\Katalon\\\\KATALON\\\\KatalonTest\\\\Test Cases\\\\CommonTestcase\\\\AddBlogEntry.tc","message":"Test Cases/CommonTestcase/AddBlogEntry","description":"","startTime":1544782024112,"endTime":1544782029806,"childRecords":[{"testStatus":{"stackTrace":"","statusValue":"INFO"},"type":"MESSAGE","name":"","message":"Evaluating variables for test case","startTime":1544782024120,"endTime":0,"childRecords":[],"interuppted":false},{"index":1,"isIgnoredIfFailed":false,"type":"TEST_STEP","name":"click","message":"Object: \u0027Object Repository/AddBlogPage/btn_AddBlogEntry\u0027 is clicked on","description":"Click on \"Add Blog Entry\" button","startTime":1544782024220,"endTime":1544782025214,"childRecords":[{"testStatus":{"stackTrace":"","statusValue":"PASSED"},"type":"MESSAGE","name":"","message":"Object: \u0027Object Repository/AddBlogPage/btn_AddBlogEntry\u0027 is clicked on","startTime":1544782025213,"endTime":0,"childRecords":[],"interuppted":false}],"interuppted":false},{"index":2,"isIgnoredIfFailed":false,"type":"TEST_STEP","name":"setText","message":"Text \u0027[20181214-051201] U23 Vietnam won U23 Irag\u0027 is set on object \u0027Object Repository/AddBlogPage/txt_Title\u0027","description":"Input value into \"Title\" field","startTime":1544782025214,"endTime":1544782025383,"childRecords":[{"testStatus":{"stackTrace":"","statusValue":"PASSED"},"type":"MESSAGE","name":"","message":"Text \u0027[20181214-051201] U23 Vietnam won U23 Irag\u0027 is set on object \u0027Object Repository/AddBlogPage/txt_Title\u0027","startTime":1544782025382,"endTime":0,"childRecords":[],"interuppted":false}],"interuppted":false},{"index":3,"isIgnoredIfFailed":false,"type":"TEST_STEP","name":"switchToFrame","message":"Switched to iframe: \u0027Object Repository/AddBlogPage/fra_Iframe\u0027","description":"Input value into \"Body\" field","startTime":1544782025383,"endTime":1544782025442,"childRecords":[],"interuppted":false},{"index":4,"isIgnoredIfFailed":false,"type":"TEST_STEP","name":"setText","message":"Text \u0027U23 Vietnam went to the final match with U23 Uzbekistan\u0027 is set on object \u0027Object Repository/AddBlogPage/txt_body\u0027","description":"","startTime":1544782025442,"endTime":1544782025550,"childRecords":[{"testStatus":{"stackTrace":"","statusValue":"PASSED"},"type":"MESSAGE","name":"","message":"Text \u0027U23 Vietnam went to the final match with U23 Uzbekistan\u0027 is set on object \u0027Object Repository/AddBlogPage/txt_body\u0027","startTime":1544782025549,"endTime":0,"childRecords":[],"interuppted":false}],"interuppted":false},{"index":5,"isIgnoredIfFailed":false,"type":"TEST_STEP","name":"switchToDefaultContent","message":"Switching to default content","description":"","startTime":1544782025550,"endTime":1544782025582,"childRecords":[],"interuppted":false},{"index":6,"isIgnoredIfFailed":false,"type":"TEST_STEP","name":"setText","message":"Text \u0027football\u0027 is set on object \u0027Object Repository/AddBlogPage/txt_Tag\u0027","description":"Input value into \"Tags\"  field","startTime":1544782025583,"endTime":1544782025644,"childRecords":[{"testStatus":{"stackTrace":"","statusValue":"PASSED"},"type":"MESSAGE","name":"","message":"Text \u0027football\u0027 is set on object \u0027Object Repository/AddBlogPage/txt_Tag\u0027","startTime":1544782025644,"endTime":0,"childRecords":[],"interuppted":false}],"interuppted":false},{"index":7,"isIgnoredIfFailed":false,"type":"TEST_STEP","name":"click","message":"Object: \u0027Object Repository/AddBlogPage/btn_Save\u0027 is clicked on","description":"Click on \"Save\" button","startTime":1544782025645,"endTime":1544782029766,"childRecords":[{"testStatus":{"stackTrace":"","statusValue":"PASSED"},"type":"MESSAGE","name":"","message":"Object: \u0027Object Repository/AddBlogPage/btn_Save\u0027 is clicked on","startTime":1544782029765,"endTime":0,"childRecords":[],"interuppted":false}],"interuppted":false},{"index":8,"isIgnoredIfFailed":false,"type":"TEST_STEP","name":"waitForPageLoad","message":"Wait for page load successfully","description":"","startTime":1544782029766,"endTime":1544782029806,"childRecords":[{"testStatus":{"stackTrace":"","statusValue":"PASSED"},"type":"MESSAGE","name":"","message":"Wait for page load successfully","startTime":1544782029805,"endTime":0,"childRecords":[],"interuppted":false}],"interuppted":false},{"testStatus":{"stackTrace":"","statusValue":"PASSED"},"type":"MESSAGE","name":"","message":"Test Cases/CommonTestcase/AddBlogEntry","startTime":1544782029806,"endTime":0,"childRecords":[],"interuppted":false}],"interuppted":false},{"testStatus":{"stackTrace":"","statusValue":"PASSED"},"type":"MESSAGE","name":"","message":"Call Test Case \u0027Test Cases/CommonTestcase/AddBlogEntry\u0027 successfully","startTime":1544782029806,"endTime":0,"childRecords":[],"interuppted":false}],"interuppted":false},{"index":10,"isIgnoredIfFailed":false,"type":"TEST_STEP","name":"verifyMatch","message":"Actual text \u0027[20181214-051201] U23 Vietnam won U23 Irag :: Powered by Subrion 4.2\u0027 and expected text \u0027[20181214-051201] U23 Vietnam won U23 Irag :: Powered by Subrion 4.2\u0027 are matched ","description":"VP: Brought to \"Blog Entry\" page","startTime":1544782029806,"endTime":1544782029822,"childRecords":[{"testStatus":{"stackTrace":"","statusValue":"PASSED"},"type":"MESSAGE","name":"","message":"Current window\u0027s title is: \u0027[20181214-051201] U23 Vietnam won U23 Irag :: Powered by Subrion 4.2\u0027","startTime":1544782029822,"endTime":0,"childRecords":[],"interuppted":false},{"testStatus":{"stackTrace":"","statusValue":"PASSED"},"type":"MESSAGE","name":"","message":"Actual text \u0027[20181214-051201] U23 Vietnam won U23 Irag :: Powered by Subrion 4.2\u0027 and expected text \u0027[20181214-051201] U23 Vietnam won U23 Irag :: Powered by Subrion 4.2\u0027 are matched ","startTime":1544782029822,"endTime":0,"childRecords":[],"interuppted":false}],"interuppted":false},{"index":11,"isIgnoredIfFailed":false,"type":"TEST_STEP","name":"Comment - \"Step 4: Verify the \"Blog Entry\" page\"","description":"","startTime":1544782029822,"endTime":1544782029822,"childRecords":[],"interuppted":false},{"index":12,"isIgnoredIfFailed":false,"type":"TEST_STEP","name":"verifyMatch","message":"Actual text \u0027[20181214-051201] U23 Vietnam won U23 Irag\u0027 and expected text \u0027[20181214-051201] U23 Vietnam won U23 Irag\u0027 are matched ","description":"VP: Verify the title, the content, the tags are displayed correctly","startTime":1544782029822,"endTime":1544782029858,"childRecords":[{"testStatus":{"stackTrace":"","statusValue":"PASSED"},"type":"MESSAGE","name":"","message":"Text of object \u0027Object Repository/AdminPage/dat_header\u0027 is: \u0027[20181214-051201] U23 Vietnam won U23 Irag\u0027","startTime":1544782029858,"endTime":0,"childRecords":[],"interuppted":false},{"testStatus":{"stackTrace":"","statusValue":"PASSED"},"type":"MESSAGE","name":"","message":"Actual text \u0027[20181214-051201] U23 Vietnam won U23 Irag\u0027 and expected text \u0027[20181214-051201] U23 Vietnam won U23 Irag\u0027 are matched ","startTime":1544782029858,"endTime":0,"childRecords":[],"interuppted":false}],"interuppted":false},{"index":13,"isIgnoredIfFailed":false,"type":"TEST_STEP","name":"verifyMatch","message":"Actual text \u0027U23 Vietnam went to the final match with U23 Uzbekistan\u0027 and expected text \u0027U23 Vietnam went to the final match with U23 Uzbekistan\u0027 are matched ","description":"","startTime":1544782029858,"endTime":1544782029909,"childRecords":[{"testStatus":{"stackTrace":"","statusValue":"PASSED"},"type":"MESSAGE","name":"","message":"Text of object \u0027Object Repository/AdminPage/dat_contentBody\u0027 is: \u0027U23 Vietnam went to the final match with U23 Uzbekistan\u0027","startTime":1544782029908,"endTime":0,"childRecords":[],"interuppted":false},{"testStatus":{"stackTrace":"","statusValue":"PASSED"},"type":"MESSAGE","name":"","message":"Actual text \u0027U23 Vietnam went to the final match with U23 Uzbekistan\u0027 and expected text \u0027U23 Vietnam went to the final match with U23 Uzbekistan\u0027 are matched ","startTime":1544782029909,"endTime":0,"childRecords":[],"interuppted":false}],"interuppted":false},{"index":14,"isIgnoredIfFailed":false,"type":"TEST_STEP","name":"verifyMatch","message":"Actual text \u0027football\u0027 and expected text \u0027football\u0027 are matched ","description":"","startTime":1544782029909,"endTime":1544782029943,"childRecords":[{"testStatus":{"stackTrace":"","statusValue":"PASSED"},"type":"MESSAGE","name":"","message":"Text of object \u0027Object Repository/AdminPage/dat_Tag\u0027 is: \u0027football\u0027","startTime":1544782029943,"endTime":0,"childRecords":[],"interuppted":false},{"testStatus":{"stackTrace":"","statusValue":"PASSED"},"type":"MESSAGE","name":"","message":"Actual text \u0027football\u0027 and expected text \u0027football\u0027 are matched ","startTime":1544782029943,"endTime":0,"childRecords":[],"interuppted":false}],"interuppted":false},{"testStatus":{"stackTrace":"","statusValue":"PASSED"},"type":"MESSAGE","name":"","message":"Test Cases/TestCase/TC2_AddBlogEntry","startTime":1544782029943,"endTime":0,"childRecords":[],"interuppted":false},{"index":-1,"isIgnoredIfFailed":false,"type":"TEST_STEP","name":"Start listener action : afterTestCase","message":"Browser is closed","description":"","startTime":1544782029943,"endTime":1544782032298,"childRecords":[{"index":1,"isIgnoredIfFailed":false,"type":"TEST_STEP","name":"Statement - println(testCaseContext.getTestCaseId())","description":"","startTime":1544782029943,"endTime":1544782029943,"childRecords":[],"interuppted":false},{"index":2,"isIgnoredIfFailed":false,"type":"TEST_STEP","name":"Statement - println(testCaseContext.getTestCaseStatus())","description":"","startTime":1544782029943,"endTime":1544782029943,"childRecords":[],"interuppted":false},{"index":3,"isIgnoredIfFailed":false,"type":"TEST_STEP","name":"closeBrowser","message":"Browser is closed","description":"","startTime":1544782029943,"endTime":1544782032298,"childRecords":[{"testStatus":{"stackTrace":"","statusValue":"PASSED"},"type":"MESSAGE","name":"","message":"Browser is closed","startTime":1544782032298,"endTime":0,"childRecords":[],"interuppted":false}],"interuppted":false}],"interuppted":false}],"interuppted":false},{"isOptional":false,"type":"TEST_CASE","name":"Test Cases/TestCase/TC3_OnlyActiveMemberCanLoginToSystem","id":"Test Cases/TestCase/TC3_OnlyActiveMemberCanLoginToSystem","source":"D:\\\\MyDocument\\\\Katalon\\\\KATALON\\\\KatalonTest\\\\Test Cases\\\\TestCase\\\\TC3_OnlyActiveMemberCanLoginToSystem.tc","message":"Test Cases/TestCase/TC3_OnlyActiveMemberCanLoginToSystem","description":"","startTime":1544782032301,"endTime":1544782109656,"childRecords":[{"testStatus":{"stackTrace":"","statusValue":"INFO"},"type":"MESSAGE","name":"","message":"Evaluating variables for test case","startTime":1544782032312,"endTime":0,"childRecords":[],"interuppted":false},{"index":-1,"isIgnoredIfFailed":false,"type":"TEST_STEP","name":"Start listener action : beforeTestCase","message":"Variable \u0027ShortTimeout\u0027 is not defined for test case.","description":"","startTime":1544782032312,"endTime":1544782062614,"childRecords":[{"index":1,"isIgnoredIfFailed":false,"type":"TEST_STEP","name":"Statement - println(testCaseContext.getTestCaseId())","description":"","startTime":1544782032313,"endTime":1544782032313,"childRecords":[],"interuppted":false},{"index":2,"isIgnoredIfFailed":false,"type":"TEST_STEP","name":"Statement - println(testCaseContext.getTestCaseVariables())","description":"","startTime":1544782032313,"endTime":1544782032314,"childRecords":[],"interuppted":false},{"index":3,"isIgnoredIfFailed":false,"type":"TEST_STEP","name":"openBrowser","message":"Browser is opened with url: \u0027http://13.250.134.32/subrion/\u0027","description":"","startTime":1544782032314,"endTime":1544782062581,"childRecords":[{"testStatus":{"stackTrace":"","statusValue":"PASSED"},"type":"MESSAGE","name":"","message":"Browser is opened with url: \u0027http://13.250.134.32/subrion/\u0027","startTime":1544782062580,"endTime":0,"childRecords":[],"interuppted":false}],"interuppted":false},{"index":4,"isIgnoredIfFailed":false,"type":"TEST_STEP","name":"maximizeWindow","message":"Current window maximized","description":"","startTime":1544782062581,"endTime":1544782062614,"childRecords":[{"testStatus":{"stackTrace":"","statusValue":"PASSED"},"type":"MESSAGE","name":"","message":"Current window maximized","startTime":1544782062613,"endTime":0,"childRecords":[],"interuppted":false}],"interuppted":false},{"index":5,"isIgnoredIfFailed":false,"type":"TEST_STEP","name":"waitForPageLoad","message":"Variable \u0027ShortTimeout\u0027 is not defined for test case.","description":"","startTime":1544782062614,"endTime":1544782062614,"childRecords":[{"testStatus":{"stackTrace":"","statusValue":"ERROR"},"type":"MESSAGE","name":"","message":"Variable \u0027ShortTimeout\u0027 is not defined for test case.","startTime":1544782062614,"endTime":0,"childRecords":[],"interuppted":false}],"interuppted":false}],"interuppted":false},{"index":1,"isIgnoredIfFailed":false,"type":"TEST_STEP","name":"Statement - userName \u003d CustomKeywords.com.kms.cms.MyKeyword.getRandomUser()","message":"com.kms.cms.MyKeyword.getRandomUser is PASSED","description":"PREPARE DATA","startTime":1544782062771,"endTime":1544782062779,"childRecords":[{"testStatus":{"stackTrace":"","statusValue":"PASSED"},"type":"MESSAGE","name":"","message":"com.kms.cms.MyKeyword.getRandomUser is PASSED","startTime":1544782062778,"endTime":0,"childRecords":[],"interuppted":false}],"interuppted":false},{"index":2,"isIgnoredIfFailed":false,"type":"TEST_STEP","name":"Statement - fullName \u003d userName + \"_fullName\"","description":"","startTime":1544782062779,"endTime":1544782062779,"childRecords":[],"interuppted":false},{"index":3,"isIgnoredIfFailed":false,"type":"TEST_STEP","name":"Statement - email \u003d userName + \"@gmail.com\"","description":"","startTime":1544782062779,"endTime":1544782062779,"childRecords":[],"interuppted":false},{"index":4,"isIgnoredIfFailed":false,"type":"TEST_STEP","name":"Statement - passWord \u003d \"BiNouLunM3UiJsgMQbjdfQ\u003d\u003d\"","description":"","startTime":1544782062779,"endTime":1544782062780,"childRecords":[],"interuppted":false},{"index":5,"isIgnoredIfFailed":false,"type":"TEST_STEP","name":"Statement - confirmPass \u003d passWord","description":"","startTime":1544782062780,"endTime":1544782062780,"childRecords":[],"interuppted":false},{"index":6,"isIgnoredIfFailed":false,"type":"TEST_STEP","name":"Statement - invalidLogin \u003d \"Either login or password is invalid.\"","description":"","startTime":1544782062780,"endTime":1544782062780,"childRecords":[],"interuppted":false},{"index":7,"isIgnoredIfFailed":false,"type":"TEST_STEP","name":"Statement - status \u003d \"Active\"","description":"","startTime":1544782062781,"endTime":1544782062781,"childRecords":[],"interuppted":false},{"index":8,"isIgnoredIfFailed":false,"type":"TEST_STEP","name":"Statement - currentTab \u003d com.kms.katalon.core.webui.keyword.WebUiBuiltInKeywords.getWindowIndex()","message":"Current window\u0027s index is: 0","description":"","startTime":1544782062781,"endTime":1544782062799,"childRecords":[{"testStatus":{"stackTrace":"","statusValue":"PASSED"},"type":"MESSAGE","name":"","message":"Current window\u0027s index is: 0","startTime":1544782062798,"endTime":0,"childRecords":[],"interuppted":false}],"interuppted":false},{"index":9,"isIgnoredIfFailed":false,"type":"TEST_STEP","name":"Comment - \"Step 1: Navigate to CMS Home page\"","description":"","startTime":1544782062799,"endTime":1544782062800,"childRecords":[],"interuppted":false},{"index":10,"isIgnoredIfFailed":false,"type":"TEST_STEP","name":"verifyMatch","message":"Actual text \u0027Home :: Powered by Subrion 4.2\u0027 and expected text \u0027Home :: Powered by Subrion 4.2\u0027 are matched ","description":"VP: Brought to Home page","startTime":1544782062800,"endTime":1544782062805,"childRecords":[{"testStatus":{"stackTrace":"","statusValue":"PASSED"},"type":"MESSAGE","name":"","message":"Current window\u0027s title is: \u0027Home :: Powered by Subrion 4.2\u0027","startTime":1544782062804,"endTime":0,"childRecords":[],"interuppted":false},{"testStatus":{"stackTrace":"","statusValue":"PASSED"},"type":"MESSAGE","name":"","message":"Actual text \u0027Home :: Powered by Subrion 4.2\u0027 and expected text \u0027Home :: Powered by Subrion 4.2\u0027 are matched ","startTime":1544782062804,"endTime":0,"childRecords":[],"interuppted":false}],"interuppted":false},{"index":11,"isIgnoredIfFailed":false,"type":"TEST_STEP","name":"click","message":"Object: \u0027Object Repository/HomePage/lnk_SignUp\u0027 is clicked on","description":"Step 2: Follow steps in TC#1 to create a new user","startTime":1544782062805,"endTime":1544782063399,"childRecords":[{"testStatus":{"stackTrace":"","statusValue":"PASSED"},"type":"MESSAGE","name":"","message":"Object: \u0027Object Repository/HomePage/lnk_SignUp\u0027 is clicked on","startTime":1544782063398,"endTime":0,"childRecords":[],"interuppted":false}],"interuppted":false},{"index":12,"isIgnoredIfFailed":false,"type":"TEST_STEP","name":"callTestCase","message":"Call Test Case \u0027Test Cases/CommonTestcase/CreateNewUser\u0027 successfully","description":"","startTime":1544782063399,"endTime":1544782064947,"childRecords":[{"isOptional":false,"type":"TEST_CASE","name":"Test Cases/CommonTestcase/CreateNewUser","id":"Test Cases/CommonTestcase/CreateNewUser","source":"D:\\\\MyDocument\\\\Katalon\\\\KATALON\\\\KatalonTest\\\\Test Cases\\\\CommonTestcase\\\\CreateNewUser.tc","message":"Test Cases/CommonTestcase/CreateNewUser","description":"","startTime":1544782063454,"endTime":1544782064946,"childRecords":[{"testStatus":{"stackTrace":"","statusValue":"INFO"},"type":"MESSAGE","name":"","message":"Evaluating variables for test case","startTime":1544782063458,"endTime":0,"childRecords":[],"interuppted":false},{"index":1,"isIgnoredIfFailed":false,"type":"TEST_STEP","name":"setText","message":"Text \u0027154478206277\u0027 is set on object \u0027Object Repository/RegisterPage/txt_Username\u0027","description":"Step 1: Input value into \"Username\" field","startTime":1544782063552,"endTime":1544782063599,"childRecords":[{"testStatus":{"stackTrace":"","statusValue":"PASSED"},"type":"MESSAGE","name":"","message":"Text \u0027154478206277\u0027 is set on object \u0027Object Repository/RegisterPage/txt_Username\u0027","startTime":1544782063599,"endTime":0,"childRecords":[],"interuppted":false}],"interuppted":false},{"index":2,"isIgnoredIfFailed":false,"type":"TEST_STEP","name":"setText","message":"Text \u0027154478206277_fullName\u0027 is set on object \u0027Object Repository/RegisterPage/txt_Fullname\u0027","description":"Step 2: Input value into \"Full Name\" field","startTime":1544782063600,"endTime":1544782063657,"childRecords":[{"testStatus":{"stackTrace":"","statusValue":"PASSED"},"type":"MESSAGE","name":"","message":"Text \u0027154478206277_fullName\u0027 is set on object \u0027Object Repository/RegisterPage/txt_Fullname\u0027","startTime":1544782063657,"endTime":0,"childRecords":[],"interuppted":false}],"interuppted":false},{"index":3,"isIgnoredIfFailed":false,"type":"TEST_STEP","name":"setText","message":"Text \u0027154478206277@gmail.com\u0027 is set on object \u0027Object Repository/RegisterPage/txt_Email\u0027","description":"Step 3: Input value into \"Email\" field","startTime":1544782063657,"endTime":1544782063713,"childRecords":[{"testStatus":{"stackTrace":"","statusValue":"PASSED"},"type":"MESSAGE","name":"","message":"Text \u0027154478206277@gmail.com\u0027 is set on object \u0027Object Repository/RegisterPage/txt_Email\u0027","startTime":1544782063712,"endTime":0,"childRecords":[],"interuppted":false}],"interuppted":false},{"index":4,"isIgnoredIfFailed":false,"type":"TEST_STEP","name":"selectOptionByLabel","message":"All options with label \u0027Male\u0027 are selected in object \u0027Object Repository/RegisterPage/ddl_Gender\u0027 ","description":"Step 4: Select value into \"Gender\" field","startTime":1544782063713,"endTime":1544782063964,"childRecords":[{"testStatus":{"stackTrace":"","statusValue":"PASSED"},"type":"MESSAGE","name":"","message":"All options with label \u0027Male\u0027 are selected in object \u0027Object Repository/RegisterPage/ddl_Gender\u0027 ","startTime":1544782063964,"endTime":0,"childRecords":[],"interuppted":false}],"interuppted":false},{"index":5,"isIgnoredIfFailed":false,"type":"TEST_STEP","name":"setEncryptedText","message":"Text ****** has been set on object \u0027Object Repository/RegisterPage/txt_Pass\u0027","description":"Step 5: Input value into \"Your password\" field","startTime":1544782063965,"endTime":1544782063996,"childRecords":[{"testStatus":{"stackTrace":"","statusValue":"PASSED"},"type":"MESSAGE","name":"","message":"Text ****** has been set on object \u0027Object Repository/RegisterPage/txt_Pass\u0027","startTime":1544782063995,"endTime":0,"childRecords":[],"interuppted":false}],"interuppted":false},{"index":6,"isIgnoredIfFailed":false,"type":"TEST_STEP","name":"setEncryptedText","message":"Text ****** has been set on object \u0027Object Repository/RegisterPage/txt_Confirmpass\u0027","description":"Step 6: Input value into \"Confirm your password:\" field","startTime":1544782063997,"endTime":1544782064026,"childRecords":[{"testStatus":{"stackTrace":"","statusValue":"PASSED"},"type":"MESSAGE","name":"","message":"Text ****** has been set on object \u0027Object Repository/RegisterPage/txt_Confirmpass\u0027","startTime":1544782064026,"endTime":0,"childRecords":[],"interuppted":false}],"interuppted":false},{"index":7,"isIgnoredIfFailed":false,"type":"TEST_STEP","name":"click","message":"Object: \u0027Object Repository/RegisterPage/btn_Registration\u0027 is clicked on","description":"Step 7: Click on \"Registration\" button ","startTime":1544782064026,"endTime":1544782064946,"childRecords":[{"testStatus":{"stackTrace":"","statusValue":"PASSED"},"type":"MESSAGE","name":"","message":"Object: \u0027Object Repository/RegisterPage/btn_Registration\u0027 is clicked on","startTime":1544782064946,"endTime":0,"childRecords":[],"interuppted":false}],"interuppted":false},{"testStatus":{"stackTrace":"","statusValue":"PASSED"},"type":"MESSAGE","name":"","message":"Test Cases/CommonTestcase/CreateNewUser","startTime":1544782064946,"endTime":0,"childRecords":[],"interuppted":false}],"interuppted":false},{"testStatus":{"stackTrace":"","statusValue":"PASSED"},"type":"MESSAGE","name":"","message":"Call Test Case \u0027Test Cases/CommonTestcase/CreateNewUser\u0027 successfully","startTime":1544782064947,"endTime":0,"childRecords":[],"interuppted":false}],"interuppted":false},{"index":13,"isIgnoredIfFailed":false,"type":"TEST_STEP","name":"click","message":"Object: \u0027Object Repository/HomePage/lnk_LogIn\u0027 is clicked on","description":"Step 3: Click on \"Log In\" menu","startTime":1544782064947,"endTime":1544782065507,"childRecords":[{"testStatus":{"stackTrace":"","statusValue":"PASSED"},"type":"MESSAGE","name":"","message":"Object: \u0027Object Repository/HomePage/lnk_LogIn\u0027 is clicked on","startTime":1544782065506,"endTime":0,"childRecords":[],"interuppted":false}],"interuppted":false},{"index":14,"isIgnoredIfFailed":false,"type":"TEST_STEP","name":"verifyMatch","message":"Actual text \u0027Login :: Powered by Subrion 4.2\u0027 and expected text \u0027Login :: Powered by Subrion 4.2\u0027 are matched ","description":"VP: Brought to Login page","startTime":1544782065507,"endTime":1544782065512,"childRecords":[{"testStatus":{"stackTrace":"","statusValue":"PASSED"},"type":"MESSAGE","name":"","message":"Current window\u0027s title is: \u0027Login :: Powered by Subrion 4.2\u0027","startTime":1544782065511,"endTime":0,"childRecords":[],"interuppted":false},{"testStatus":{"stackTrace":"","statusValue":"PASSED"},"type":"MESSAGE","name":"","message":"Actual text \u0027Login :: Powered by Subrion 4.2\u0027 and expected text \u0027Login :: Powered by Subrion 4.2\u0027 are matched ","startTime":1544782065512,"endTime":0,"childRecords":[],"interuppted":false}],"interuppted":false},{"index":15,"isIgnoredIfFailed":false,"type":"TEST_STEP","name":"callTestCase","message":"Call Test Case \u0027Test Cases/CommonTestcase/LoginSystem\u0027 successfully","description":"Step 4: Log in with newly created user","startTime":1544782065512,"endTime":1544782066268,"childRecords":[{"isOptional":false,"type":"TEST_CASE","name":"Test Cases/CommonTestcase/LoginSystem","id":"Test Cases/CommonTestcase/LoginSystem","source":"D:\\\\MyDocument\\\\Katalon\\\\KATALON\\\\KatalonTest\\\\Test Cases\\\\CommonTestcase\\\\LoginSystem.tc","message":"Test Cases/CommonTestcase/LoginSystem","description":"","startTime":1544782065568,"endTime":1544782066267,"childRecords":[{"testStatus":{"stackTrace":"","statusValue":"INFO"},"type":"MESSAGE","name":"","message":"Evaluating variables for test case","startTime":1544782065573,"endTime":0,"childRecords":[],"interuppted":false},{"index":1,"isIgnoredIfFailed":false,"type":"TEST_STEP","name":"setText","message":"Text \u0027154478206277\u0027 is set on object \u0027Object Repository/LoginPage/txt_Username\u0027","description":"Input username to \"username\" textbox","startTime":1544782065574,"endTime":1544782065620,"childRecords":[{"testStatus":{"stackTrace":"","statusValue":"PASSED"},"type":"MESSAGE","name":"","message":"Text \u0027154478206277\u0027 is set on object \u0027Object Repository/LoginPage/txt_Username\u0027","startTime":1544782065620,"endTime":0,"childRecords":[],"interuppted":false}],"interuppted":false},{"index":2,"isIgnoredIfFailed":false,"type":"TEST_STEP","name":"setEncryptedText","message":"Text ****** has been set on object \u0027Object Repository/LoginPage/txt_Password\u0027","description":"Input password to \"password\" textbox","startTime":1544782065620,"endTime":1544782065649,"childRecords":[{"testStatus":{"stackTrace":"","statusValue":"PASSED"},"type":"MESSAGE","name":"","message":"Text ****** has been set on object \u0027Object Repository/LoginPage/txt_Password\u0027","startTime":1544782065649,"endTime":0,"childRecords":[],"interuppted":false}],"interuppted":false},{"index":3,"isIgnoredIfFailed":false,"type":"TEST_STEP","name":"click","message":"Object: \u0027Object Repository/LoginPage/btn_Login\u0027 is clicked on","description":"Click Log in button","startTime":1544782065649,"endTime":1544782066267,"childRecords":[{"testStatus":{"stackTrace":"","statusValue":"PASSED"},"type":"MESSAGE","name":"","message":"Object: \u0027Object Repository/LoginPage/btn_Login\u0027 is clicked on","startTime":1544782066267,"endTime":0,"childRecords":[],"interuppted":false}],"interuppted":false},{"testStatus":{"stackTrace":"","statusValue":"PASSED"},"type":"MESSAGE","name":"","message":"Test Cases/CommonTestcase/LoginSystem","startTime":1544782066267,"endTime":0,"childRecords":[],"interuppted":false}],"interuppted":false},{"testStatus":{"stackTrace":"","statusValue":"PASSED"},"type":"MESSAGE","name":"","message":"Call Test Case \u0027Test Cases/CommonTestcase/LoginSystem\u0027 successfully","startTime":1544782066267,"endTime":0,"childRecords":[],"interuppted":false}],"interuppted":false},{"index":16,"isIgnoredIfFailed":false,"type":"TEST_STEP","name":"verifyMatch","message":"Actual text \u0027Login :: Powered by Subrion 4.2\u0027 and expected text \u0027Login :: Powered by Subrion 4.2\u0027 are matched ","description":"VP:User is still in Log In page","startTime":1544782066268,"endTime":1544782066272,"childRecords":[{"testStatus":{"stackTrace":"","statusValue":"PASSED"},"type":"MESSAGE","name":"","message":"Current window\u0027s title is: \u0027Login :: Powered by Subrion 4.2\u0027","startTime":1544782066270,"endTime":0,"childRecords":[],"interuppted":false},{"testStatus":{"stackTrace":"","statusValue":"PASSED"},"type":"MESSAGE","name":"","message":"Actual text \u0027Login :: Powered by Subrion 4.2\u0027 and expected text \u0027Login :: Powered by Subrion 4.2\u0027 are matched ","startTime":1544782066271,"endTime":0,"childRecords":[],"interuppted":false}],"interuppted":false},{"index":17,"isIgnoredIfFailed":false,"type":"TEST_STEP","name":"verifyTextPresent","message":"Text \u0027Either login or password is invalid.\u0027 is present on page ","description":"Step 5: Verify error message is displayed: “Either login or password is invalid.”  ","startTime":1544782066272,"endTime":1544782066400,"childRecords":[{"testStatus":{"stackTrace":"","statusValue":"PASSED"},"type":"MESSAGE","name":"","message":"Text \u0027Either login or password is invalid.\u0027 is present on page ","startTime":1544782066400,"endTime":0,"childRecords":[],"interuppted":false}],"interuppted":false},{"index":18,"isIgnoredIfFailed":false,"type":"TEST_STEP","name":"Comment - \"Step 6: Login Admin page\"","description":"","startTime":1544782066400,"endTime":1544782066400,"childRecords":[],"interuppted":false},{"index":19,"isIgnoredIfFailed":false,"type":"TEST_STEP","name":"clearText","message":"Text of object \u0027Object Repository/LoginPage/txt_Username\u0027 is cleared","description":"VP: Clear data in User textbox","startTime":1544782066400,"endTime":1544782066423,"childRecords":[{"testStatus":{"stackTrace":"","statusValue":"PASSED"},"type":"MESSAGE","name":"","message":"Text of object \u0027Object Repository/LoginPage/txt_Username\u0027 is cleared","startTime":1544782066423,"endTime":0,"childRecords":[],"interuppted":false}],"interuppted":false},{"index":20,"isIgnoredIfFailed":false,"type":"TEST_STEP","name":"callTestCase","message":"Call Test Case \u0027Test Cases/CommonTestcase/LoginSystem\u0027 successfully","description":"","startTime":1544782066424,"endTime":1544782067864,"childRecords":[{"isOptional":false,"type":"TEST_CASE","name":"Test Cases/CommonTestcase/LoginSystem","id":"Test Cases/CommonTestcase/LoginSystem","source":"D:\\\\MyDocument\\\\Katalon\\\\KATALON\\\\KatalonTest\\\\Test Cases\\\\CommonTestcase\\\\LoginSystem.tc","message":"Test Cases/CommonTestcase/LoginSystem","description":"","startTime":1544782066481,"endTime":1544782067863,"childRecords":[{"testStatus":{"stackTrace":"","statusValue":"INFO"},"type":"MESSAGE","name":"","message":"Evaluating variables for test case","startTime":1544782066484,"endTime":0,"childRecords":[],"interuppted":false},{"index":1,"isIgnoredIfFailed":false,"type":"TEST_STEP","name":"setText","message":"Text \u0027admin\u0027 is set on object \u0027Object Repository/LoginPage/txt_Username\u0027","description":"Input username to \"username\" textbox","startTime":1544782066485,"endTime":1544782066517,"childRecords":[{"testStatus":{"stackTrace":"","statusValue":"PASSED"},"type":"MESSAGE","name":"","message":"Text \u0027admin\u0027 is set on object \u0027Object Repository/LoginPage/txt_Username\u0027","startTime":1544782066516,"endTime":0,"childRecords":[],"interuppted":false}],"interuppted":false},{"index":2,"isIgnoredIfFailed":false,"type":"TEST_STEP","name":"setEncryptedText","message":"Text ****** has been set on object \u0027Object Repository/LoginPage/txt_Password\u0027","description":"Input password to \"password\" textbox","startTime":1544782066517,"endTime":1544782066553,"childRecords":[{"testStatus":{"stackTrace":"","statusValue":"PASSED"},"type":"MESSAGE","name":"","message":"Text ****** has been set on object \u0027Object Repository/LoginPage/txt_Password\u0027","startTime":1544782066553,"endTime":0,"childRecords":[],"interuppted":false}],"interuppted":false},{"index":3,"isIgnoredIfFailed":false,"type":"TEST_STEP","name":"click","message":"Object: \u0027Object Repository/LoginPage/btn_Login\u0027 is clicked on","description":"Click Log in button","startTime":1544782066553,"endTime":1544782067863,"childRecords":[{"testStatus":{"stackTrace":"","statusValue":"PASSED"},"type":"MESSAGE","name":"","message":"Object: \u0027Object Repository/LoginPage/btn_Login\u0027 is clicked on","startTime":1544782067863,"endTime":0,"childRecords":[],"interuppted":false}],"interuppted":false},{"testStatus":{"stackTrace":"","statusValue":"PASSED"},"type":"MESSAGE","name":"","message":"Test Cases/CommonTestcase/LoginSystem","startTime":1544782067863,"endTime":0,"childRecords":[],"interuppted":false}],"interuppted":false},{"testStatus":{"stackTrace":"","statusValue":"PASSED"},"type":"MESSAGE","name":"","message":"Call Test Case \u0027Test Cases/CommonTestcase/LoginSystem\u0027 successfully","startTime":1544782067863,"endTime":0,"childRecords":[],"interuppted":false}],"interuppted":false},{"index":21,"isIgnoredIfFailed":false,"type":"TEST_STEP","name":"verifyMatch","message":"Actual text \u0027My Profile :: Powered by Subrion 4.2\u0027 and expected text \u0027My Profile :: Powered by Subrion 4.2\u0027 are matched ","description":"VP: Brought to My Profile page","startTime":1544782067864,"endTime":1544782067866,"childRecords":[{"testStatus":{"stackTrace":"","statusValue":"PASSED"},"type":"MESSAGE","name":"","message":"Current window\u0027s title is: \u0027My Profile :: Powered by Subrion 4.2\u0027","startTime":1544782067866,"endTime":0,"childRecords":[],"interuppted":false},{"testStatus":{"stackTrace":"","statusValue":"PASSED"},"type":"MESSAGE","name":"","message":"Actual text \u0027My Profile :: Powered by Subrion 4.2\u0027 and expected text \u0027My Profile :: Powered by Subrion 4.2\u0027 are matched ","startTime":1544782067866,"endTime":0,"childRecords":[],"interuppted":false}],"interuppted":false},{"index":22,"isIgnoredIfFailed":false,"type":"TEST_STEP","name":"click","message":"Object: \u0027Object Repository/AdminPage/btn_AdminDashboard\u0027 is clicked on","description":"Step 7: Navigate to Administration Panel page ","startTime":1544782067866,"endTime":1544782067913,"childRecords":[{"testStatus":{"stackTrace":"","statusValue":"PASSED"},"type":"MESSAGE","name":"","message":"Object: \u0027Object Repository/AdminPage/btn_AdminDashboard\u0027 is clicked on","startTime":1544782067913,"endTime":0,"childRecords":[],"interuppted":false}],"interuppted":false},{"index":23,"isIgnoredIfFailed":false,"type":"TEST_STEP","name":"switchToWindowUrl","message":"Switched to window with url: \u0027http://13.250.134.32/subrion/panel/\u0027","description":"","startTime":1544782067913,"endTime":1544782068516,"childRecords":[{"testStatus":{"stackTrace":"","statusValue":"PASSED"},"type":"MESSAGE","name":"","message":"Switched to window with url: \u0027http://13.250.134.32/subrion/panel/\u0027","startTime":1544782068516,"endTime":0,"childRecords":[],"interuppted":false}],"interuppted":false},{"index":24,"isIgnoredIfFailed":false,"type":"TEST_STEP","name":"waitForPageLoad","message":"Wait for page load successfully","description":"VP: Brought to Dashboard page","startTime":1544782068516,"endTime":1544782069614,"childRecords":[{"testStatus":{"stackTrace":"","statusValue":"PASSED"},"type":"MESSAGE","name":"","message":"Wait for page load successfully","startTime":1544782069613,"endTime":0,"childRecords":[],"interuppted":false}],"interuppted":false},{"index":25,"isIgnoredIfFailed":false,"type":"TEST_STEP","name":"verifyMatch","message":"Actual text \u0027Dashboard :: Powered by Subrion 4.2\u0027 and expected text \u0027Dashboard :: Powered by Subrion 4.2\u0027 are matched ","description":"","startTime":1544782069614,"endTime":1544782069619,"childRecords":[{"testStatus":{"stackTrace":"","statusValue":"PASSED"},"type":"MESSAGE","name":"","message":"Current window\u0027s title is: \u0027Dashboard :: Powered by Subrion 4.2\u0027","startTime":1544782069618,"endTime":0,"childRecords":[],"interuppted":false},{"testStatus":{"stackTrace":"","statusValue":"PASSED"},"type":"MESSAGE","name":"","message":"Actual text \u0027Dashboard :: Powered by Subrion 4.2\u0027 and expected text \u0027Dashboard :: Powered by Subrion 4.2\u0027 are matched ","startTime":1544782069619,"endTime":0,"childRecords":[],"interuppted":false}],"interuppted":false},{"index":26,"isIgnoredIfFailed":false,"type":"TEST_STEP","name":"delay","message":"Delayed 10 second(s)","description":"Step 8: Click on \"Member\" menu of main menu","startTime":1544782069619,"endTime":1544782079626,"childRecords":[{"testStatus":{"stackTrace":"","statusValue":"PASSED"},"type":"MESSAGE","name":"","message":"Delayed 10 second(s)","startTime":1544782079625,"endTime":0,"childRecords":[],"interuppted":false}],"interuppted":false},{"index":27,"isIgnoredIfFailed":false,"type":"TEST_STEP","name":"click","message":"Object: \u0027Object Repository/AdminPage/lnk_Members\u0027 is clicked on","description":"","startTime":1544782079626,"endTime":1544782079882,"childRecords":[{"testStatus":{"stackTrace":"","statusValue":"PASSED"},"type":"MESSAGE","name":"","message":"Object: \u0027Object Repository/AdminPage/lnk_Members\u0027 is clicked on","startTime":1544782079881,"endTime":0,"childRecords":[],"interuppted":false}],"interuppted":false},{"index":28,"isIgnoredIfFailed":false,"type":"TEST_STEP","name":"click","message":"Object: \u0027Object Repository/AdminPage/lnk_subMember\u0027 is clicked on","description":"Step 9: Click on \" Member\" menu on Sub menu","startTime":1544782079882,"endTime":1544782080447,"childRecords":[{"testStatus":{"stackTrace":"","statusValue":"PASSED"},"type":"MESSAGE","name":"","message":"Object: \u0027Object Repository/AdminPage/lnk_subMember\u0027 is clicked on","startTime":1544782080446,"endTime":0,"childRecords":[],"interuppted":false}],"interuppted":false},{"index":29,"isIgnoredIfFailed":false,"type":"TEST_STEP","name":"waitForElementVisible","message":"Object \u0027Object Repository/MemberPage/txt_Search\u0027 is visible","description":"Step 10: Click on Edit icon of created member","startTime":1544782080447,"endTime":1544782081049,"childRecords":[{"testStatus":{"stackTrace":"","statusValue":"PASSED"},"type":"MESSAGE","name":"","message":"Object \u0027Object Repository/MemberPage/txt_Search\u0027 is visible","startTime":1544782081049,"endTime":0,"childRecords":[],"interuppted":false}],"interuppted":false},{"index":30,"isIgnoredIfFailed":false,"type":"TEST_STEP","name":"setText","message":"Text \u0027154478206277\u0027 is set on object \u0027Object Repository/MemberPage/txt_Search\u0027","description":"","startTime":1544782081050,"endTime":1544782081281,"childRecords":[{"testStatus":{"stackTrace":"","statusValue":"PASSED"},"type":"MESSAGE","name":"","message":"Text \u0027154478206277\u0027 is set on object \u0027Object Repository/MemberPage/txt_Search\u0027","startTime":1544782081280,"endTime":0,"childRecords":[],"interuppted":false}],"interuppted":false},{"index":31,"isIgnoredIfFailed":false,"type":"TEST_STEP","name":"click","message":"Object: \u0027Object Repository/MemberPage/btn_Search\u0027 is clicked on","description":"","startTime":1544782081281,"endTime":1544782081579,"childRecords":[{"testStatus":{"stackTrace":"","statusValue":"PASSED"},"type":"MESSAGE","name":"","message":"Object: \u0027Object Repository/MemberPage/btn_Search\u0027 is clicked on","startTime":1544782081579,"endTime":0,"childRecords":[],"interuppted":false}],"interuppted":false},{"index":32,"isIgnoredIfFailed":false,"type":"TEST_STEP","name":"delay","message":"Delayed 10 second(s)","description":"","startTime":1544782081579,"endTime":1544782091580,"childRecords":[{"testStatus":{"stackTrace":"","statusValue":"PASSED"},"type":"MESSAGE","name":"","message":"Delayed 10 second(s)","startTime":1544782091580,"endTime":0,"childRecords":[],"interuppted":false}],"interuppted":false},{"index":33,"isIgnoredIfFailed":false,"type":"TEST_STEP","name":"click","message":"Object: \u0027Object Repository/MemberPage/chk_user\u0027 is clicked on","description":"","startTime":1544782091581,"endTime":1544782091846,"childRecords":[{"testStatus":{"stackTrace":"","statusValue":"PASSED"},"type":"MESSAGE","name":"","message":"Object: \u0027Object Repository/MemberPage/chk_user\u0027 is clicked on","startTime":1544782091845,"endTime":0,"childRecords":[],"interuppted":false}],"interuppted":false},{"index":34,"isIgnoredIfFailed":false,"type":"TEST_STEP","name":"click","message":"Object: \u0027Object Repository/AdminPage/btn_Edit\u0027 is clicked on","description":"","startTime":1544782091846,"endTime":1544782092807,"childRecords":[{"testStatus":{"stackTrace":"","statusValue":"PASSED"},"type":"MESSAGE","name":"","message":"Object: \u0027Object Repository/AdminPage/btn_Edit\u0027 is clicked on","startTime":1544782092806,"endTime":0,"childRecords":[],"interuppted":false}],"interuppted":false},{"index":35,"isIgnoredIfFailed":false,"type":"TEST_STEP","name":"verifyMatch","message":"Actual text \u0027Edit Member :: Powered by Subrion 4.2\u0027 and expected text \u0027Edit Member :: Powered by Subrion 4.2\u0027 are matched ","description":"VP: Brought to Edit Member page","startTime":1544782092807,"endTime":1544782092810,"childRecords":[{"testStatus":{"stackTrace":"","statusValue":"PASSED"},"type":"MESSAGE","name":"","message":"Current window\u0027s title is: \u0027Edit Member :: Powered by Subrion 4.2\u0027","startTime":1544782092810,"endTime":0,"childRecords":[],"interuppted":false},{"testStatus":{"stackTrace":"","statusValue":"PASSED"},"type":"MESSAGE","name":"","message":"Actual text \u0027Edit Member :: Powered by Subrion 4.2\u0027 and expected text \u0027Edit Member :: Powered by Subrion 4.2\u0027 are matched ","startTime":1544782092810,"endTime":0,"childRecords":[],"interuppted":false}],"interuppted":false},{"index":36,"isIgnoredIfFailed":false,"type":"TEST_STEP","name":"selectOptionByLabel","message":"All options with label \u0027Active\u0027 are selected in object \u0027Object Repository/EditMemberPage/ddl_Status\u0027 ","description":"Step 11: Select \"Active\" status","startTime":1544782092810,"endTime":1544782093092,"childRecords":[{"testStatus":{"stackTrace":"","statusValue":"PASSED"},"type":"MESSAGE","name":"","message":"All options with label \u0027Active\u0027 are selected in object \u0027Object Repository/EditMemberPage/ddl_Status\u0027 ","startTime":1544782093091,"endTime":0,"childRecords":[],"interuppted":false}],"interuppted":false},{"index":37,"isIgnoredIfFailed":false,"type":"TEST_STEP","name":"click","message":"Object: \u0027Object Repository/EditMemberPage/btn_Save\u0027 is clicked on","description":"Step 12: Click on \"Save\" button","startTime":1544782093092,"endTime":1544782093677,"childRecords":[{"testStatus":{"stackTrace":"","statusValue":"PASSED"},"type":"MESSAGE","name":"","message":"Object: \u0027Object Repository/EditMemberPage/btn_Save\u0027 is clicked on","startTime":1544782093677,"endTime":0,"childRecords":[],"interuppted":false}],"interuppted":false},{"index":38,"isIgnoredIfFailed":false,"type":"TEST_STEP","name":"waitForPageLoad","message":"Wait for page load successfully","description":"Brought to Members page","startTime":1544782093678,"endTime":1544782093704,"childRecords":[{"testStatus":{"stackTrace":"","statusValue":"PASSED"},"type":"MESSAGE","name":"","message":"Wait for page load successfully","startTime":1544782093704,"endTime":0,"childRecords":[],"interuppted":false}],"interuppted":false},{"index":39,"isIgnoredIfFailed":false,"type":"TEST_STEP","name":"delay","message":"Delayed 10 second(s)","description":"Step 13: Log out of the system","startTime":1544782093704,"endTime":1544782103703,"childRecords":[{"testStatus":{"stackTrace":"","statusValue":"PASSED"},"type":"MESSAGE","name":"","message":"Delayed 10 second(s)","startTime":1544782103703,"endTime":0,"childRecords":[],"interuppted":false}],"interuppted":false},{"index":40,"isIgnoredIfFailed":false,"type":"TEST_STEP","name":"click","message":"Object: \u0027Object Repository/MemberPage/btn_Logout\u0027 is clicked on","description":"","startTime":1544782103704,"endTime":1544782104955,"childRecords":[{"testStatus":{"stackTrace":"","statusValue":"PASSED"},"type":"MESSAGE","name":"","message":"Object: \u0027Object Repository/MemberPage/btn_Logout\u0027 is clicked on","startTime":1544782104954,"endTime":0,"childRecords":[],"interuppted":false}],"interuppted":false},{"index":41,"isIgnoredIfFailed":false,"type":"TEST_STEP","name":"click","message":"Object: \u0027Object Repository/AdminPage/btn_BackToHomePage\u0027 is clicked on","description":"Step 14: Navigate to Home Page","startTime":1544782104955,"endTime":1544782105575,"childRecords":[{"testStatus":{"stackTrace":"","statusValue":"PASSED"},"type":"MESSAGE","name":"","message":"Object: \u0027Object Repository/AdminPage/btn_BackToHomePage\u0027 is clicked on","startTime":1544782105575,"endTime":0,"childRecords":[],"interuppted":false}],"interuppted":false},{"index":42,"isIgnoredIfFailed":false,"type":"TEST_STEP","name":"click","message":"Object: \u0027Object Repository/HomePage/lnk_LogIn\u0027 is clicked on","description":"Step 15: Click on \"Log In\" menu","startTime":1544782105576,"endTime":1544782106461,"childRecords":[{"testStatus":{"stackTrace":"","statusValue":"PASSED"},"type":"MESSAGE","name":"","message":"Object: \u0027Object Repository/HomePage/lnk_LogIn\u0027 is clicked on","startTime":1544782106460,"endTime":0,"childRecords":[],"interuppted":false}],"interuppted":false},{"index":43,"isIgnoredIfFailed":false,"type":"TEST_STEP","name":"callTestCase","message":"Call Test Case \u0027Test Cases/CommonTestcase/LoginSystem\u0027 successfully","description":"Step 16: Log in with activated user","startTime":1544782106461,"endTime":1544782107519,"childRecords":[{"isOptional":false,"type":"TEST_CASE","name":"Test Cases/CommonTestcase/LoginSystem","id":"Test Cases/CommonTestcase/LoginSystem","source":"D:\\\\MyDocument\\\\Katalon\\\\KATALON\\\\KatalonTest\\\\Test Cases\\\\CommonTestcase\\\\LoginSystem.tc","message":"Test Cases/CommonTestcase/LoginSystem","description":"","startTime":1544782106525,"endTime":1544782107518,"childRecords":[{"testStatus":{"stackTrace":"","statusValue":"INFO"},"type":"MESSAGE","name":"","message":"Evaluating variables for test case","startTime":1544782106529,"endTime":0,"childRecords":[],"interuppted":false},{"index":1,"isIgnoredIfFailed":false,"type":"TEST_STEP","name":"setText","message":"Text \u0027154478206277\u0027 is set on object \u0027Object Repository/LoginPage/txt_Username\u0027","description":"Input username to \"username\" textbox","startTime":1544782106529,"endTime":1544782106601,"childRecords":[{"testStatus":{"stackTrace":"","statusValue":"PASSED"},"type":"MESSAGE","name":"","message":"Text \u0027154478206277\u0027 is set on object \u0027Object Repository/LoginPage/txt_Username\u0027","startTime":1544782106601,"endTime":0,"childRecords":[],"interuppted":false}],"interuppted":false},{"index":2,"isIgnoredIfFailed":false,"type":"TEST_STEP","name":"setEncryptedText","message":"Text ****** has been set on object \u0027Object Repository/LoginPage/txt_Password\u0027","description":"Input password to \"password\" textbox","startTime":1544782106601,"endTime":1544782106652,"childRecords":[{"testStatus":{"stackTrace":"","statusValue":"PASSED"},"type":"MESSAGE","name":"","message":"Text ****** has been set on object \u0027Object Repository/LoginPage/txt_Password\u0027","startTime":1544782106652,"endTime":0,"childRecords":[],"interuppted":false}],"interuppted":false},{"index":3,"isIgnoredIfFailed":false,"type":"TEST_STEP","name":"click","message":"Object: \u0027Object Repository/LoginPage/btn_Login\u0027 is clicked on","description":"Click Log in button","startTime":1544782106652,"endTime":1544782107518,"childRecords":[{"testStatus":{"stackTrace":"","statusValue":"PASSED"},"type":"MESSAGE","name":"","message":"Object: \u0027Object Repository/LoginPage/btn_Login\u0027 is clicked on","startTime":1544782107518,"endTime":0,"childRecords":[],"interuppted":false}],"interuppted":false},{"testStatus":{"stackTrace":"","statusValue":"PASSED"},"type":"MESSAGE","name":"","message":"Test Cases/CommonTestcase/LoginSystem","startTime":1544782107518,"endTime":0,"childRecords":[],"interuppted":false}],"interuppted":false},{"testStatus":{"stackTrace":"","statusValue":"PASSED"},"type":"MESSAGE","name":"","message":"Call Test Case \u0027Test Cases/CommonTestcase/LoginSystem\u0027 successfully","startTime":1544782107519,"endTime":0,"childRecords":[],"interuppted":false}],"interuppted":false},{"index":44,"isIgnoredIfFailed":false,"type":"TEST_STEP","name":"verifyMatch","message":"Actual text \u0027Home :: Powered by Subrion 4.2\u0027 and expected text \u0027Home :: Powered by Subrion 4.2\u0027 are matched ","description":"Brought to Home Page, username is displayed in the menu bar","startTime":1544782107519,"endTime":1544782107522,"childRecords":[{"testStatus":{"stackTrace":"","statusValue":"PASSED"},"type":"MESSAGE","name":"","message":"Current window\u0027s title is: \u0027Home :: Powered by Subrion 4.2\u0027","startTime":1544782107522,"endTime":0,"childRecords":[],"interuppted":false},{"testStatus":{"stackTrace":"","statusValue":"PASSED"},"type":"MESSAGE","name":"","message":"Actual text \u0027Home :: Powered by Subrion 4.2\u0027 and expected text \u0027Home :: Powered by Subrion 4.2\u0027 are matched ","startTime":1544782107522,"endTime":0,"childRecords":[],"interuppted":false}],"interuppted":false},{"index":45,"isIgnoredIfFailed":false,"type":"TEST_STEP","name":"verifyMatch","message":"Actual text \u0027154478206277_fullName\u0027 and expected text \u0027154478206277_fullName\u0027 are matched ","description":"","startTime":1544782107522,"endTime":1544782107544,"childRecords":[{"testStatus":{"stackTrace":"","statusValue":"PASSED"},"type":"MESSAGE","name":"","message":"Attribute \u0027title\u0027 of object \u0027Object Repository/HomePage/img_User\u0027 is: \u0027154478206277_fullName\u0027","startTime":1544782107544,"endTime":0,"childRecords":[],"interuppted":false},{"testStatus":{"stackTrace":"","statusValue":"PASSED"},"type":"MESSAGE","name":"","message":"Actual text \u0027154478206277_fullName\u0027 and expected text \u0027154478206277_fullName\u0027 are matched ","startTime":1544782107544,"endTime":0,"childRecords":[],"interuppted":false}],"interuppted":false},{"testStatus":{"stackTrace":"","statusValue":"PASSED"},"type":"MESSAGE","name":"","message":"Test Cases/TestCase/TC3_OnlyActiveMemberCanLoginToSystem","startTime":1544782107544,"endTime":0,"childRecords":[],"interuppted":false},{"index":-1,"isIgnoredIfFailed":false,"type":"TEST_STEP","name":"Start listener action : afterTestCase","message":"Browser is closed","description":"","startTime":1544782107544,"endTime":1544782109656,"childRecords":[{"index":1,"isIgnoredIfFailed":false,"type":"TEST_STEP","name":"Statement - println(testCaseContext.getTestCaseId())","description":"","startTime":1544782107544,"endTime":1544782107544,"childRecords":[],"interuppted":false},{"index":2,"isIgnoredIfFailed":false,"type":"TEST_STEP","name":"Statement - println(testCaseContext.getTestCaseStatus())","description":"","startTime":1544782107544,"endTime":1544782107544,"childRecords":[],"interuppted":false},{"index":3,"isIgnoredIfFailed":false,"type":"TEST_STEP","name":"closeBrowser","message":"Browser is closed","description":"","startTime":1544782107544,"endTime":1544782109656,"childRecords":[{"testStatus":{"stackTrace":"","statusValue":"PASSED"},"type":"MESSAGE","name":"","message":"Browser is closed","startTime":1544782109656,"endTime":0,"childRecords":[],"interuppted":false}],"interuppted":false}],"interuppted":false}],"interuppted":false},{"isOptional":false,"type":"TEST_CASE","name":"Test Cases/TestCase/TC1_RegisterMember","id":"Test Cases/TestCase/TC1_RegisterMember","source":"D:\\\\MyDocument\\\\Katalon\\\\KATALON\\\\KatalonTest\\\\Test Cases\\\\TestCase\\\\TC1_RegisterMember.tc","message":"Test Cases/TestCase/TC1_RegisterMember","description":"","startTime":1544782109659,"endTime":1544782174832,"childRecords":[{"testStatus":{"stackTrace":"","statusValue":"INFO"},"type":"MESSAGE","name":"","message":"Evaluating variables for test case","startTime":1544782109660,"endTime":0,"childRecords":[],"interuppted":false},{"index":-1,"isIgnoredIfFailed":false,"type":"TEST_STEP","name":"Start listener action : beforeTestCase","message":"Variable \u0027ShortTimeout\u0027 is not defined for test case.","description":"","startTime":1544782109660,"endTime":1544782140725,"childRecords":[{"index":1,"isIgnoredIfFailed":false,"type":"TEST_STEP","name":"Statement - println(testCaseContext.getTestCaseId())","description":"","startTime":1544782109660,"endTime":1544782109660,"childRecords":[],"interuppted":false},{"index":2,"isIgnoredIfFailed":false,"type":"TEST_STEP","name":"Statement - println(testCaseContext.getTestCaseVariables())","description":"","startTime":1544782109660,"endTime":1544782109660,"childRecords":[],"interuppted":false},{"index":3,"isIgnoredIfFailed":false,"type":"TEST_STEP","name":"openBrowser","message":"Browser is opened with url: \u0027http://13.250.134.32/subrion/\u0027","description":"","startTime":1544782109660,"endTime":1544782140688,"childRecords":[{"testStatus":{"stackTrace":"","statusValue":"PASSED"},"type":"MESSAGE","name":"","message":"Browser is opened with url: \u0027http://13.250.134.32/subrion/\u0027","startTime":1544782140688,"endTime":0,"childRecords":[],"interuppted":false}],"interuppted":false},{"index":4,"isIgnoredIfFailed":false,"type":"TEST_STEP","name":"maximizeWindow","message":"Current window maximized","description":"","startTime":1544782140688,"endTime":1544782140723,"childRecords":[{"testStatus":{"stackTrace":"","statusValue":"PASSED"},"type":"MESSAGE","name":"","message":"Current window maximized","startTime":1544782140722,"endTime":0,"childRecords":[],"interuppted":false}],"interuppted":false},{"index":5,"isIgnoredIfFailed":false,"type":"TEST_STEP","name":"waitForPageLoad","message":"Variable \u0027ShortTimeout\u0027 is not defined for test case.","description":"","startTime":1544782140724,"endTime":1544782140725,"childRecords":[{"testStatus":{"stackTrace":"","statusValue":"ERROR"},"type":"MESSAGE","name":"","message":"Variable \u0027ShortTimeout\u0027 is not defined for test case.","startTime":1544782140725,"endTime":0,"childRecords":[],"interuppted":false}],"interuppted":false}],"interuppted":false},{"index":1,"isIgnoredIfFailed":false,"type":"TEST_STEP","name":"Statement - userName \u003d CustomKeywords.com.kms.cms.MyKeyword.getRandomUser()","message":"com.kms.cms.MyKeyword.getRandomUser is PASSED","description":"PREPARE DATA","startTime":1544782140854,"endTime":1544782140855,"childRecords":[{"testStatus":{"stackTrace":"","statusValue":"PASSED"},"type":"MESSAGE","name":"","message":"com.kms.cms.MyKeyword.getRandomUser is PASSED","startTime":1544782140855,"endTime":0,"childRecords":[],"interuppted":false}],"interuppted":false},{"index":2,"isIgnoredIfFailed":false,"type":"TEST_STEP","name":"Statement - fullName \u003d userName + \"_fullName\"","description":"","startTime":1544782140855,"endTime":1544782140856,"childRecords":[],"interuppted":false},{"index":3,"isIgnoredIfFailed":false,"type":"TEST_STEP","name":"Statement - email \u003d userName + \"@gmail.com\"","description":"","startTime":1544782140856,"endTime":1544782140856,"childRecords":[],"interuppted":false},{"index":4,"isIgnoredIfFailed":false,"type":"TEST_STEP","name":"Statement - passWord \u003d \"BiNouLunM3UiJsgMQbjdfQ\u003d\u003d\"","description":"","startTime":1544782140856,"endTime":1544782140856,"childRecords":[],"interuppted":false},{"index":5,"isIgnoredIfFailed":false,"type":"TEST_STEP","name":"Statement - confirmPass \u003d passWord","description":"","startTime":1544782140857,"endTime":1544782140857,"childRecords":[],"interuppted":false},{"index":6,"isIgnoredIfFailed":false,"type":"TEST_STEP","name":"Comment - \"Step 1: Navigate to CMS Home page\"","description":"","startTime":1544782140857,"endTime":1544782140857,"childRecords":[],"interuppted":false},{"index":7,"isIgnoredIfFailed":false,"type":"TEST_STEP","name":"verifyMatch","message":"Actual text \u0027Home :: Powered by Subrion 4.2\u0027 and expected text \u0027Home :: Powered by Subrion 4.2\u0027 are matched ","description":"VP: Brought to Home page","startTime":1544782140857,"endTime":1544782140863,"childRecords":[{"testStatus":{"stackTrace":"","statusValue":"PASSED"},"type":"MESSAGE","name":"","message":"Current window\u0027s title is: \u0027Home :: Powered by Subrion 4.2\u0027","startTime":1544782140862,"endTime":0,"childRecords":[],"interuppted":false},{"testStatus":{"stackTrace":"","statusValue":"PASSED"},"type":"MESSAGE","name":"","message":"Actual text \u0027Home :: Powered by Subrion 4.2\u0027 and expected text \u0027Home :: Powered by Subrion 4.2\u0027 are matched ","startTime":1544782140862,"endTime":0,"childRecords":[],"interuppted":false}],"interuppted":false},{"index":8,"isIgnoredIfFailed":false,"type":"TEST_STEP","name":"click","message":"Object: \u0027Object Repository/HomePage/lnk_SignUp\u0027 is clicked on","description":"Step 2: Click on \"Sign Up\" link in Main Menu","startTime":1544782140863,"endTime":1544782141680,"childRecords":[{"testStatus":{"stackTrace":"","statusValue":"PASSED"},"type":"MESSAGE","name":"","message":"Object: \u0027Object Repository/HomePage/lnk_SignUp\u0027 is clicked on","startTime":1544782141680,"endTime":0,"childRecords":[],"interuppted":false}],"interuppted":false},{"index":9,"isIgnoredIfFailed":false,"type":"TEST_STEP","name":"callTestCase","message":"Call Test Case \u0027Test Cases/CommonTestcase/CreateNewUser\u0027 successfully","description":"Step 3: Register a Member ","startTime":1544782141680,"endTime":1544782143928,"childRecords":[{"isOptional":false,"type":"TEST_CASE","name":"Test Cases/CommonTestcase/CreateNewUser","id":"Test Cases/CommonTestcase/CreateNewUser","source":"D:\\\\MyDocument\\\\Katalon\\\\KATALON\\\\KatalonTest\\\\Test Cases\\\\CommonTestcase\\\\CreateNewUser.tc","message":"Test Cases/CommonTestcase/CreateNewUser","description":"","startTime":1544782141738,"endTime":1544782143928,"childRecords":[{"testStatus":{"stackTrace":"","statusValue":"INFO"},"type":"MESSAGE","name":"","message":"Evaluating variables for test case","startTime":1544782141742,"endTime":0,"childRecords":[],"interuppted":false},{"index":1,"isIgnoredIfFailed":false,"type":"TEST_STEP","name":"setText","message":"Text \u0027154478214086\u0027 is set on object \u0027Object Repository/RegisterPage/txt_Username\u0027","description":"Step 1: Input value into \"Username\" field","startTime":1544782141743,"endTime":1544782141788,"childRecords":[{"testStatus":{"stackTrace":"","statusValue":"PASSED"},"type":"MESSAGE","name":"","message":"Text \u0027154478214086\u0027 is set on object \u0027Object Repository/RegisterPage/txt_Username\u0027","startTime":1544782141788,"endTime":0,"childRecords":[],"interuppted":false}],"interuppted":false},{"index":2,"isIgnoredIfFailed":false,"type":"TEST_STEP","name":"setText","message":"Text \u0027154478214086_fullName\u0027 is set on object \u0027Object Repository/RegisterPage/txt_Fullname\u0027","description":"Step 2: Input value into \"Full Name\" field","startTime":1544782141788,"endTime":1544782141836,"childRecords":[{"testStatus":{"stackTrace":"","statusValue":"PASSED"},"type":"MESSAGE","name":"","message":"Text \u0027154478214086_fullName\u0027 is set on object \u0027Object Repository/RegisterPage/txt_Fullname\u0027","startTime":1544782141836,"endTime":0,"childRecords":[],"interuppted":false}],"interuppted":false},{"index":3,"isIgnoredIfFailed":false,"type":"TEST_STEP","name":"setText","message":"Text \u0027154478214086@gmail.com\u0027 is set on object \u0027Object Repository/RegisterPage/txt_Email\u0027","description":"Step 3: Input value into \"Email\" field","startTime":1544782141836,"endTime":1544782141878,"childRecords":[{"testStatus":{"stackTrace":"","statusValue":"PASSED"},"type":"MESSAGE","name":"","message":"Text \u0027154478214086@gmail.com\u0027 is set on object \u0027Object Repository/RegisterPage/txt_Email\u0027","startTime":1544782141878,"endTime":0,"childRecords":[],"interuppted":false}],"interuppted":false},{"index":4,"isIgnoredIfFailed":false,"type":"TEST_STEP","name":"selectOptionByLabel","message":"All options with label \u0027Male\u0027 are selected in object \u0027Object Repository/RegisterPage/ddl_Gender\u0027 ","description":"Step 4: Select value into \"Gender\" field","startTime":1544782141878,"endTime":1544782142124,"childRecords":[{"testStatus":{"stackTrace":"","statusValue":"PASSED"},"type":"MESSAGE","name":"","message":"All options with label \u0027Male\u0027 are selected in object \u0027Object Repository/RegisterPage/ddl_Gender\u0027 ","startTime":1544782142123,"endTime":0,"childRecords":[],"interuppted":false}],"interuppted":false},{"index":5,"isIgnoredIfFailed":false,"type":"TEST_STEP","name":"setEncryptedText","message":"Text ****** has been set on object \u0027Object Repository/RegisterPage/txt_Pass\u0027","description":"Step 5: Input value into \"Your password\" field","startTime":1544782142124,"endTime":1544782142177,"childRecords":[{"testStatus":{"stackTrace":"","statusValue":"PASSED"},"type":"MESSAGE","name":"","message":"Text ****** has been set on object \u0027Object Repository/RegisterPage/txt_Pass\u0027","startTime":1544782142177,"endTime":0,"childRecords":[],"interuppted":false}],"interuppted":false},{"index":6,"isIgnoredIfFailed":false,"type":"TEST_STEP","name":"setEncryptedText","message":"Text ****** has been set on object \u0027Object Repository/RegisterPage/txt_Confirmpass\u0027","description":"Step 6: Input value into \"Confirm your password:\" field","startTime":1544782142177,"endTime":1544782142206,"childRecords":[{"testStatus":{"stackTrace":"","statusValue":"PASSED"},"type":"MESSAGE","name":"","message":"Text ****** has been set on object \u0027Object Repository/RegisterPage/txt_Confirmpass\u0027","startTime":1544782142205,"endTime":0,"childRecords":[],"interuppted":false}],"interuppted":false},{"index":7,"isIgnoredIfFailed":false,"type":"TEST_STEP","name":"click","message":"Object: \u0027Object Repository/RegisterPage/btn_Registration\u0027 is clicked on","description":"Step 7: Click on \"Registration\" button ","startTime":1544782142206,"endTime":1544782143928,"childRecords":[{"testStatus":{"stackTrace":"","statusValue":"PASSED"},"type":"MESSAGE","name":"","message":"Object: \u0027Object Repository/RegisterPage/btn_Registration\u0027 is clicked on","startTime":1544782143928,"endTime":0,"childRecords":[],"interuppted":false}],"interuppted":false},{"testStatus":{"stackTrace":"","statusValue":"PASSED"},"type":"MESSAGE","name":"","message":"Test Cases/CommonTestcase/CreateNewUser","startTime":1544782143928,"endTime":0,"childRecords":[],"interuppted":false}],"interuppted":false},{"testStatus":{"stackTrace":"","statusValue":"PASSED"},"type":"MESSAGE","name":"","message":"Call Test Case \u0027Test Cases/CommonTestcase/CreateNewUser\u0027 successfully","startTime":1544782143928,"endTime":0,"childRecords":[],"interuppted":false}],"interuppted":false},{"index":10,"isIgnoredIfFailed":false,"type":"TEST_STEP","name":"verifyMatch","message":"Actual text \u0027Registration :: Powered by Subrion 4.2\u0027 and expected text \u0027Registration :: Powered by Subrion 4.2\u0027 are matched ","description":"VP: Brought to Registration page","startTime":1544782143928,"endTime":1544782143932,"childRecords":[{"testStatus":{"stackTrace":"","statusValue":"PASSED"},"type":"MESSAGE","name":"","message":"Current window\u0027s title is: \u0027Registration :: Powered by Subrion 4.2\u0027","startTime":1544782143931,"endTime":0,"childRecords":[],"interuppted":false},{"testStatus":{"stackTrace":"","statusValue":"PASSED"},"type":"MESSAGE","name":"","message":"Actual text \u0027Registration :: Powered by Subrion 4.2\u0027 and expected text \u0027Registration :: Powered by Subrion 4.2\u0027 are matched ","startTime":1544782143932,"endTime":0,"childRecords":[],"interuppted":false}],"interuppted":false},{"index":11,"isIgnoredIfFailed":false,"type":"TEST_STEP","name":"verifyTextPresent","message":"Text \u0027Member registered! Thank you!\u0027 is present on page ","description":"Step 4: Verify the successful message \"Member registered! Thank you!\" is displayed correctly","startTime":1544782143932,"endTime":1544782144035,"childRecords":[{"testStatus":{"stackTrace":"","statusValue":"PASSED"},"type":"MESSAGE","name":"","message":"Text \u0027Member registered! Thank you!\u0027 is present on page ","startTime":1544782144035,"endTime":0,"childRecords":[],"interuppted":false}],"interuppted":false},{"index":12,"isIgnoredIfFailed":false,"type":"TEST_STEP","name":"verifyTextPresent","message":"Text \u0027154478214086@gmail.com\u0027 is present on page ","description":"Step 5: Verify the registration email is displayed in the information message","startTime":1544782144035,"endTime":1544782144116,"childRecords":[{"testStatus":{"stackTrace":"","statusValue":"PASSED"},"type":"MESSAGE","name":"","message":"Text \u0027154478214086@gmail.com\u0027 is present on page ","startTime":1544782144116,"endTime":0,"childRecords":[],"interuppted":false}],"interuppted":false},{"index":13,"isIgnoredIfFailed":false,"type":"TEST_STEP","name":"callTestCase","message":"Call Test Case \u0027Test Cases/CommonTestcase/DeleteUser\u0027 successfully","description":"CLEAN UP","startTime":1544782144116,"endTime":1544782172778,"childRecords":[{"isOptional":true,"type":"TEST_CASE","name":"Test Cases/CommonTestcase/DeleteUser","id":"Test Cases/CommonTestcase/DeleteUser","source":"D:\\\\MyDocument\\\\Katalon\\\\KATALON\\\\KatalonTest\\\\Test Cases\\\\CommonTestcase\\\\DeleteUser.tc","message":"Test Cases/CommonTestcase/DeleteUser","description":"","startTime":1544782144170,"endTime":1544782172778,"childRecords":[{"testStatus":{"stackTrace":"","statusValue":"INFO"},"type":"MESSAGE","name":"","message":"Evaluating variables for test case","startTime":1544782144175,"endTime":0,"childRecords":[],"interuppted":false},{"index":1,"isIgnoredIfFailed":false,"type":"TEST_STEP","name":"navigateToUrl","message":"Navigate to \u0027http://13.250.134.32/subrion/panel/\u0027 successfully","description":"Step 1: Navigate to Admin page","startTime":1544782144249,"endTime":1544782144632,"childRecords":[{"testStatus":{"stackTrace":"","statusValue":"PASSED"},"type":"MESSAGE","name":"","message":"Navigate to \u0027http://13.250.134.32/subrion/panel/\u0027 successfully","startTime":1544782144632,"endTime":0,"childRecords":[],"interuppted":false}],"interuppted":false},{"index":2,"isIgnoredIfFailed":false,"type":"TEST_STEP","name":"maximizeWindow","message":"Current window maximized","description":"","startTime":1544782144632,"endTime":1544782148145,"childRecords":[{"testStatus":{"stackTrace":"","statusValue":"PASSED"},"type":"MESSAGE","name":"","message":"Current window maximized","startTime":1544782148145,"endTime":0,"childRecords":[],"interuppted":false}],"interuppted":false},{"index":3,"isIgnoredIfFailed":false,"type":"TEST_STEP","name":"callTestCase","message":"Call Test Case \u0027Test Cases/CommonTestcase/LogintoAdminPage\u0027 successfully","description":"Step 2: Login Admin page","startTime":1544782148145,"endTime":1544782149796,"childRecords":[{"isOptional":true,"type":"TEST_CASE","name":"Test Cases/CommonTestcase/LogintoAdminPage","id":"Test Cases/CommonTestcase/LogintoAdminPage","source":"D:\\\\MyDocument\\\\Katalon\\\\KATALON\\\\KatalonTest\\\\Test Cases\\\\CommonTestcase\\\\LogintoAdminPage.tc","message":"Test Cases/CommonTestcase/LogintoAdminPage","description":"","startTime":1544782148200,"endTime":1544782149795,"childRecords":[{"testStatus":{"stackTrace":"","statusValue":"INFO"},"type":"MESSAGE","name":"","message":"Evaluating variables for test case","startTime":1544782148204,"endTime":0,"childRecords":[],"interuppted":false},{"index":1,"isIgnoredIfFailed":false,"type":"TEST_STEP","name":"setText","message":"Text \u0027admin\u0027 is set on object \u0027Object Repository/SubrionAdminPane/txt_userName\u0027","description":"Input username to username textbox","startTime":1544782148290,"endTime":1544782148326,"childRecords":[{"testStatus":{"stackTrace":"","statusValue":"PASSED"},"type":"MESSAGE","name":"","message":"Text \u0027admin\u0027 is set on object \u0027Object Repository/SubrionAdminPane/txt_userName\u0027","startTime":1544782148326,"endTime":0,"childRecords":[],"interuppted":false}],"interuppted":false},{"index":2,"isIgnoredIfFailed":false,"type":"TEST_STEP","name":"setEncryptedText","message":"Text ****** has been set on object \u0027Object Repository/SubrionAdminPane/txt_Password\u0027","description":"Input password to password textbox","startTime":1544782148326,"endTime":1544782148352,"childRecords":[{"testStatus":{"stackTrace":"","statusValue":"PASSED"},"type":"MESSAGE","name":"","message":"Text ****** has been set on object \u0027Object Repository/SubrionAdminPane/txt_Password\u0027","startTime":1544782148352,"endTime":0,"childRecords":[],"interuppted":false}],"interuppted":false},{"index":3,"isIgnoredIfFailed":false,"type":"TEST_STEP","name":"click","message":"Object: \u0027Object Repository/SubrionAdminPane/btn_Login\u0027 is clicked on","description":"Click Log in button","startTime":1544782148352,"endTime":1544782149795,"childRecords":[{"testStatus":{"stackTrace":"","statusValue":"PASSED"},"type":"MESSAGE","name":"","message":"Object: \u0027Object Repository/SubrionAdminPane/btn_Login\u0027 is clicked on","startTime":1544782149795,"endTime":0,"childRecords":[],"interuppted":false}],"interuppted":false},{"testStatus":{"stackTrace":"","statusValue":"PASSED"},"type":"MESSAGE","name":"","message":"Test Cases/CommonTestcase/LogintoAdminPage","startTime":1544782149795,"endTime":0,"childRecords":[],"interuppted":false}],"interuppted":false},{"testStatus":{"stackTrace":"","statusValue":"PASSED"},"type":"MESSAGE","name":"","message":"Call Test Case \u0027Test Cases/CommonTestcase/LogintoAdminPage\u0027 successfully","startTime":1544782149795,"endTime":0,"childRecords":[],"interuppted":false}],"interuppted":false},{"index":4,"isIgnoredIfFailed":false,"type":"TEST_STEP","name":"waitForPageLoad","message":"Wait for page load successfully","description":"Verify Admin page available","startTime":1544782149796,"endTime":1544782149820,"childRecords":[{"testStatus":{"stackTrace":"","statusValue":"PASSED"},"type":"MESSAGE","name":"","message":"Wait for page load successfully","startTime":1544782149819,"endTime":0,"childRecords":[],"interuppted":false}],"interuppted":false},{"index":5,"isIgnoredIfFailed":false,"type":"TEST_STEP","name":"delay","message":"Delayed 10 second(s)","description":"Step 3: Click on \"Member\" menu of main menu","startTime":1544782149820,"endTime":1544782159821,"childRecords":[{"testStatus":{"stackTrace":"","statusValue":"PASSED"},"type":"MESSAGE","name":"","message":"Delayed 10 second(s)","startTime":1544782159821,"endTime":0,"childRecords":[],"interuppted":false}],"interuppted":false},{"index":6,"isIgnoredIfFailed":false,"type":"TEST_STEP","name":"waitForElementClickable","message":"Object \u0027Object Repository/AdminPage/lnk_Members\u0027 is clickable","description":"","startTime":1544782159821,"endTime":1544782159855,"childRecords":[{"testStatus":{"stackTrace":"","statusValue":"PASSED"},"type":"MESSAGE","name":"","message":"Object \u0027Object Repository/AdminPage/lnk_Members\u0027 is clickable","startTime":1544782159855,"endTime":0,"childRecords":[],"interuppted":false}],"interuppted":false},{"index":7,"isIgnoredIfFailed":false,"type":"TEST_STEP","name":"click","message":"Object: \u0027Object Repository/AdminPage/lnk_Members\u0027 is clicked on","description":"","startTime":1544782159855,"endTime":1544782160101,"childRecords":[{"testStatus":{"stackTrace":"","statusValue":"PASSED"},"type":"MESSAGE","name":"","message":"Object: \u0027Object Repository/AdminPage/lnk_Members\u0027 is clicked on","startTime":1544782160101,"endTime":0,"childRecords":[],"interuppted":false}],"interuppted":false},{"index":8,"isIgnoredIfFailed":false,"type":"TEST_STEP","name":"click","message":"Object: \u0027Object Repository/AdminPage/lnk_subMember\u0027 is clicked on","description":"Step 4: Click on \" Member\" menu on Sub menu","startTime":1544782160101,"endTime":1544782161011,"childRecords":[{"testStatus":{"stackTrace":"","statusValue":"PASSED"},"type":"MESSAGE","name":"","message":"Object: \u0027Object Repository/AdminPage/lnk_subMember\u0027 is clicked on","startTime":1544782161011,"endTime":0,"childRecords":[],"interuppted":false}],"interuppted":false},{"index":9,"isIgnoredIfFailed":false,"type":"TEST_STEP","name":"waitForElementVisible","message":"Object \u0027Object Repository/MemberPage/txt_Search\u0027 is visible","description":"Step 5: Click on \"Delete\" icon of created member","startTime":1544782161011,"endTime":1544782161564,"childRecords":[{"testStatus":{"stackTrace":"","statusValue":"PASSED"},"type":"MESSAGE","name":"","message":"Object \u0027Object Repository/MemberPage/txt_Search\u0027 is visible","startTime":1544782161564,"endTime":0,"childRecords":[],"interuppted":false}],"interuppted":false},{"index":10,"isIgnoredIfFailed":false,"type":"TEST_STEP","name":"setText","message":"Text \u0027154478214086\u0027 is set on object \u0027Object Repository/MemberPage/txt_Search\u0027","description":"","startTime":1544782161564,"endTime":1544782161667,"childRecords":[{"testStatus":{"stackTrace":"","statusValue":"PASSED"},"type":"MESSAGE","name":"","message":"Text \u0027154478214086\u0027 is set on object \u0027Object Repository/MemberPage/txt_Search\u0027","startTime":1544782161667,"endTime":0,"childRecords":[],"interuppted":false}],"interuppted":false},{"index":11,"isIgnoredIfFailed":false,"type":"TEST_STEP","name":"click","message":"Object: \u0027Object Repository/MemberPage/btn_Search\u0027 is clicked on","description":"","startTime":1544782161667,"endTime":1544782161966,"childRecords":[{"testStatus":{"stackTrace":"","statusValue":"PASSED"},"type":"MESSAGE","name":"","message":"Object: \u0027Object Repository/MemberPage/btn_Search\u0027 is clicked on","startTime":1544782161966,"endTime":0,"childRecords":[],"interuppted":false}],"interuppted":false},{"index":12,"isIgnoredIfFailed":false,"type":"TEST_STEP","name":"delay","message":"Delayed 10 second(s)","description":"","startTime":1544782161966,"endTime":1544782171965,"childRecords":[{"testStatus":{"stackTrace":"","statusValue":"PASSED"},"type":"MESSAGE","name":"","message":"Delayed 10 second(s)","startTime":1544782171965,"endTime":0,"childRecords":[],"interuppted":false}],"interuppted":false},{"index":13,"isIgnoredIfFailed":false,"type":"TEST_STEP","name":"click","message":"Object: \u0027Object Repository/MemberPage/chk_user\u0027 is clicked on","description":"","startTime":1544782171965,"endTime":1544782172226,"childRecords":[{"testStatus":{"stackTrace":"","statusValue":"PASSED"},"type":"MESSAGE","name":"","message":"Object: \u0027Object Repository/MemberPage/chk_user\u0027 is clicked on","startTime":1544782172226,"endTime":0,"childRecords":[],"interuppted":false}],"interuppted":false},{"index":14,"isIgnoredIfFailed":false,"type":"TEST_STEP","name":"click","message":"Object: \u0027Object Repository/MemberPage/btn_Remove\u0027 is clicked on","description":"","startTime":1544782172227,"endTime":1544782172538,"childRecords":[{"testStatus":{"stackTrace":"","statusValue":"PASSED"},"type":"MESSAGE","name":"","message":"Object: \u0027Object Repository/MemberPage/btn_Remove\u0027 is clicked on","startTime":1544782172537,"endTime":0,"childRecords":[],"interuppted":false}],"interuppted":false},{"index":15,"isIgnoredIfFailed":false,"type":"TEST_STEP","name":"click","message":"Object: \u0027Object Repository/MemberPage/btn_YesConfirm\u0027 is clicked on","description":"Step 6: Select Yes to delete the user","startTime":1544782172538,"endTime":1544782172778,"childRecords":[{"testStatus":{"stackTrace":"","statusValue":"PASSED"},"type":"MESSAGE","name":"","message":"Object: \u0027Object Repository/MemberPage/btn_YesConfirm\u0027 is clicked on","startTime":1544782172778,"endTime":0,"childRecords":[],"interuppted":false}],"interuppted":false},{"testStatus":{"stackTrace":"","statusValue":"PASSED"},"type":"MESSAGE","name":"","message":"Test Cases/CommonTestcase/DeleteUser","startTime":1544782172778,"endTime":0,"childRecords":[],"interuppted":false}],"interuppted":false},{"testStatus":{"stackTrace":"","statusValue":"PASSED"},"type":"MESSAGE","name":"","message":"Call Test Case \u0027Test Cases/CommonTestcase/DeleteUser\u0027 successfully","startTime":1544782172778,"endTime":0,"childRecords":[],"interuppted":false}],"interuppted":false},{"testStatus":{"stackTrace":"","statusValue":"PASSED"},"type":"MESSAGE","name":"","message":"Test Cases/TestCase/TC1_RegisterMember","startTime":1544782172778,"endTime":0,"childRecords":[],"interuppted":false},{"index":-1,"isIgnoredIfFailed":false,"type":"TEST_STEP","name":"Start listener action : afterTestCase","message":"Browser is closed","description":"","startTime":1544782172778,"endTime":1544782174832,"childRecords":[{"index":1,"isIgnoredIfFailed":false,"type":"TEST_STEP","name":"Statement - println(testCaseContext.getTestCaseId())","description":"","startTime":1544782172779,"endTime":1544782172779,"childRecords":[],"interuppted":false},{"index":2,"isIgnoredIfFailed":false,"type":"TEST_STEP","name":"Statement - println(testCaseContext.getTestCaseStatus())","description":"","startTime":1544782172779,"endTime":1544782172779,"childRecords":[],"interuppted":false},{"index":3,"isIgnoredIfFailed":false,"type":"TEST_STEP","name":"closeBrowser","message":"Browser is closed","description":"","startTime":1544782172779,"endTime":1544782174832,"childRecords":[{"testStatus":{"stackTrace":"","statusValue":"PASSED"},"type":"MESSAGE","name":"","message":"Browser is closed","startTime":1544782174832,"endTime":0,"childRecords":[],"interuppted":false}],"interuppted":false}],"interuppted":false}],"interuppted":false}],"interuppted":false}